pattern_type_id,pattern_boundary_type,pattern_duration_weeks,pattern_height_pct,measured_move_target_pct,reward_risk_ratio,pattern_touches_upper,pattern_touches_lower,breakout_direction,trend_direction_lt,weekly_chart_alignment,breakout_strength_pct,gap_breakout,last_day_rule_stop_pct,oi_change_in_pattern_pct,volume_breakout_vs_avg,news_sentiment_vs_pattern,pattern_obviousness_score,symbol,entry_date,entry_price,breakout_success
6.0,0.0,12.0,75.197,75.197,1.14,1.0,1.0,-1.0,1.0,0.0,-72.369,0.0,65.973,0.0,0.626,0.0,1.0,RELIANCE,2020-06-29 00:00:00,795.2334594726562,0
6.0,0.0,12.0,59.804,59.804,1.194,1.0,1.0,-1.0,1.0,0.0,-64.077,0.0,50.07,0.0,0.608,0.0,1.0,RELIANCE,2020-07-06 00:00:00,854.6054077148438,0
5.0,0.0,12.0,39.954,39.954,13.947,1.0,1.0,1.0,1.0,1.0,-0.348,0.0,2.865,0.0,0.906,0.0,1.0,RELIANCE,2020-07-13 00:00:00,893.002197265625,0
5.0,0.0,12.0,33.7,33.7,8.742,1.0,2.0,1.0,1.0,1.0,-3.391,0.0,3.855,0.0,1.003,0.0,1.0,RELIANCE,2020-07-20 00:00:00,886.0335083007812,0
5.0,0.0,12.0,35.878,35.878,8.715,1.0,1.0,1.0,1.0,1.0,-0.779,0.0,4.117,0.0,2.479,0.0,1.0,RELIANCE,2020-07-27 00:00:00,995.0859375,0
5.0,0.0,12.0,38.982,38.982,56.35,2.0,1.0,1.0,1.0,1.0,-5.99,0.0,0.692,0.0,1.492,0.0,1.0,RELIANCE,2020-08-03 00:00:00,927.1531982421875,0
5.0,0.0,12.0,37.541,37.541,30.697,3.0,1.0,1.0,1.0,1.0,-2.381,0.0,1.223,0.0,0.673,0.0,1.0,RELIANCE,2020-08-10 00:00:00,978.3104248046875,0
9.0,0.0,3.0,9.926,9.926,1.267,3.0,2.0,-1.0,1.0,0.0,-5.677,0.0,7.837,0.0,0.613,0.0,0.293,RELIANCE,2020-08-17 00:00:00,965.15771484375,0
9.0,0.0,4.0,9.926,9.926,1.631,3.0,2.0,-1.0,1.0,0.0,-4.079,0.0,6.087,0.0,0.528,0.0,0.326,RELIANCE,2020-08-24 00:00:00,967.1882934570312,0
9.0,0.0,5.0,9.926,9.926,1.497,3.0,2.0,-1.0,1.0,0.0,-5.794,0.0,6.632,0.0,0.604,0.0,0.34,RELIANCE,2020-08-31 00:00:00,960.2427368164062,0
6.0,0.0,12.0,39.497,39.497,1.322,3.0,1.0,-1.0,1.0,0.0,-33.063,1.0,29.878,0.0,0.6,0.0,1.0,RELIANCE,2020-09-07 00:00:00,961.1426391601562,0
10.0,0.0,2.6,13.832,13.832,46.106,2.0,2.0,1.0,1.0,1.0,-1.075,0.0,0.3,0.0,1.301,0.0,0.449,RELIANCE,2020-09-14 00:00:00,1062.62646484375,0
10.0,0.0,3.6,14.954,14.954,49.847,2.0,2.0,1.0,1.0,1.0,-2.686,0.0,0.3,0.0,0.785,0.0,0.518,RELIANCE,2020-09-21 00:00:00,1041.074462890625,0
10.0,0.0,4.6,14.954,14.954,48.523,2.0,2.0,1.0,1.0,1.0,-7.076,0.0,0.308,0.0,0.703,0.0,0.512,RELIANCE,2020-09-28 00:00:00,1022.7990112304688,0
7.0,0.0,1.2,13.774,13.774,45.913,1.0,1.0,1.0,1.0,1.0,-5.661,0.0,0.3,0.0,0.389,0.0,0.431,RELIANCE,2020-10-06 00:00:00,1020.076171875,0
13.0,1.0,5.0,13.721,13.721,2.272,2.0,1.0,1.0,0.0,0.0,-5.584,0.0,6.04,0.0,0.407,0.0,0.562,RELIANCE,2020-10-13 00:00:00,1052.542724609375,0
13.0,1.0,6.0,13.721,13.721,1.518,2.0,1.0,1.0,0.0,0.0,-8.152,0.0,9.04,0.0,0.94,0.0,0.551,RELIANCE,2020-10-20 00:00:00,994.947509765625,0
13.0,1.0,7.0,17.163,17.163,6.081,2.0,1.0,-1.0,0.0,0.0,-0.525,0.0,2.823,0.0,1.146,0.0,0.594,RELIANCE,2020-10-27 00:00:00,938.9214477539062,0
13.0,1.0,8.0,24.958,24.958,83.193,2.0,1.0,-1.0,0.0,0.0,-0.984,0.0,0.3,0.0,2.9,0.0,0.838,RELIANCE,2020-11-03 00:00:00,853.9592895507812,0
6.0,0.0,12.0,26.052,26.052,29.194,2.0,2.0,-1.0,0.0,0.0,-11.749,0.0,0.892,0.0,0.993,0.0,0.928,RELIANCE,2020-11-10 00:00:00,962.0194702148438,0
6.0,0.0,12.0,26.682,26.682,41.096,2.0,2.0,-1.0,0.0,0.0,-9.111,0.0,0.649,0.0,0.142,0.0,0.906,RELIANCE,2020-11-17 00:00:00,919.884521484375,0
6.0,0.0,12.0,27.388,27.388,27.681,2.0,2.0,-1.0,-1.0,1.0,-6.299,0.0,0.989,0.0,1.211,0.0,0.886,RELIANCE,2020-11-24 00:00:00,906.4087524414062,0
6.0,0.0,12.0,27.329,27.329,47.07,2.0,2.0,-1.0,-1.0,1.0,-6.528,0.0,0.581,0.0,0.532,0.0,0.909,RELIANCE,2020-12-02 00:00:00,903.6859130859375,0
5.0,0.0,12.0,23.203,23.203,1.515,2.0,2.0,1.0,-1.0,0.0,-15.852,0.0,15.311,0.0,1.268,0.0,0.975,RELIANCE,2020-12-09 00:00:00,935.4370727539062,0
5.0,0.0,12.0,22.204,22.204,1.699,1.0,2.0,1.0,-1.0,0.0,-15.482,0.0,13.066,0.0,0.557,0.0,0.936,RELIANCE,2020-12-16 00:00:00,912.177490234375,0
5.0,0.0,12.0,21.383,21.383,1.446,2.0,2.0,1.0,-1.0,0.0,-16.124,0.0,14.791,0.0,0.863,0.0,0.885,RELIANCE,2020-12-23 00:00:00,897.0864868164062,0
5.0,0.0,12.0,21.44,21.44,2.018,2.0,2.0,1.0,-1.0,0.0,-13.577,0.0,10.623,0.0,0.68,0.0,0.898,RELIANCE,2020-12-31 00:00:00,916.2156372070312,0
5.0,0.0,12.0,20.559,20.559,1.249,1.0,2.0,1.0,-1.0,0.0,-16.916,0.0,16.466,0.0,1.432,0.0,0.907,RELIANCE,2021-01-07 00:00:00,881.9954223632812,0
9.0,0.0,4.6,9.319,9.319,13.195,1.0,1.0,-1.0,0.0,0.0,-4.503,0.0,0.706,0.0,1.064,0.0,0.412,RELIANCE,2021-01-14 00:00:00,904.8165893554688,0
9.0,0.0,5.6,10.339,10.339,2.092,1.0,1.0,-1.0,0.0,0.0,-10.751,0.0,4.941,0.0,1.21,0.0,0.448,RELIANCE,2021-01-21 00:00:00,968.8727416992188,1
9.0,0.0,5.0,17.596,17.596,1.0,1.0,1.0,-1.0,0.0,0.0,-17.178,0.0,17.596,0.0,1.195,0.0,0.565,RELIANCE,2021-02-26 00:00:00,962.5963745117188,0
5.0,0.0,12.0,17.919,17.919,21.482,1.0,1.0,1.0,1.0,1.0,-1.984,0.0,0.834,0.0,0.796,0.0,0.766,RELIANCE,2021-03-05 00:00:00,1005.4696655273438,0
5.0,0.0,12.0,18.801,18.801,29.336,1.0,1.0,1.0,1.0,1.0,-4.225,0.0,0.641,0.0,0.634,0.0,0.757,RELIANCE,2021-03-15 00:00:00,973.2570190429688,0
20.0,1.0,9.6,21.962,21.962,1.512,1.0,1.0,-1.0,0.0,0.0,-13.77,1.0,14.527,0.0,1.547,0.0,0.685,RELIANCE,2021-03-22 00:00:00,951.7972412109375,0
0.0,0.0,5.2,13.044,13.044,7.533,1.0,2.0,-1.0,0.0,0.0,-1.061,0.0,1.732,0.0,0.939,0.0,0.426,RELIANCE,2021-03-30 00:00:00,936.5216064453125,0
0.0,0.0,6.2,13.653,13.653,9.336,1.0,2.0,-1.0,0.0,0.0,-1.131,0.0,1.463,0.0,0.683,0.0,0.462,RELIANCE,2021-04-07 00:00:00,924.31494140625,0
12.0,0.0,6.8,14.86,14.86,1.056,1.0,1.0,1.0,0.0,0.0,-13.446,0.0,14.071,0.0,0.959,0.0,0.593,RELIANCE,2021-04-15 00:00:00,897.2941284179688,1
6.0,0.0,12.0,21.082,21.082,49.925,1.0,1.0,-1.0,0.0,0.0,-4.175,0.0,0.422,0.0,0.618,0.0,0.745,RELIANCE,2021-04-23 00:00:00,878.8572387695312,0
6.0,0.0,12.0,21.819,21.819,1.984,1.0,1.0,-1.0,0.0,0.0,-10.604,0.0,10.996,0.0,0.807,0.0,0.774,RELIANCE,2021-04-30 00:00:00,920.46142578125,0
9.0,0.0,4.0,9.069,9.069,2.919,2.0,1.0,-1.0,-1.0,1.0,-2.893,0.0,3.107,0.0,0.815,0.0,0.451,RELIANCE,2021-05-07 00:00:00,891.5023193359375,0
1.0,0.0,5.4,8.332,8.332,1.244,2.0,1.0,1.0,-1.0,0.0,-5.354,0.0,6.696,0.0,0.79,0.0,0.46,RELIANCE,2021-05-17 00:00:00,904.7012329101562,1
1.0,0.0,6.4,8.335,8.335,3.043,2.0,1.0,1.0,-1.0,0.0,-2.167,0.0,2.739,0.0,0.668,0.0,0.469,RELIANCE,2021-05-24 00:00:00,916.3771362304688,1
5.0,0.0,12.0,16.956,16.956,3.389,1.0,1.0,1.0,-1.0,0.0,-6.143,0.0,5.003,0.0,3.079,0.0,0.777,RELIANCE,2021-05-31 00:00:00,996.9780883789062,0
5.0,0.0,12.0,17.042,17.042,56.806,1.0,1.0,1.0,1.0,1.0,-2.644,0.0,0.3,0.0,0.772,0.0,0.816,RELIANCE,2021-06-07 00:00:00,1027.9447021484375,0
5.0,0.0,12.0,16.867,16.867,11.295,2.0,1.0,1.0,1.0,1.0,-1.638,0.0,1.493,0.0,0.749,0.0,0.837,RELIANCE,2021-06-14 00:00:00,1036.02099609375,0
5.0,0.0,12.0,17.891,17.891,9.642,1.0,1.0,1.0,1.0,1.0,-2.165,0.0,1.856,0.0,1.63,0.0,0.934,RELIANCE,2021-06-21 00:00:00,1032.490478515625,0
5.0,0.0,12.0,18.922,18.922,17.054,1.0,1.0,1.0,1.0,1.0,-7.493,0.0,1.11,0.0,2.828,0.0,0.919,RELIANCE,2021-06-28 00:00:00,962.6886596679688,0
5.0,0.0,12.0,18.703,18.703,11.03,1.0,1.0,1.0,1.0,1.0,-6.411,0.0,1.696,0.0,0.71,0.0,0.942,RELIANCE,2021-07-05 00:00:00,992.3169555664062,0
6.0,0.0,12.0,20.48,20.48,2.701,1.0,1.0,-1.0,0.0,0.0,-10.364,0.0,7.581,0.0,0.472,0.0,0.961,RELIANCE,2021-07-12 00:00:00,961.8118286132812,0
6.0,0.0,12.0,19.931,19.931,1.804,1.0,1.0,-1.0,1.0,0.0,-11.452,0.0,11.048,0.0,0.479,0.0,0.936,RELIANCE,2021-07-19 00:00:00,968.6651000976562,0
6.0,0.0,12.0,18.496,18.496,2.916,1.0,6.0,-1.0,1.0,0.0,-8.964,0.0,6.342,0.0,0.698,0.0,0.923,RELIANCE,2021-07-27 00:00:00,948.3821411132812,0
6.0,0.0,12.0,19.097,19.097,2.498,1.0,3.0,-1.0,0.0,0.0,-8.736,0.0,7.643,0.0,0.635,0.0,0.927,RELIANCE,2021-08-03 00:00:00,963.4962768554688,0
9.0,0.0,5.0,6.706,6.706,5.846,4.0,1.0,-1.0,0.0,0.0,-3.02,0.0,1.147,0.0,0.694,0.0,0.432,RELIANCE,2021-08-10 00:00:00,963.6347045898438,0
1.0,0.0,5.2,8.604,8.604,4.396,1.0,1.0,1.0,0.0,0.0,-1.339,0.0,1.957,0.0,1.962,0.0,0.54,RELIANCE,2021-08-17 00:00:00,998.801025390625,1
1.0,0.0,6.2,8.559,8.559,7.092,2.0,1.0,1.0,0.0,0.0,-0.876,0.0,1.207,0.0,1.068,0.0,0.534,RELIANCE,2021-08-25 00:00:00,1016.49951171875,1
5.0,0.0,12.0,11.846,11.846,16.824,3.0,1.0,1.0,0.0,0.0,-1.121,1.0,0.704,0.0,1.746,0.0,0.687,RELIANCE,2021-09-01 00:00:00,1046.2662353515625,1
5.0,0.0,12.0,18.999,18.999,16.047,1.0,1.0,1.0,1.0,1.0,-1.577,0.0,1.184,0.0,1.099,0.0,1.0,RELIANCE,2021-09-08 00:00:00,1122.067626953125,0
5.0,0.0,12.0,19.499,19.499,47.321,1.0,1.0,1.0,1.0,1.0,-4.101,0.0,0.412,0.0,0.596,0.0,1.0,RELIANCE,2021-09-16 00:00:00,1120.6138916015625,0
5.0,0.0,12.0,19.08,19.08,14.38,1.0,1.0,1.0,1.0,1.0,-1.996,0.0,1.327,0.0,0.819,0.0,1.0,RELIANCE,2021-09-23 00:00:00,1149.0885009765625,0
5.0,0.0,12.0,21.906,21.906,70.993,2.0,1.0,1.0,1.0,1.0,-1.64,1.0,0.309,0.0,0.742,0.0,1.0,RELIANCE,2021-09-30 00:00:00,1162.6334228515625,0
5.0,0.0,12.0,23.583,23.583,68.995,2.0,1.0,1.0,1.0,1.0,-2.294,1.0,0.342,0.0,0.778,0.0,1.0,RELIANCE,2021-10-07 00:00:00,1187.1622314453125,0
5.0,0.0,12.0,26.114,26.114,27.437,2.0,1.0,1.0,1.0,1.0,-0.921,0.0,0.952,0.0,0.745,0.0,1.0,RELIANCE,2021-10-14 00:00:00,1246.234130859375,0
5.0,0.0,12.0,28.031,28.031,38.088,3.0,1.0,1.0,1.0,1.0,-4.683,0.0,0.736,0.0,1.521,0.0,1.0,RELIANCE,2021-10-22 00:00:00,1212.544677734375,0
6.0,0.0,12.0,32.913,32.913,1.249,3.0,3.0,-1.0,1.0,0.0,-25.889,0.0,26.354,0.0,0.724,0.0,1.0,RELIANCE,2021-10-29 00:00:00,1170.47900390625,0
6.0,0.0,12.0,32.451,32.451,1.626,3.0,2.0,-1.0,1.0,0.0,-20.499,0.0,19.964,0.0,0.127,0.0,1.0,RELIANCE,2021-11-08 00:00:00,1154.6495361328125,0
6.0,0.0,12.0,28.603,28.603,1.425,3.0,2.0,-1.0,1.0,0.0,-21.61,0.0,20.076,0.0,0.649,0.0,1.0,RELIANCE,2021-11-15 00:00:00,1189.654296875,0
6.0,0.0,12.0,25.935,25.935,2.318,3.0,1.0,-1.0,0.0,0.0,-8.424,1.0,11.187,0.0,1.787,0.0,1.0,RELIANCE,2021-11-23 00:00:00,1101.0693359375,0
6.0,0.0,12.0,21.894,21.894,2.131,3.0,2.0,-1.0,0.0,0.0,-8.271,0.0,10.273,0.0,1.713,0.0,0.851,RELIANCE,2021-11-30 00:00:00,1110.0916748046875,0
6.0,0.0,12.0,18.723,18.723,7.089,3.0,1.0,-1.0,0.0,0.0,-2.321,0.0,2.641,0.0,0.744,0.0,0.748,RELIANCE,2021-12-07 00:00:00,1099.223388671875,0
1.0,0.0,5.0,12.582,12.582,41.942,2.0,1.0,1.0,0.0,0.0,-7.4,1.0,0.3,0.0,0.831,0.0,0.468,RELIANCE,2021-12-14 00:00:00,1098.4388427734375,0
6.0,0.0,12.0,22.142,22.142,12.451,3.0,1.0,-1.0,-1.0,1.0,-1.346,1.0,1.778,0.0,1.052,0.0,0.843,RELIANCE,2021-12-21 00:00:00,1066.6414794921875,0
6.0,0.0,12.0,21.274,21.274,65.064,3.0,1.0,-1.0,-1.0,1.0,-5.48,0.0,0.327,0.0,0.303,0.0,0.85,RELIANCE,2021-12-28 00:00:00,1106.8612060546875,0
5.0,0.0,12.0,19.602,19.602,2.414,3.0,1.0,1.0,-1.0,0.0,-12.63,0.0,8.119,0.0,0.405,0.0,0.863,RELIANCE,2022-01-04 00:00:00,1134.4127197265625,0
1.0,0.0,5.2,9.631,9.631,32.104,4.0,1.0,1.0,-1.0,0.0,-1.574,0.0,0.3,0.0,0.778,0.0,0.492,RELIANCE,2022-01-11 00:00:00,1133.2359619140625,0
1.0,0.0,6.2,13.527,13.527,45.09,2.0,1.0,1.0,0.0,0.0,-0.586,0.0,0.3,0.0,0.656,0.0,0.701,RELIANCE,2022-01-18 00:00:00,1163.810302734375,0
1.0,0.0,7.2,13.642,13.642,45.474,3.0,1.0,1.0,0.0,0.0,-7.377,0.0,0.3,0.0,1.759,0.0,0.658,RELIANCE,2022-01-25 00:00:00,1095.2545166015625,0
10.0,0.0,4.6,10.217,10.217,1.191,3.0,2.0,1.0,0.0,0.0,-7.346,1.0,8.577,0.0,0.93,0.0,0.504,RELIANCE,2022-02-02 00:00:00,1100.0079345703125,1
0.0,0.0,5.8,11.481,11.481,3.483,3.0,4.0,-1.0,0.0,0.0,-2.215,0.0,3.296,0.0,0.885,0.0,0.525,RELIANCE,2022-02-09 00:00:00,1099.98486328125,0
0.0,0.0,6.8,11.538,11.538,1.743,3.0,5.0,-1.0,0.0,0.0,-4.9,0.0,6.619,0.0,0.834,0.0,0.531,RELIANCE,2022-02-16 00:00:00,1113.5760498046875,0
0.0,0.0,7.8,11.595,11.595,1.961,3.0,5.0,-1.0,0.0,0.0,-3.644,1.0,5.913,0.0,1.028,0.0,0.538,RELIANCE,2022-02-23 00:00:00,1095.6236572265625,0
10.0,0.0,5.0,8.816,8.816,2.335,2.0,2.0,1.0,0.0,0.0,-2.355,0.0,3.776,0.0,1.561,0.0,0.402,RELIANCE,2022-03-03 00:00:00,1097.5850830078125,0
0.0,0.0,5.2,12.461,12.461,1.858,2.0,1.0,-1.0,0.0,0.0,-7.986,0.0,6.708,0.0,1.503,0.0,0.486,RELIANCE,2022-03-10 00:00:00,1104.02294921875,0
0.0,0.0,6.2,12.578,12.578,1.314,2.0,1.0,-1.0,0.0,0.0,-10.245,0.0,9.573,0.0,0.825,0.0,0.496,RELIANCE,2022-03-17 00:00:00,1145.30419921875,0
0.0,0.0,7.2,18.566,18.566,0.992,1.0,1.0,-1.0,0.0,0.0,-18.287,1.0,18.71,0.0,0.941,0.0,0.709,RELIANCE,2022-03-25 00:00:00,1197.984375,0
0.0,0.0,8.2,23.56,23.56,0.989,1.0,1.0,-1.0,0.0,0.0,-20.86,0.0,23.815,0.0,0.959,0.0,0.915,RELIANCE,2022-04-01 00:00:00,1225.67431640625,0
5.0,0.0,12.0,19.745,19.745,65.815,2.0,1.0,1.0,1.0,1.0,-4.284,0.0,0.3,0.0,1.118,0.0,0.937,RELIANCE,2022-04-08 00:00:00,1207.1220703125,0
5.0,0.0,12.0,19.97,19.97,23.039,2.0,1.0,1.0,1.0,1.0,-5.363,0.0,0.867,0.0,0.731,0.0,0.923,RELIANCE,2022-04-19 00:00:00,1218.728759765625,0
5.0,0.0,12.0,23.08,23.08,19.841,2.0,1.0,1.0,1.0,1.0,-3.819,0.0,1.163,0.0,1.195,0.0,1.0,RELIANCE,2022-04-26 00:00:00,1280.9620361328125,0
5.0,0.0,12.0,24.318,24.318,30.185,2.0,1.0,1.0,1.0,1.0,-2.65,0.0,0.806,0.0,0.663,0.0,1.0,RELIANCE,2022-05-04 00:00:00,1243.1190185546875,0
6.0,0.0,12.0,28.368,28.368,4.725,2.0,1.0,-1.0,0.0,0.0,-13.516,1.0,6.004,0.0,1.305,0.0,1.0,RELIANCE,2022-05-11 00:00:00,1130.3515625,0
6.0,0.0,12.0,28.481,28.481,2.562,2.0,1.0,-1.0,1.0,0.0,-19.993,0.0,11.118,0.0,0.855,0.0,1.0,RELIANCE,2022-05-25 00:00:00,1205.4376220703125,0
17.0,1.0,5.0,19.714,19.714,2.285,2.0,1.0,-1.0,1.0,0.0,-11.082,0.0,8.627,0.0,3.685,0.0,0.656,RELIANCE,2022-06-01 00:00:00,1215.35986328125,0
0.0,0.0,10.4,22.459,22.459,0.958,2.0,1.0,-1.0,0.0,0.0,-10.89,0.0,23.433,0.0,0.862,0.0,0.719,RELIANCE,2022-06-15 00:00:00,1198.1920166015625,0
0.0,0.0,11.4,22.932,22.932,1.027,2.0,1.0,-1.0,0.0,0.0,-9.034,0.0,22.332,0.0,0.693,0.0,0.71,RELIANCE,2022-06-22 00:00:00,1156.333984375,0
1.0,0.0,10.2,17.426,17.426,1.58,2.0,1.0,1.0,0.0,0.0,-11.5,0.0,11.032,0.0,0.766,0.0,0.678,RELIANCE,2022-06-29 00:00:00,1190.73876953125,0
1.0,0.0,11.2,17.656,17.656,1.347,2.0,3.0,1.0,-1.0,0.0,-14.807,0.0,13.11,0.0,0.909,0.0,0.662,RELIANCE,2022-07-06 00:00:00,1113.068359375,0
13.0,1.0,10.4,20.767,20.767,6.575,1.0,5.0,-1.0,-1.0,1.0,-2.345,0.0,3.159,0.0,0.557,0.0,0.686,RELIANCE,2022-07-13 00:00:00,1097.2388916015625,0
19.0,1.0,5.0,12.407,12.407,3.819,1.0,5.0,-1.0,0.0,0.0,-3.049,0.0,3.249,0.0,0.827,0.0,0.445,RELIANCE,2022-07-20 00:00:00,1155.134033203125,0
13.0,1.0,10.8,19.127,19.127,5.733,2.0,6.0,-1.0,0.0,0.0,-2.389,0.0,3.336,0.0,0.595,0.0,0.691,RELIANCE,2022-07-27 00:00:00,1116.46044921875,0
1.0,0.0,5.8,10.055,10.055,33.516,2.0,5.0,1.0,0.0,0.0,-1.195,0.0,0.3,0.0,0.719,0.0,0.437,RELIANCE,2022-08-03 00:00:00,1202.830078125,0
1.0,0.0,6.8,10.237,10.237,34.122,4.0,5.0,1.0,0.0,0.0,-1.347,0.0,0.3,0.0,0.583,0.0,0.446,RELIANCE,2022-08-11 00:00:00,1195.792236328125,0
5.0,0.0,12.0,16.997,16.997,21.438,2.0,5.0,1.0,0.0,0.0,-5.539,0.0,0.793,0.0,0.426,0.0,0.761,RELIANCE,2022-08-19 00:00:00,1206.2913818359375,0
5.0,0.0,12.0,17.177,17.177,41.5,2.0,5.0,1.0,0.0,0.0,-6.577,0.0,0.414,0.0,0.492,0.0,0.785,RELIANCE,2022-08-26 00:00:00,1208.20654296875,0
9.0,0.0,2.4,5.847,5.847,19.49,3.0,1.0,-1.0,0.0,0.0,-0.19,0.0,0.3,0.0,1.058,0.0,0.312,RELIANCE,2022-09-05 00:00:00,1185.9622802734375,0
9.0,0.0,3.4,5.847,5.847,6.3,3.0,2.0,-1.0,0.0,0.0,-1.726,0.0,0.928,0.0,0.734,0.0,0.336,RELIANCE,2022-09-12 00:00:00,1198.9996337890625,0
4.0,0.0,5.6,7.36,7.36,6.809,3.0,1.0,-1.0,0.0,0.0,-0.329,1.0,1.081,0.0,1.823,0.0,0.421,RELIANCE,2022-09-19 00:00:00,1154.8802490234375,0
4.0,0.0,6.6,9.534,9.534,31.78,3.0,1.0,-1.0,0.0,0.0,-0.14,0.0,0.3,0.0,0.884,0.0,0.548,RELIANCE,2022-09-26 00:00:00,1097.1466064453125,0
6.0,0.0,12.0,15.388,15.388,15.089,3.0,2.0,-1.0,0.0,0.0,-2.888,1.0,1.02,0.0,1.435,0.0,0.781,RELIANCE,2022-10-03 00:00:00,1093.52392578125,0
6.0,0.0,12.0,15.39,15.39,9.136,3.0,2.0,-1.0,0.0,0.0,-4.102,1.0,1.685,0.0,0.516,0.0,0.801,RELIANCE,2022-10-11 00:00:00,1088.17041015625,0
6.0,0.0,12.0,15.19,15.19,50.635,3.0,2.0,-1.0,0.0,0.0,-4.23,1.0,0.3,0.0,1.408,0.0,0.794,RELIANCE,2022-10-18 00:00:00,1131.25146484375,0
10.0,0.0,3.2,8.851,8.851,29.503,3.0,1.0,1.0,0.0,0.0,-1.899,0.0,0.3,0.0,0.32,0.0,0.447,RELIANCE,2022-10-25 00:00:00,1126.77490234375,1
13.0,1.0,6.8,13.791,13.791,1.103,1.0,2.0,-1.0,0.0,0.0,-9.47,0.0,12.505,0.0,1.215,0.0,0.648,RELIANCE,2022-11-02 00:00:00,1174.8170166015625,0
5.0,0.0,12.0,14.051,14.051,26.229,3.0,2.0,1.0,0.0,0.0,-2.723,0.0,0.536,0.0,1.008,0.0,0.789,RELIANCE,2022-11-10 00:00:00,1187.2083740234375,0
5.0,0.0,12.0,13.735,13.735,11.046,3.0,2.0,1.0,0.0,0.0,-2.908,0.0,1.243,0.0,0.867,0.0,0.769,RELIANCE,2022-11-17 00:00:00,1199.461181640625,0
5.0,0.0,12.0,13.14,13.14,5.232,4.0,2.0,1.0,0.0,0.0,-3.689,1.0,2.511,0.0,0.586,0.0,0.754,RELIANCE,2022-11-24 00:00:00,1190.2542724609375,0
5.0,0.0,12.0,15.906,15.906,13.106,1.0,2.0,1.0,0.0,0.0,-0.514,0.0,1.214,0.0,2.394,0.0,0.919,RELIANCE,2022-12-01 00:00:00,1256.802490234375,0
5.0,0.0,12.0,16.752,16.752,53.174,3.0,2.0,1.0,1.0,1.0,-3.793,0.0,0.315,0.0,0.765,0.0,0.929,RELIANCE,2022-12-08 00:00:00,1222.62841796875,0
5.0,0.0,12.0,16.976,16.976,56.586,3.0,2.0,1.0,1.0,1.0,-5.064,1.0,0.3,0.0,0.667,0.0,0.942,RELIANCE,2022-12-15 00:00:00,1189.9080810546875,0
6.0,0.0,12.0,18.676,18.676,1.737,3.0,2.0,-1.0,1.0,0.0,-11.835,0.0,10.754,0.0,0.779,0.0,0.927,RELIANCE,2022-12-22 00:00:00,1189.654296875,0
0.0,0.0,6.6,10.144,10.144,33.813,3.0,3.0,-1.0,0.0,0.0,-2.094,0.0,0.3,0.0,0.754,0.0,0.552,RELIANCE,2022-12-29 00:00:00,1173.7325439453125,0
0.0,0.0,7.6,10.066,10.066,33.553,3.0,3.0,-1.0,0.0,0.0,-1.055,0.0,0.3,0.0,0.97,0.0,0.576,RELIANCE,2023-01-05 00:00:00,1160.233642578125,0
10.0,0.0,2.8,4.411,4.411,1.965,2.0,3.0,1.0,0.0,0.0,-3.064,0.0,2.245,0.0,1.387,0.0,0.27,RELIANCE,2023-01-12 00:00:00,1140.6429443359375,0
10.0,0.0,3.8,6.941,6.941,1.509,2.0,2.0,1.0,0.0,0.0,-5.038,0.0,4.601,0.0,1.329,0.0,0.419,RELIANCE,2023-01-19 00:00:00,1140.8507080078125,0
0.0,0.0,3.6,9.617,9.617,3.493,2.0,2.0,-1.0,-1.0,1.0,-0.107,0.0,2.753,0.0,1.035,0.0,0.552,RELIANCE,2023-01-27 00:00:00,1078.6866455078125,0
0.0,0.0,4.6,13.29,13.29,5.755,2.0,4.0,-1.0,-1.0,1.0,-1.128,0.0,2.309,0.0,0.986,0.0,0.673,RELIANCE,2023-02-03 00:00:00,1074.8331298828125,0
0.0,0.0,5.6,13.973,13.973,2.392,2.0,3.0,-1.0,-1.0,1.0,-2.75,0.0,5.842,0.0,0.905,0.0,0.708,RELIANCE,2023-02-10 00:00:00,1078.3636474609375,0
0.0,0.0,6.6,14.325,14.325,1.123,2.0,3.0,-1.0,-1.0,1.0,-5.977,0.0,12.76,0.0,1.154,0.0,0.703,RELIANCE,2023-02-17 00:00:00,1126.15185546875,0
5.0,0.0,12.0,16.965,16.965,1.276,2.0,3.0,1.0,-1.0,0.0,-14.065,0.0,13.291,0.0,0.792,0.0,1.0,RELIANCE,2023-02-24 00:00:00,1100.0771484375,0
5.0,0.0,12.0,14.042,14.042,1.135,2.0,3.0,1.0,-1.0,0.0,-12.719,0.0,12.368,0.0,0.74,0.0,0.865,RELIANCE,2023-03-03 00:00:00,1100.8616943359375,0
5.0,0.0,12.0,13.187,13.187,1.291,2.0,3.0,1.0,0.0,0.0,-11.785,0.0,10.212,0.0,1.023,0.0,0.783,RELIANCE,2023-03-13 00:00:00,1054.29638671875,0
5.0,0.0,12.0,15.665,15.665,1.106,3.0,2.0,1.0,-1.0,0.0,-14.693,0.0,14.163,0.0,2.44,0.0,0.927,RELIANCE,2023-03-20 00:00:00,1015.8765258789062,1
5.0,0.0,12.0,16.75,16.75,1.234,2.0,1.0,1.0,-1.0,0.0,-15.453,0.0,13.577,0.0,0.844,0.0,0.997,RELIANCE,2023-03-27 00:00:00,1032.62890625,0
5.0,0.0,12.0,16.945,16.945,2.14,2.0,1.0,1.0,-1.0,0.0,-10.535,1.0,7.918,0.0,0.666,0.0,0.971,RELIANCE,2023-04-05 00:00:00,1073.37939453125,0
7.0,0.0,1.4,6.45,6.45,21.5,1.0,2.0,1.0,0.0,0.0,0.137,0.0,0.3,0.0,1.125,0.0,0.344,RELIANCE,2023-04-13 00:00:00,1087.0628662109375,0
7.0,0.0,1.4,6.45,6.45,21.5,1.0,2.0,1.0,0.0,0.0,0.111,0.0,0.3,0.0,0.434,0.0,0.344,RELIANCE,2023-04-21 00:00:00,1084.0631103515625,1
7.0,0.0,1.4,6.45,6.45,21.5,1.0,2.0,1.0,0.0,0.0,1.434,0.0,0.3,0.0,0.567,0.0,0.344,RELIANCE,2023-04-28 00:00:00,1117.060302734375,1
20.0,1.0,7.8,12.8,12.8,1.068,2.0,1.0,-1.0,0.0,0.0,-12.007,0.0,11.981,0.0,0.609,0.0,0.731,RELIANCE,2023-05-08 00:00:00,1140.781494140625,0
5.0,0.0,12.0,13.263,13.263,11.831,2.0,1.0,1.0,0.0,0.0,-1.002,0.0,1.121,0.0,0.507,0.0,0.859,RELIANCE,2023-05-15 00:00:00,1148.7884521484375,0
5.0,0.0,12.0,13.493,13.493,14.264,4.0,1.0,1.0,0.0,0.0,-2.692,0.0,0.946,0.0,0.62,0.0,0.881,RELIANCE,2023-05-22 00:00:00,1132.9820556640625,0
5.0,0.0,12.0,13.146,13.146,5.91,5.0,1.0,1.0,0.0,0.0,-0.12,1.0,2.224,0.0,0.983,0.0,0.892,RELIANCE,2023-05-29 00:00:00,1163.2564697265625,0
5.0,0.0,12.0,14.569,14.569,48.564,2.0,1.0,1.0,1.0,1.0,-3.251,0.0,0.3,0.0,1.206,0.0,0.977,RELIANCE,2023-06-05 00:00:00,1143.25048828125,0
6.0,0.0,12.0,15.658,15.658,1.597,2.0,1.0,-1.0,1.0,0.0,-13.851,0.0,9.807,0.0,0.462,0.0,1.0,RELIANCE,2023-06-12 00:00:00,1146.434814453125,0
6.0,0.0,12.0,18.281,18.281,1.056,1.0,1.0,-1.0,1.0,0.0,-18.229,0.0,17.315,0.0,1.996,0.0,1.0,RELIANCE,2023-06-19 00:00:00,1177.6552734375,0
6.0,0.0,12.0,17.153,17.153,1.297,3.0,2.0,-1.0,1.0,0.0,-14.296,1.0,13.222,0.0,0.584,0.0,1.0,RELIANCE,2023-06-26 00:00:00,1151.6959228515625,0
6.0,0.0,12.0,13.477,13.477,1.058,1.0,2.0,-1.0,1.0,0.0,-13.305,0.0,12.733,0.0,1.115,0.0,0.98,RELIANCE,2023-07-04 00:00:00,1194.707763671875,0
5.0,0.0,12.0,15.722,15.722,7.161,1.0,4.0,1.0,1.0,1.0,-0.76,1.0,2.196,0.0,3.014,0.0,1.0,RELIANCE,2023-07-11 00:00:00,1275.9085693359375,0
5.0,0.0,12.0,17.115,17.115,6.967,2.0,2.0,1.0,1.0,1.0,-0.652,0.0,2.456,0.0,1.925,0.0,1.0,RELIANCE,2023-07-18 00:00:00,1301.63720703125,0
5.0,0.0,12.0,17.598,17.598,24.184,2.0,1.0,1.0,1.0,1.0,-5.64,0.0,0.728,0.0,1.774,0.0,1.0,RELIANCE,2023-07-25 00:00:00,1242.9000244140625,0
5.0,0.0,12.0,15.929,15.929,12.974,2.0,3.0,1.0,1.0,1.0,-3.294,0.0,1.228,0.0,0.625,0.0,1.0,RELIANCE,2023-08-01 00:00:00,1256.5999755859375,0
5.0,0.0,12.0,16.089,16.089,21.542,2.0,3.0,1.0,1.0,1.0,-4.258,1.0,0.747,0.0,0.428,0.0,1.0,RELIANCE,2023-08-08 00:00:00,1254.324951171875,0
10.0,0.0,3.2,4.855,4.855,3.654,1.0,3.0,1.0,1.0,1.0,-0.196,0.0,1.329,0.0,0.68,0.0,0.284,RELIANCE,2023-08-16 00:00:00,1287.574951171875,0
10.0,0.0,4.2,4.875,4.875,2.079,4.0,3.0,1.0,1.0,1.0,-2.455,0.0,2.345,0.0,0.569,0.0,0.283,RELIANCE,2023-08-23 00:00:00,1261.0999755859375,0
10.0,0.0,5.2,6.825,6.825,1.158,4.0,1.0,1.0,0.0,0.0,-6.29,0.0,5.895,0.0,1.219,0.0,0.385,RELIANCE,2023-08-30 00:00:00,1209.0250244140625,0
6.0,0.0,12.0,15.74,15.74,2.558,2.0,1.0,-1.0,0.0,0.0,-6.523,0.0,6.153,0.0,0.58,0.0,0.877,RELIANCE,2023-09-06 00:00:00,1214.3499755859375,0
6.0,0.0,12.0,14.474,14.474,2.67,2.0,3.0,-1.0,0.0,0.0,-6.26,0.0,5.421,0.0,1.078,0.0,0.824,RELIANCE,2023-09-13 00:00:00,1225.5250244140625,0
6.0,0.0,12.0,12.706,12.706,42.353,2.0,3.0,-1.0,-1.0,1.0,-1.447,0.0,0.3,0.0,0.709,0.0,0.729,RELIANCE,2023-09-28 00:00:00,1167.050048828125,0
6.0,0.0,12.0,14.735,14.735,22.287,2.0,1.0,-1.0,-1.0,1.0,-0.828,0.0,0.661,0.0,0.681,0.0,0.859,RELIANCE,2023-10-06 00:00:00,1159.0,0
6.0,0.0,12.0,14.518,14.518,34.279,2.0,3.0,-1.0,-1.0,1.0,-2.37,0.0,0.424,0.0,0.818,0.0,0.911,RELIANCE,2023-10-13 00:00:00,1174.6500244140625,0
6.0,0.0,12.0,12.48,12.48,18.39,4.0,4.0,-1.0,-1.0,1.0,-0.486,1.0,0.679,0.0,0.894,0.0,0.824,RELIANCE,2023-10-20 00:00:00,1149.550048828125,0
6.0,0.0,12.0,15.999,15.999,47.078,4.0,1.0,-1.0,-1.0,1.0,-2.049,0.0,0.34,0.0,0.892,0.0,1.0,RELIANCE,2023-10-30 00:00:00,1156.25,0
5.0,0.0,12.0,14.45,14.45,1.879,4.0,1.0,1.0,-1.0,0.0,-10.187,1.0,7.689,0.0,0.673,0.0,1.0,RELIANCE,2023-11-06 00:00:00,1169.5,1
5.0,0.0,12.0,14.077,14.077,1.308,3.0,1.0,1.0,0.0,0.0,-10.372,0.0,10.761,0.0,0.604,0.0,1.0,RELIANCE,2023-11-13 00:00:00,1157.300048828125,1
1.0,0.0,5.8,6.609,6.609,22.029,3.0,1.0,1.0,0.0,0.0,-1.045,0.0,0.3,0.0,0.45,0.0,0.555,RELIANCE,2023-11-21 00:00:00,1189.449951171875,1
1.0,0.0,6.8,7.862,7.862,26.207,4.0,1.0,1.0,0.0,0.0,-0.341,0.0,0.3,0.0,1.4,0.0,0.688,RELIANCE,2023-11-29 00:00:00,1200.3499755859375,0
1.0,0.0,7.8,9.946,9.946,33.154,2.0,1.0,1.0,0.0,0.0,-0.5,0.0,0.3,0.0,1.183,0.0,0.865,RELIANCE,2023-12-06 00:00:00,1230.550048828125,0
1.0,0.0,8.8,11.147,11.147,37.157,4.0,1.0,1.0,0.0,0.0,-2.126,0.0,0.3,0.0,0.862,0.0,0.953,RELIANCE,2023-12-13 00:00:00,1216.9749755859375,1
5.0,0.0,12.0,13.823,13.823,10.748,1.0,1.0,1.0,1.0,1.0,-0.614,1.0,1.286,0.0,1.499,0.0,1.0,RELIANCE,2023-12-20 00:00:00,1263.574951171875,1
5.0,0.0,12.0,14.674,14.674,27.607,3.0,1.0,1.0,1.0,1.0,-0.502,0.0,0.532,0.0,0.824,0.0,1.0,RELIANCE,2023-12-28 00:00:00,1302.7750244140625,0
5.0,0.0,12.0,16.014,16.014,53.381,1.0,1.0,1.0,1.0,1.0,-1.925,0.0,0.3,0.0,0.825,0.0,1.0,RELIANCE,2024-01-04 00:00:00,1298.324951171875,0
5.0,0.0,12.0,16.554,16.554,5.845,1.0,1.0,1.0,1.0,1.0,-0.335,0.0,2.832,0.0,1.019,0.0,1.0,RELIANCE,2024-01-11 00:00:00,1359.9000244140625,0
5.0,0.0,12.0,21.027,21.027,43.71,2.0,1.0,1.0,1.0,1.0,-2.497,0.0,0.481,0.0,1.081,0.0,1.0,RELIANCE,2024-01-18 00:00:00,1367.949951171875,0
5.0,0.0,12.0,19.325,19.325,14.628,2.0,2.0,1.0,1.0,1.0,-3.106,0.0,1.321,0.0,1.017,0.0,1.0,RELIANCE,2024-01-29 00:00:00,1448.050048828125,0
5.0,0.0,12.0,22.355,22.355,13.288,1.0,2.0,1.0,1.0,1.0,-1.166,0.0,1.682,0.0,1.631,0.0,1.0,RELIANCE,2024-02-05 00:00:00,1439.0250244140625,0
5.0,0.0,12.0,21.842,21.842,32.556,3.0,1.0,1.0,1.0,1.0,-0.959,0.0,0.671,0.0,1.032,0.0,1.0,RELIANCE,2024-02-12 00:00:00,1452.3499755859375,0
5.0,0.0,12.0,20.857,20.857,69.522,3.0,2.0,1.0,1.0,1.0,-1.627,0.0,0.3,0.0,0.803,0.0,1.0,RELIANCE,2024-02-19 00:00:00,1474.0,0
5.0,0.0,12.0,20.929,20.929,30.423,1.0,2.0,1.0,1.0,1.0,-0.262,1.0,0.688,0.0,1.165,0.0,1.0,RELIANCE,2024-02-26 00:00:00,1487.324951171875,0
6.0,0.0,12.0,24.123,24.123,1.102,4.0,1.0,-1.0,1.0,0.0,-24.018,0.0,21.897,0.0,1.008,0.0,1.0,RELIANCE,2024-03-04 00:00:00,1507.4000244140625,0
6.0,0.0,12.0,25.415,25.415,1.137,3.0,1.0,-1.0,1.0,0.0,-21.897,0.0,22.353,0.0,0.945,0.0,1.0,RELIANCE,2024-03-12 00:00:00,1475.425048828125,0
6.0,0.0,12.0,20.048,20.048,1.422,3.0,2.0,-1.0,1.0,0.0,-14.323,0.0,14.099,0.0,0.773,0.0,0.935,RELIANCE,2024-03-19 00:00:00,1425.25,0
6.0,0.0,12.0,17.499,17.499,1.524,3.0,8.0,-1.0,1.0,0.0,-12.231,1.0,11.485,0.0,0.968,0.0,0.858,RELIANCE,2024-03-27 00:00:00,1492.8499755859375,0
9.0,0.0,4.0,7.046,7.046,1.391,4.0,3.0,-1.0,1.0,0.0,-4.155,0.0,5.064,0.0,0.598,0.0,0.411,RELIANCE,2024-04-04 00:00:00,1462.925048828125,1
1.0,0.0,5.6,6.625,6.625,2.739,4.0,3.0,1.0,1.0,1.0,-2.174,0.0,2.419,0.0,0.787,0.0,0.393,RELIANCE,2024-04-12 00:00:00,1467.1500244140625,0
1.0,0.0,6.6,6.634,6.634,1.727,4.0,3.0,1.0,0.0,0.0,-2.798,0.0,3.841,0.0,1.306,0.0,0.388,RELIANCE,2024-04-22 00:00:00,1479.8499755859375,0
9.0,0.0,2.6,3.604,3.604,2.366,5.0,3.0,-1.0,0.0,0.0,-0.767,0.0,1.523,0.0,0.775,0.0,0.206,RELIANCE,2024-04-29 00:00:00,1465.0250244140625,1
9.0,0.0,1.8,5.366,5.366,17.886,1.0,2.0,-1.0,0.0,0.0,-0.238,0.0,0.3,0.0,0.615,0.0,0.302,RELIANCE,2024-05-07 00:00:00,1401.4749755859375,0
9.0,0.0,2.8,7.596,7.596,25.321,1.0,3.0,-1.0,0.0,0.0,-1.351,0.0,0.3,0.0,0.73,0.0,0.411,RELIANCE,2024-05-14 00:00:00,1420.074951171875,0
9.0,0.0,3.8,7.596,7.596,25.321,1.0,3.0,-1.0,0.0,0.0,-3.766,0.0,0.3,0.0,1.005,0.0,0.427,RELIANCE,2024-05-22 00:00:00,1460.6500244140625,0
9.0,0.0,3.8,7.82,7.82,1.145,3.0,3.0,-1.0,0.0,0.0,-5.217,0.0,6.828,0.0,0.743,0.0,0.41,RELIANCE,2024-05-29 00:00:00,1440.7750244140625,0
9.0,0.0,4.8,11.214,11.214,1.361,1.0,1.0,-1.0,0.0,0.0,-2.794,0.0,8.241,0.0,2.843,0.0,0.493,RELIANCE,2024-06-05 00:00:00,1420.75,0
10.0,0.0,4.2,10.248,10.248,2.594,1.0,1.0,1.0,0.0,0.0,-3.818,0.0,3.95,0.0,0.856,0.0,0.479,RELIANCE,2024-06-12 00:00:00,1463.324951171875,0
0.0,0.0,6.8,11.558,11.558,1.073,1.0,1.0,-1.0,0.0,0.0,-7.309,0.0,10.773,0.0,0.693,0.0,0.518,RELIANCE,2024-06-20 00:00:00,1473.699951171875,0
0.0,0.0,7.8,11.964,11.964,0.866,2.0,1.0,-1.0,0.0,0.0,-11.383,0.0,13.815,0.0,1.672,0.0,0.525,RELIANCE,2024-06-27 00:00:00,1530.550048828125,0
1.0,0.0,7.2,15.551,15.551,51.835,4.0,1.0,1.0,1.0,1.0,-1.807,0.0,0.3,0.0,0.653,0.0,0.722,RELIANCE,2024-07-04 00:00:00,1554.0250244140625,0
1.0,0.0,8.2,17.764,17.764,59.214,1.0,1.0,1.0,1.0,1.0,-1.528,0.0,0.3,0.0,0.54,0.0,0.816,RELIANCE,2024-07-11 00:00:00,1580.6500244140625,0
1.0,0.0,9.2,18.036,18.036,60.119,4.0,1.0,1.0,1.0,1.0,-1.375,0.0,0.3,0.0,0.953,0.0,0.817,RELIANCE,2024-07-19 00:00:00,1555.1500244140625,0
1.0,0.0,10.2,18.316,18.316,61.052,4.0,1.0,1.0,0.0,0.0,-7.235,0.0,0.3,0.0,0.954,0.0,0.805,RELIANCE,2024-07-26 00:00:00,1509.0250244140625,0
0.0,0.0,7.4,11.638,11.638,3.718,4.0,3.0,-1.0,0.0,0.0,-5.412,0.0,3.13,0.0,0.889,0.0,0.622,RELIANCE,2024-08-02 00:00:00,1499.324951171875,1
0.0,0.0,8.4,11.875,11.875,39.584,4.0,2.0,-1.0,0.0,0.0,-1.108,1.0,0.3,0.0,1.028,0.0,0.646,RELIANCE,2024-08-09 00:00:00,1474.300048828125,0
0.0,0.0,9.4,11.824,11.824,39.414,4.0,2.0,-1.0,0.0,0.0,-3.136,0.0,0.3,0.0,0.816,0.0,0.671,RELIANCE,2024-08-19 00:00:00,1488.4000244140625,0
0.0,0.0,10.4,11.774,11.774,8.658,4.0,2.0,-1.0,0.0,0.0,-4.656,0.0,1.36,0.0,0.813,0.0,0.698,RELIANCE,2024-08-26 00:00:00,1512.5999755859375,0
0.0,0.0,11.4,11.723,11.723,4.15,4.0,2.0,-1.0,0.0,0.0,-5.329,0.0,2.825,0.0,3.406,0.0,0.697,RELIANCE,2024-09-02 00:00:00,1516.25,1
4.0,0.0,10.6,12.248,12.248,2.754,4.0,2.0,-1.0,0.0,0.0,-2.203,0.0,4.448,0.0,1.57,0.0,0.689,RELIANCE,2024-09-09 00:00:00,1462.449951171875,0
4.0,0.0,11.6,12.248,12.248,3.518,4.0,2.0,-1.0,0.0,0.0,-2.747,0.0,3.482,0.0,0.706,0.0,0.7,RELIANCE,2024-09-16 00:00:00,1471.3499755859375,0
5.0,0.0,12.0,11.47,11.47,2.967,4.0,1.0,1.0,-1.0,0.0,-7.638,0.0,3.866,0.0,2.488,0.0,0.728,RELIANCE,2024-09-23 00:00:00,1493.375,0
1.0,0.0,9.6,6.868,6.868,1.825,3.0,1.0,1.0,0.0,0.0,-0.88,0.0,3.764,0.0,1.625,0.0,0.503,RELIANCE,2024-09-30 00:00:00,1476.574951171875,0
0.0,0.0,5.0,10.099,10.099,2.517,2.0,1.0,-1.0,1.0,0.0,-10.07,0.0,4.011,0.0,1.745,0.0,0.401,TCS,2020-06-29 00:00:00,2101.64990234375,0
6.0,0.0,12.0,29.853,29.853,1.233,1.0,1.0,-1.0,1.0,0.0,-31.318,0.0,24.211,0.0,1.101,0.0,0.939,TCS,2020-07-06 00:00:00,2263.199951171875,0
10.0,0.0,4.0,14.438,14.438,48.126,1.0,3.0,1.0,1.0,1.0,-3.489,0.0,0.3,0.0,2.482,0.0,0.582,TCS,2020-07-13 00:00:00,2220.0,0
5.0,0.0,12.0,25.998,25.998,53.472,1.0,1.0,1.0,1.0,1.0,-5.669,0.0,0.486,0.0,1.196,0.0,1.0,TCS,2020-07-20 00:00:00,2207.89990234375,0
5.0,0.0,12.0,21.684,21.684,14.483,1.0,2.0,1.0,1.0,1.0,-7.527,0.0,1.497,0.0,0.993,0.0,0.874,TCS,2020-07-27 00:00:00,2206.800048828125,1
5.0,0.0,12.0,21.601,21.601,20.576,1.0,2.0,1.0,1.0,1.0,-3.249,0.0,1.05,0.0,1.219,0.0,0.89,TCS,2020-08-03 00:00:00,2254.14990234375,0
1.0,0.0,3.8,9.815,9.815,2.708,1.0,1.0,1.0,1.0,1.0,-2.657,0.0,3.624,0.0,0.708,0.0,0.375,TCS,2020-08-10 00:00:00,2282.800048828125,1
0.0,0.0,4.4,9.956,9.956,33.187,1.0,1.0,-1.0,1.0,0.0,-5.508,0.0,0.3,0.0,0.552,0.0,0.406,TCS,2020-08-17 00:00:00,2253.39990234375,0
10.0,0.0,2.8,4.422,4.422,1.184,3.0,2.0,1.0,1.0,1.0,-3.411,0.0,3.735,0.0,0.65,0.0,0.244,TCS,2020-08-24 00:00:00,2248.10009765625,1
10.0,0.0,3.8,4.792,4.792,1.201,3.0,2.0,1.0,1.0,1.0,-3.842,0.0,3.991,0.0,1.006,0.0,0.275,TCS,2020-08-31 00:00:00,2257.25,1
10.0,0.0,4.8,4.792,4.792,1.715,5.0,2.0,1.0,1.0,1.0,-1.684,0.0,2.794,0.0,1.628,0.0,0.268,TCS,2020-09-07 00:00:00,2327.050048828125,1
10.0,0.0,5.8,7.474,7.474,24.914,2.0,2.0,1.0,1.0,1.0,-0.684,0.0,0.3,0.0,1.208,0.0,0.407,TCS,2020-09-14 00:00:00,2491.39990234375,0
5.0,0.0,12.0,18.897,18.897,34.293,1.0,2.0,1.0,1.0,1.0,-3.471,0.0,0.551,0.0,1.033,0.0,0.88,TCS,2020-09-21 00:00:00,2465.300048828125,0
5.0,0.0,12.0,17.748,17.748,6.124,1.0,1.0,1.0,1.0,1.0,-5.194,0.0,2.898,0.0,1.88,0.0,0.752,TCS,2020-09-28 00:00:00,2426.300048828125,1
5.0,0.0,12.0,22.285,22.285,5.869,1.0,1.0,1.0,1.0,1.0,-0.817,1.0,3.797,0.0,3.851,0.0,1.0,TCS,2020-10-06 00:00:00,2714.300048828125,0
5.0,0.0,12.0,26.852,26.852,25.979,1.0,1.0,1.0,1.0,1.0,-1.906,0.0,1.034,0.0,0.93,0.0,1.0,TCS,2020-10-13 00:00:00,2826.550048828125,0
5.0,0.0,12.0,26.608,26.608,88.695,1.0,1.0,1.0,1.0,1.0,-6.012,1.0,0.3,0.0,0.649,0.0,1.0,TCS,2020-10-20 00:00:00,2739.0,0
5.0,0.0,12.0,24.87,24.87,37.771,1.0,2.0,1.0,1.0,1.0,-6.821,0.0,0.658,0.0,0.54,0.0,1.0,TCS,2020-10-27 00:00:00,2630.14990234375,0
6.0,0.0,12.0,29.286,29.286,1.75,1.0,1.0,-1.0,1.0,0.0,-17.512,0.0,16.736,0.0,0.524,0.0,1.0,TCS,2020-11-03 00:00:00,2633.60009765625,0
6.0,0.0,12.0,29.669,29.669,1.363,1.0,1.0,-1.0,1.0,0.0,-23.017,0.0,21.772,0.0,0.733,0.0,1.0,TCS,2020-11-10 00:00:00,2649.60009765625,0
6.0,0.0,12.0,29.738,29.738,1.516,1.0,1.0,-1.0,1.0,0.0,-20.479,0.0,19.612,0.0,0.06,0.0,1.0,TCS,2020-11-17 00:00:00,2666.050048828125,0
10.0,0.0,3.2,5.246,5.246,1.822,1.0,4.0,1.0,1.0,1.0,-0.72,1.0,2.879,0.0,1.179,0.0,0.268,TCS,2020-11-24 00:00:00,2722.050048828125,0
9.0,0.0,3.2,5.253,5.253,1.063,5.0,1.0,-1.0,1.0,0.0,-4.593,0.0,4.942,0.0,1.116,0.0,0.262,TCS,2020-12-02 00:00:00,2749.550048828125,0
9.0,0.0,4.2,7.614,7.614,1.0,1.0,1.0,-1.0,1.0,0.0,-7.298,0.0,7.614,0.0,1.361,0.0,0.375,TCS,2020-12-09 00:00:00,2810.800048828125,0
10.0,0.0,3.8,8.493,8.493,28.308,2.0,1.0,1.0,1.0,1.0,-2.762,0.0,0.3,0.0,0.766,0.0,0.438,TCS,2020-12-16 00:00:00,2814.199951171875,0
20.0,1.0,6.2,11.086,11.086,1.122,3.0,1.0,-1.0,0.0,0.0,-10.182,0.0,9.876,0.0,0.935,0.0,0.542,TCS,2020-12-23 00:00:00,2908.75,0
5.0,0.0,12.0,12.097,12.097,40.325,3.0,6.0,1.0,0.0,0.0,-1.446,0.0,0.3,0.0,0.681,0.0,0.632,TCS,2020-12-31 00:00:00,2862.75,1
5.0,0.0,12.0,16.851,16.851,35.958,2.0,6.0,1.0,1.0,1.0,-2.015,0.0,0.469,0.0,1.106,0.0,0.912,TCS,2021-01-07 00:00:00,3032.800048828125,0
5.0,0.0,12.0,19.942,19.942,19.265,1.0,6.0,1.0,1.0,1.0,-2.2,0.0,1.035,0.0,1.048,0.0,1.0,TCS,2021-01-14 00:00:00,3250.699951171875,0
5.0,0.0,12.0,21.999,21.999,17.456,1.0,6.0,1.0,1.0,1.0,-0.575,0.0,1.26,0.0,1.002,0.0,1.0,TCS,2021-01-21 00:00:00,3273.85009765625,0
5.0,0.0,12.0,23.111,23.111,57.941,3.0,3.0,1.0,1.0,1.0,-4.289,0.0,0.399,0.0,0.904,0.0,1.0,TCS,2021-01-29 00:00:00,3111.35009765625,0
5.0,0.0,12.0,22.981,22.981,58.856,3.0,1.0,1.0,1.0,1.0,-4.532,0.0,0.39,0.0,0.607,0.0,1.0,TCS,2021-02-05 00:00:00,3157.949951171875,0
6.0,0.0,12.0,27.484,27.484,1.324,3.0,1.0,-1.0,1.0,0.0,-22.974,0.0,20.752,0.0,0.348,0.0,1.0,TCS,2021-02-12 00:00:00,3190.800048828125,0
6.0,0.0,12.0,26.28,26.28,1.903,3.0,1.0,-1.0,1.0,0.0,-16.495,0.0,13.808,0.0,1.249,0.0,1.0,TCS,2021-02-19 00:00:00,3071.85009765625,0
6.0,0.0,12.0,23.306,23.306,2.286,3.0,4.0,-1.0,0.0,0.0,-10.978,0.0,10.196,0.0,1.243,0.0,0.942,TCS,2021-02-26 00:00:00,2894.300048828125,0
6.0,0.0,12.0,20.805,20.805,2.161,3.0,4.0,-1.0,0.0,0.0,-10.697,0.0,9.629,0.0,1.124,0.0,0.841,TCS,2021-03-05 00:00:00,3008.050048828125,0
6.0,0.0,12.0,20.587,20.587,1.913,3.0,1.0,-1.0,0.0,0.0,-10.777,0.0,10.76,0.0,0.84,0.0,0.821,TCS,2021-03-15 00:00:00,3066.14990234375,0
1.0,0.0,6.8,12.256,12.256,40.852,4.0,1.0,1.0,0.0,0.0,-6.026,0.0,0.3,0.0,1.725,0.0,0.486,TCS,2021-03-22 00:00:00,3129.64990234375,0
10.0,0.0,2.6,5.767,5.767,1.625,2.0,2.0,1.0,0.0,0.0,-3.225,0.0,3.548,0.0,1.082,0.0,0.234,TCS,2021-03-30 00:00:00,3158.550048828125,1
12.0,0.0,3.6,9.086,9.086,30.288,2.0,2.0,1.0,0.0,0.0,-0.315,1.0,0.3,0.0,0.639,0.0,0.361,TCS,2021-04-07 00:00:00,3271.39990234375,0
5.0,0.0,12.0,14.592,14.592,2.67,3.0,1.0,1.0,0.0,0.0,-7.462,0.0,5.465,0.0,2.465,0.0,0.613,TCS,2021-04-15 00:00:00,3218.949951171875,0
10.0,0.0,3.2,9.28,9.28,1.25,2.0,1.0,1.0,0.0,0.0,-7.022,0.0,7.426,0.0,0.519,0.0,0.373,TCS,2021-04-23 00:00:00,3109.5,1
10.0,0.0,4.2,9.28,9.28,1.251,2.0,1.0,1.0,0.0,0.0,-7.128,0.0,7.419,0.0,0.485,0.0,0.421,TCS,2021-04-30 00:00:00,3035.64990234375,1
0.0,0.0,5.8,11.236,11.236,21.966,2.0,1.0,-1.0,0.0,0.0,-3.577,0.0,0.512,0.0,0.582,0.0,0.497,TCS,2021-05-07 00:00:00,3132.89990234375,0
9.0,0.0,2.2,5.333,5.333,1.695,3.0,1.0,-1.0,0.0,0.0,-1.581,0.0,3.146,0.0,1.002,0.0,0.289,TCS,2021-05-17 00:00:00,3069.75,0
1.0,0.0,5.2,7.661,7.661,2.078,2.0,1.0,1.0,0.0,0.0,-5.128,0.0,3.686,0.0,0.66,0.0,0.413,TCS,2021-05-24 00:00:00,3081.5,1
1.0,0.0,6.2,7.649,7.649,5.888,2.0,1.0,1.0,0.0,0.0,-3.184,0.0,1.299,0.0,0.687,0.0,0.421,TCS,2021-05-31 00:00:00,3159.14990234375,0
1.0,0.0,7.2,7.637,7.637,4.277,2.0,1.0,1.0,0.0,0.0,-3.18,0.0,1.786,0.0,0.752,0.0,0.442,TCS,2021-06-07 00:00:00,3183.199951171875,1
11.0,0.0,6.2,10.153,10.153,1.0,1.0,1.0,-1.0,0.0,0.0,-8.981,0.0,10.153,0.0,1.594,0.0,0.62,TCS,2021-06-14 00:00:00,3276.35009765625,0
5.0,0.0,12.0,11.703,11.703,12.846,2.0,1.0,1.0,0.0,0.0,-0.554,0.0,0.911,0.0,1.063,0.0,0.671,TCS,2021-06-28 00:00:00,3336.75,0
5.0,0.0,12.0,11.898,11.898,13.079,3.0,1.0,1.0,0.0,0.0,-2.183,0.0,0.91,0.0,0.717,0.0,0.713,TCS,2021-07-05 00:00:00,3321.0,0
5.0,0.0,12.0,12.291,12.291,22.042,3.0,1.0,1.0,0.0,0.0,-5.633,0.0,0.558,0.0,2.81,0.0,0.733,TCS,2021-07-12 00:00:00,3193.10009765625,0
6.0,0.0,12.0,12.724,12.724,3.585,3.0,1.0,-1.0,0.0,0.0,-6.352,0.0,3.549,0.0,0.589,0.0,0.787,TCS,2021-07-19 00:00:00,3184.60009765625,0
6.0,0.0,12.0,13.033,13.033,2.098,3.0,1.0,-1.0,0.0,0.0,-6.443,1.0,6.213,0.0,0.588,0.0,0.795,TCS,2021-07-27 00:00:00,3182.949951171875,0
0.0,0.0,6.2,8.566,8.566,2.542,3.0,1.0,-1.0,0.0,0.0,-2.777,0.0,3.37,0.0,1.224,0.0,0.523,TCS,2021-08-03 00:00:00,3284.89990234375,0
0.0,0.0,7.2,8.629,8.629,1.114,3.0,1.0,-1.0,0.0,0.0,-6.075,0.0,7.749,0.0,0.687,0.0,0.523,TCS,2021-08-10 00:00:00,3333.89990234375,0
0.0,0.0,8.2,11.774,11.774,0.862,2.0,1.0,-1.0,1.0,0.0,-10.872,0.0,13.665,0.0,0.94,0.0,0.697,TCS,2021-08-17 00:00:00,3553.050048828125,0
0.0,0.0,9.2,17.716,17.716,0.878,2.0,1.0,-1.0,1.0,0.0,-15.349,0.0,20.182,0.0,1.08,0.0,0.978,TCS,2021-08-25 00:00:00,3659.0,0
0.0,0.0,10.2,22.177,22.177,0.866,1.0,1.0,-1.0,1.0,0.0,-20.88,0.0,25.6,0.0,1.362,0.0,1.0,TCS,2021-09-01 00:00:00,3714.949951171875,0
5.0,0.0,12.0,19.529,19.529,65.096,3.0,1.0,1.0,1.0,1.0,-1.591,0.0,0.3,0.0,0.688,0.0,1.0,TCS,2021-09-08 00:00:00,3774.14990234375,0
5.0,0.0,12.0,21.434,21.434,9.572,1.0,1.0,1.0,1.0,1.0,-0.639,0.0,2.239,0.0,1.058,0.0,1.0,TCS,2021-09-16 00:00:00,3903.300048828125,0
5.0,0.0,12.0,21.992,21.992,73.305,2.0,1.0,1.0,1.0,1.0,-3.004,0.0,0.3,0.0,0.731,0.0,1.0,TCS,2021-09-23 00:00:00,3869.25,0
5.0,0.0,12.0,22.399,22.399,12.177,2.0,1.0,1.0,1.0,1.0,-4.768,0.0,1.839,0.0,1.018,0.0,1.0,TCS,2021-09-30 00:00:00,3775.550048828125,0
6.0,0.0,12.0,26.6,26.6,1.278,2.0,1.0,-1.0,1.0,0.0,-21.661,0.0,20.806,0.0,0.72,0.0,1.0,TCS,2021-10-07 00:00:00,3892.89990234375,0
6.0,0.0,12.0,26.926,26.926,1.747,3.0,1.0,-1.0,1.0,0.0,-16.69,0.0,15.413,0.0,1.361,0.0,1.0,TCS,2021-10-14 00:00:00,3611.449951171875,0
6.0,0.0,12.0,26.94,26.94,2.02,3.0,1.0,-1.0,1.0,0.0,-12.773,0.0,13.337,0.0,1.74,0.0,1.0,TCS,2021-10-22 00:00:00,3498.85009765625,0
6.0,0.0,12.0,23.47,23.47,3.307,3.0,1.0,-1.0,0.0,0.0,-6.297,0.0,7.096,0.0,0.846,0.0,1.0,TCS,2021-10-29 00:00:00,3397.75,0
6.0,0.0,12.0,20.226,20.226,3.76,3.0,3.0,-1.0,0.0,0.0,-5.822,0.0,5.38,0.0,0.116,0.0,0.935,TCS,2021-11-08 00:00:00,3502.75,0
6.0,0.0,12.0,17.128,17.128,57.094,3.0,1.0,-1.0,0.0,0.0,-4.138,0.0,0.3,0.0,0.628,0.0,0.842,TCS,2021-11-15 00:00:00,3553.300048828125,0
6.0,0.0,12.0,17.463,17.463,10.494,3.0,1.0,-1.0,-1.0,1.0,-2.14,0.0,1.664,0.0,1.176,0.0,0.87,TCS,2021-11-23 00:00:00,3464.25,0
6.0,0.0,12.0,17.246,17.246,22.082,3.0,1.0,-1.0,-1.0,1.0,-3.427,0.0,0.781,0.0,1.122,0.0,0.868,TCS,2021-11-30 00:00:00,3529.14990234375,0
5.0,0.0,12.0,16.002,16.002,2.395,3.0,1.0,1.0,-1.0,0.0,-11.366,0.0,6.681,0.0,0.678,0.0,0.879,TCS,2021-12-07 00:00:00,3584.5,0
5.0,0.0,12.0,15.473,15.473,2.002,2.0,1.0,1.0,0.0,0.0,-9.53,1.0,7.727,0.0,0.708,0.0,0.891,TCS,2021-12-14 00:00:00,3623.800048828125,0
9.0,0.0,2.4,4.424,4.424,1.855,4.0,3.0,-1.0,0.0,0.0,-1.332,0.0,2.385,0.0,1.143,0.0,0.228,TCS,2021-12-21 00:00:00,3608.300048828125,0
9.0,0.0,3.4,5.532,5.532,1.095,2.0,3.0,-1.0,0.0,0.0,-5.298,0.0,5.054,0.0,0.781,0.0,0.308,TCS,2021-12-28 00:00:00,3706.550048828125,0
9.0,0.0,4.4,9.081,9.081,1.038,1.0,3.0,-1.0,0.0,0.0,-8.763,0.0,8.745,0.0,1.234,0.0,0.535,TCS,2022-01-04 00:00:00,3884.75,1
5.0,0.0,12.0,15.26,15.26,31.408,1.0,1.0,1.0,1.0,1.0,-2.467,1.0,0.486,0.0,1.666,0.0,0.954,TCS,2022-01-11 00:00:00,3915.89990234375,0
5.0,0.0,12.0,16.348,16.348,11.558,1.0,1.0,1.0,1.0,1.0,-0.59,1.0,1.414,0.0,1.482,0.0,1.0,TCS,2022-01-18 00:00:00,3990.60009765625,0
5.0,0.0,12.0,17.422,17.422,21.026,2.0,1.0,1.0,1.0,1.0,-6.719,0.0,0.829,0.0,1.364,0.0,0.996,TCS,2022-01-25 00:00:00,3769.89990234375,0
6.0,0.0,12.0,18.173,18.173,2.085,2.0,3.0,-1.0,0.0,0.0,-11.572,0.0,8.715,0.0,0.845,0.0,0.934,TCS,2022-02-02 00:00:00,3856.199951171875,0
6.0,0.0,12.0,17.914,17.914,2.583,2.0,3.0,-1.0,1.0,0.0,-9.893,0.0,6.934,0.0,1.165,0.0,0.918,TCS,2022-02-09 00:00:00,3760.550048828125,0
6.0,0.0,12.0,18.375,18.375,1.717,2.0,3.0,-1.0,0.0,0.0,-12.076,0.0,10.702,0.0,1.489,0.0,0.913,TCS,2022-02-16 00:00:00,3813.10009765625,0
6.0,0.0,12.0,15.641,15.641,3.978,2.0,1.0,-1.0,0.0,0.0,-2.733,1.0,3.932,0.0,1.905,0.0,0.79,TCS,2022-02-23 00:00:00,3563.800048828125,0
6.0,0.0,12.0,18.383,18.383,25.267,2.0,1.0,-1.0,0.0,0.0,-4.572,0.0,0.728,0.0,0.968,0.0,0.926,TCS,2022-03-03 00:00:00,3544.39990234375,0
6.0,0.0,12.0,17.989,17.989,21.586,2.0,1.0,-1.0,0.0,0.0,-7.122,0.0,0.833,0.0,0.924,0.0,0.899,TCS,2022-03-10 00:00:00,3620.949951171875,0
21.0,1.0,6.8,12.75,12.75,2.066,2.0,1.0,1.0,0.0,0.0,-5.836,0.0,6.171,0.0,0.983,0.0,0.675,TCS,2022-03-17 00:00:00,3672.75,0
1.0,0.0,5.6,12.926,12.926,43.087,3.0,1.0,1.0,0.0,0.0,-2.705,0.0,0.3,0.0,0.58,0.0,0.615,TCS,2022-03-25 00:00:00,3707.449951171875,0
5.0,0.0,12.0,16.781,16.781,3.962,2.0,1.0,1.0,0.0,0.0,-7.496,1.0,4.236,0.0,0.717,0.0,0.883,TCS,2022-04-01 00:00:00,3758.75,0
5.0,0.0,12.0,16.648,16.648,2.752,2.0,1.0,1.0,0.0,0.0,-8.876,0.0,6.05,0.0,0.837,0.0,0.903,TCS,2022-04-08 00:00:00,3685.64990234375,0
10.0,0.0,2.8,8.163,8.163,1.0,1.0,1.0,1.0,0.0,0.0,-8.018,0.0,8.163,0.0,1.649,0.0,0.557,TCS,2022-04-19 00:00:00,3471.89990234375,0
9.0,0.0,4.0,10.828,10.828,36.095,1.0,1.0,-1.0,0.0,0.0,-3.171,1.0,0.3,0.0,0.857,0.0,0.619,TCS,2022-04-26 00:00:00,3546.300048828125,0
0.0,0.0,5.0,12.027,12.027,1.576,1.0,1.0,-1.0,0.0,0.0,-3.002,1.0,7.631,0.0,0.607,0.0,0.612,TCS,2022-05-04 00:00:00,3479.75,1
0.0,0.0,6.0,15.192,15.192,1.973,1.0,1.0,-1.0,-1.0,1.0,-2.746,0.0,7.699,0.0,0.754,0.0,0.752,TCS,2022-05-11 00:00:00,3412.0,0
0.0,0.0,7.0,15.576,15.576,1.485,1.0,3.0,-1.0,0.0,0.0,-3.13,0.0,10.492,0.0,0.826,0.0,0.727,TCS,2022-05-18 00:00:00,3448.800048828125,0
6.0,0.0,12.0,18.418,18.418,16.434,1.0,1.0,-1.0,-1.0,1.0,-1.796,0.0,1.121,0.0,0.724,0.0,0.857,TCS,2022-05-25 00:00:00,3167.64990234375,0
6.0,0.0,12.0,20.258,20.258,35.777,1.0,1.0,-1.0,-1.0,1.0,-6.668,0.0,0.566,0.0,2.042,0.0,0.963,TCS,2022-06-01 00:00:00,3355.199951171875,0
6.0,0.0,12.0,20.268,20.268,12.138,1.0,1.0,-1.0,-1.0,1.0,-6.615,0.0,1.67,0.0,1.001,0.0,0.993,TCS,2022-06-08 00:00:00,3404.14990234375,0
5.0,0.0,12.0,18.557,18.557,1.368,1.0,1.0,1.0,-1.0,0.0,-16.296,0.0,13.561,0.0,1.145,0.0,0.981,TCS,2022-06-15 00:00:00,3206.300048828125,0
5.0,0.0,12.0,21.895,21.895,1.395,1.0,1.0,1.0,-1.0,0.0,-16.26,0.0,15.699,0.0,1.293,0.0,1.0,TCS,2022-06-22 00:00:00,3222.949951171875,0
5.0,0.0,12.0,21.596,21.596,1.67,1.0,1.0,1.0,-1.0,0.0,-13.491,0.0,12.934,0.0,0.599,0.0,1.0,TCS,2022-06-29 00:00:00,3290.5,0
5.0,0.0,12.0,19.404,19.404,1.494,1.0,1.0,1.0,-1.0,0.0,-13.98,0.0,12.988,0.0,0.919,0.0,0.973,TCS,2022-07-06 00:00:00,3260.75,0
5.0,0.0,12.0,17.862,17.862,1.583,1.0,1.0,1.0,-1.0,0.0,-15.349,0.0,11.281,0.0,1.554,0.0,0.844,TCS,2022-07-13 00:00:00,3038.75,0
5.0,0.0,12.0,18.9,18.9,1.298,1.0,2.0,1.0,-1.0,0.0,-15.152,0.0,14.557,0.0,0.742,0.0,0.919,TCS,2022-07-20 00:00:00,3164.800048828125,0
6.0,0.0,12.0,19.014,19.014,11.178,2.0,2.0,-1.0,-1.0,1.0,-5.516,0.0,1.701,0.0,1.026,0.0,0.824,TCS,2022-07-27 00:00:00,3188.85009765625,0
1.0,0.0,6.6,13.071,13.071,43.571,1.0,2.0,1.0,0.0,0.0,-2.114,0.0,0.3,0.0,0.468,0.0,0.603,TCS,2022-08-03 00:00:00,3339.5,0
1.0,0.0,7.6,14.064,14.064,46.881,4.0,2.0,1.0,0.0,0.0,-0.993,1.0,0.3,0.0,0.723,0.0,0.658,TCS,2022-08-11 00:00:00,3422.5,0
1.0,0.0,8.6,15.604,15.604,52.014,4.0,2.0,1.0,0.0,0.0,-1.384,0.0,0.3,0.0,0.583,0.0,0.756,TCS,2022-08-19 00:00:00,3385.75,0
1.0,0.0,9.6,15.831,15.831,52.769,5.0,2.0,1.0,0.0,0.0,-6.139,0.0,0.3,0.0,0.82,0.0,0.764,TCS,2022-08-26 00:00:00,3222.199951171875,0
10.0,0.0,5.2,10.141,10.141,1.127,5.0,1.0,1.0,0.0,0.0,-8.7,0.0,8.995,0.0,1.1,0.0,0.646,TCS,2022-09-05 00:00:00,3133.39990234375,1
10.0,0.0,6.2,10.141,10.141,1.336,5.0,1.0,1.0,0.0,0.0,-6.155,1.0,7.589,0.0,0.852,0.0,0.666,TCS,2022-09-12 00:00:00,3242.949951171875,0
0.0,0.0,7.6,13.956,13.956,19.046,5.0,1.0,-1.0,0.0,0.0,-0.29,1.0,0.733,0.0,2.627,0.0,0.835,TCS,2022-09-19 00:00:00,3028.800048828125,0
0.0,0.0,8.6,14.656,14.656,48.854,5.0,3.0,-1.0,0.0,0.0,-0.102,0.0,0.3,0.0,1.303,0.0,0.882,TCS,2022-09-26 00:00:00,2994.39990234375,0
0.0,0.0,9.6,16.399,16.399,54.664,5.0,1.0,-1.0,0.0,0.0,-2.681,0.0,0.3,0.0,1.343,0.0,0.947,TCS,2022-10-03 00:00:00,2984.949951171875,0
0.0,0.0,10.6,16.418,16.418,7.647,5.0,1.0,-1.0,0.0,0.0,-6.577,1.0,2.147,0.0,1.457,0.0,0.928,TCS,2022-10-11 00:00:00,3069.550048828125,0
0.0,0.0,11.6,16.437,16.437,7.114,5.0,1.0,-1.0,0.0,0.0,-6.345,0.0,2.311,0.0,0.712,0.0,0.91,TCS,2022-10-18 00:00:00,3144.699951171875,0
0.0,0.0,12.6,16.456,16.456,4.061,5.0,1.0,-1.0,-1.0,1.0,-8.052,0.0,4.053,0.0,0.127,0.0,0.935,TCS,2022-10-25 00:00:00,3162.10009765625,0
0.0,0.0,13.6,16.475,16.475,2.372,5.0,1.0,-1.0,-1.0,1.0,-11.401,0.0,6.946,0.0,1.45,0.0,0.956,TCS,2022-11-02 00:00:00,3241.699951171875,0
9.0,0.0,8.0,11.753,11.753,1.062,4.0,1.0,-1.0,0.0,0.0,-9.909,0.0,11.063,0.0,0.537,0.0,0.656,TCS,2022-11-10 00:00:00,3205.64990234375,0
1.0,0.0,10.8,13.51,13.51,45.035,1.0,1.0,1.0,0.0,0.0,-0.373,0.0,0.3,0.0,0.816,0.0,0.837,TCS,2022-11-17 00:00:00,3349.0,0
1.0,0.0,11.8,13.51,13.51,45.035,3.0,1.0,1.0,0.0,0.0,-1.77,1.0,0.3,0.0,0.557,0.0,0.842,TCS,2022-11-24 00:00:00,3380.14990234375,0
5.0,0.0,12.0,14.831,14.831,31.829,3.0,1.0,1.0,1.0,1.0,-1.114,0.0,0.466,0.0,1.7,0.0,0.968,TCS,2022-12-01 00:00:00,3475.64990234375,0
5.0,0.0,12.0,16.385,16.385,20.823,2.0,1.0,1.0,1.0,1.0,-2.856,0.0,0.787,0.0,0.581,0.0,1.0,TCS,2022-12-08 00:00:00,3350.550048828125,0
6.0,0.0,12.0,18.288,18.288,1.591,2.0,1.0,-1.0,1.0,0.0,-15.011,0.0,11.496,0.0,0.653,0.0,1.0,TCS,2022-12-15 00:00:00,3305.10009765625,0
0.0,0.0,5.2,9.805,9.805,5.597,2.0,1.0,-1.0,0.0,0.0,-3.316,0.0,1.752,0.0,0.87,0.0,0.582,TCS,2022-12-22 00:00:00,3259.699951171875,0
6.0,0.0,12.0,16.952,16.952,1.8,2.0,1.0,-1.0,0.0,0.0,-9.519,0.0,9.419,0.0,0.535,0.0,0.97,TCS,2022-12-29 00:00:00,3268.75,0
6.0,0.0,12.0,13.932,13.932,1.659,2.0,3.0,-1.0,0.0,0.0,-8.593,0.0,8.399,0.0,0.763,0.0,0.841,TCS,2023-01-05 00:00:00,3311.10009765625,0
1.0,0.0,4.6,6.412,6.412,3.795,2.0,1.0,1.0,0.0,0.0,-1.43,0.0,1.69,0.0,1.653,0.0,0.361,TCS,2023-01-12 00:00:00,3334.35009765625,1
1.0,0.0,5.6,7.4,7.4,24.666,1.0,1.0,1.0,0.0,0.0,-0.556,0.0,0.3,0.0,1.418,0.0,0.424,TCS,2023-01-19 00:00:00,3373.10009765625,0
1.0,0.0,6.6,8.73,8.73,29.099,2.0,1.0,1.0,0.0,0.0,-0.643,0.0,0.3,0.0,0.532,0.0,0.525,TCS,2023-01-27 00:00:00,3411.050048828125,0
1.0,0.0,7.6,9.281,9.281,30.936,3.0,1.0,1.0,0.0,0.0,-0.248,1.0,0.3,0.0,1.063,0.0,0.537,TCS,2023-02-03 00:00:00,3482.300048828125,0
1.0,0.0,8.6,11.714,11.714,39.046,2.0,1.0,1.0,0.0,0.0,-0.19,0.0,0.3,0.0,0.977,0.0,0.693,TCS,2023-02-10 00:00:00,3537.550048828125,0
1.0,0.0,9.6,12.597,12.597,41.992,1.0,1.0,1.0,0.0,0.0,-0.474,1.0,0.3,0.0,0.974,0.0,0.749,TCS,2023-02-17 00:00:00,3501.14990234375,0
1.0,0.0,10.6,12.645,12.645,42.152,1.0,1.0,1.0,0.0,0.0,-4.509,0.0,0.3,0.0,0.889,0.0,0.754,TCS,2023-02-24 00:00:00,3400.449951171875,0
1.0,0.0,11.6,12.694,12.694,42.313,1.0,1.0,1.0,0.0,0.0,-7.092,0.0,0.3,0.0,0.947,0.0,0.737,TCS,2023-03-03 00:00:00,3342.14990234375,0
0.0,0.0,9.0,11.297,11.297,20.92,1.0,1.0,-1.0,0.0,0.0,-4.094,1.0,0.54,0.0,0.589,0.0,0.668,TCS,2023-03-13 00:00:00,3281.949951171875,0
0.0,0.0,10.0,12.931,12.931,43.102,1.0,1.0,-1.0,0.0,0.0,-1.123,1.0,0.3,0.0,3.616,0.0,0.74,TCS,2023-03-20 00:00:00,3143.300048828125,0
0.0,0.0,11.0,14.339,14.339,47.798,1.0,5.0,-1.0,0.0,0.0,-0.822,0.0,0.3,0.0,0.723,0.0,0.827,TCS,2023-03-27 00:00:00,3122.300048828125,0
6.0,0.0,12.0,14.998,14.998,19.237,1.0,8.0,-1.0,0.0,0.0,-3.391,0.0,0.78,0.0,0.833,0.0,0.838,TCS,2023-04-05 00:00:00,3239.800048828125,0
10.0,0.0,3.0,5.612,5.612,18.707,5.0,8.0,1.0,0.0,0.0,-0.956,0.0,0.3,0.0,1.308,0.0,0.315,TCS,2023-04-13 00:00:00,3188.85009765625,0
6.0,0.0,12.0,16.257,16.257,54.19,1.0,3.0,-1.0,-1.0,1.0,-1.125,0.0,0.3,0.0,1.26,0.0,0.896,TCS,2023-04-21 00:00:00,3160.85009765625,0
5.0,0.0,12.0,14.797,14.797,2.1,1.0,3.0,1.0,-1.0,0.0,-10.827,0.0,7.048,0.0,1.23,0.0,0.889,TCS,2023-04-28 00:00:00,3219.25,0
5.0,0.0,12.0,14.495,14.495,1.854,1.0,3.0,1.0,-1.0,0.0,-9.631,0.0,7.818,0.0,0.858,0.0,0.935,TCS,2023-05-08 00:00:00,3250.60009765625,0
5.0,0.0,12.0,14.268,14.268,1.819,1.0,3.0,1.0,0.0,0.0,-8.411,0.0,7.846,0.0,0.523,0.0,0.947,TCS,2023-05-15 00:00:00,3255.050048828125,0
5.0,0.0,12.0,13.386,13.386,1.572,2.0,3.0,1.0,0.0,0.0,-8.931,0.0,8.514,0.0,0.59,0.0,0.887,TCS,2023-05-22 00:00:00,3298.699951171875,0
1.0,0.0,7.6,8.06,8.06,6.898,2.0,3.0,1.0,0.0,0.0,-0.292,0.0,1.169,0.0,0.893,0.0,0.556,TCS,2023-05-29 00:00:00,3320.35009765625,0
1.0,0.0,8.6,9.037,9.037,7.245,1.0,3.0,1.0,0.0,0.0,-1.969,0.0,1.247,0.0,0.995,0.0,0.629,TCS,2023-06-05 00:00:00,3288.89990234375,0
20.0,1.0,8.4,9.444,9.444,5.486,1.0,3.0,-1.0,0.0,0.0,-4.529,0.0,1.721,0.0,0.882,0.0,0.647,TCS,2023-06-12 00:00:00,3246.89990234375,0
10.0,0.0,4.4,6.406,6.406,1.0,1.0,1.0,1.0,0.0,0.0,-5.845,0.0,6.406,0.0,2.173,0.0,0.494,TCS,2023-06-19 00:00:00,3210.39990234375,1
10.0,0.0,5.4,6.406,6.406,1.326,1.0,1.0,1.0,0.0,0.0,-4.616,0.0,4.829,0.0,0.612,0.0,0.508,TCS,2023-06-26 00:00:00,3189.64990234375,1
0.0,0.0,7.4,6.885,6.885,1.191,1.0,1.0,-1.0,0.0,0.0,-3.685,0.0,5.781,0.0,0.966,0.0,0.491,TCS,2023-07-04 00:00:00,3308.85009765625,0
0.0,0.0,8.4,6.905,6.905,1.099,2.0,1.0,-1.0,0.0,0.0,-3.674,0.0,6.285,0.0,0.812,0.0,0.496,TCS,2023-07-11 00:00:00,3272.39990234375,0
13.0,1.0,7.0,11.681,11.681,38.938,1.0,1.0,1.0,0.0,0.0,-1.639,0.0,0.3,0.0,1.318,0.0,0.814,TCS,2023-07-18 00:00:00,3496.85009765625,0
16.0,1.0,5.0,10.695,10.695,2.311,1.0,2.0,1.0,0.0,0.0,-3.618,0.0,4.628,0.0,1.253,0.0,0.685,TCS,2023-08-01 00:00:00,3452.050048828125,0
5.0,0.0,12.0,11.306,11.306,9.203,1.0,1.0,1.0,0.0,0.0,-1.855,0.0,1.228,0.0,0.944,0.0,0.803,TCS,2023-08-08 00:00:00,3470.60009765625,0
0.0,0.0,5.4,8.804,8.804,6.015,1.0,3.0,-1.0,0.0,0.0,-6.146,0.0,1.464,0.0,0.55,0.0,0.539,TCS,2023-08-16 00:00:00,3458.39990234375,0
0.0,0.0,6.4,8.718,8.718,29.06,1.0,3.0,-1.0,0.0,0.0,-4.063,0.0,0.3,0.0,0.586,0.0,0.558,TCS,2023-08-23 00:00:00,3398.25,0
6.0,0.0,12.0,11.977,11.977,3.914,1.0,1.0,-1.0,0.0,0.0,-6.976,0.0,3.06,0.0,0.497,0.0,0.841,TCS,2023-08-30 00:00:00,3390.949951171875,0
10.0,0.0,2.6,3.028,3.028,10.094,2.0,5.0,1.0,0.0,0.0,-0.512,0.0,0.3,0.0,0.978,0.0,0.255,TCS,2023-09-06 00:00:00,3429.89990234375,1
10.0,0.0,3.6,7.215,7.215,24.05,1.0,5.0,1.0,1.0,1.0,-0.253,1.0,0.3,0.0,2.604,0.0,0.562,TCS,2023-09-13 00:00:00,3567.85009765625,0
10.0,0.0,4.6,8.243,8.243,27.478,3.0,5.0,1.0,1.0,1.0,-0.523,0.0,0.3,0.0,0.919,0.0,0.635,TCS,2023-09-21 00:00:00,3585.300048828125,0
10.0,0.0,5.6,8.5,8.5,28.332,4.0,5.0,1.0,0.0,0.0,-1.223,0.0,0.3,0.0,0.867,0.0,0.605,TCS,2023-09-28 00:00:00,3536.75,0
10.0,0.0,6.6,8.5,8.5,28.332,5.0,5.0,1.0,0.0,0.0,-1.222,1.0,0.3,0.0,1.631,0.0,0.57,TCS,2023-10-06 00:00:00,3621.39990234375,0
5.0,0.0,12.0,9.823,9.823,32.745,1.0,2.0,1.0,0.0,0.0,-3.709,0.0,0.3,0.0,2.166,0.0,0.7,TCS,2023-10-13 00:00:00,3570.85009765625,0
8.0,0.0,1.4,5.642,5.642,18.807,1.0,1.0,-1.0,0.0,0.0,0.623,1.0,0.3,0.0,0.541,0.0,0.359,TCS,2023-10-20 00:00:00,3494.550048828125,0
8.0,0.0,1.4,5.642,5.642,18.807,1.0,1.0,-1.0,0.0,0.0,3.634,0.0,0.3,0.0,0.396,0.0,0.359,TCS,2023-10-30 00:00:00,3378.550048828125,0
4.0,0.0,8.8,11.051,11.051,6.356,1.0,1.0,-1.0,0.0,0.0,-1.205,0.0,1.739,0.0,0.719,0.0,0.704,TCS,2023-11-06 00:00:00,3380.25,0
9.0,0.0,1.8,2.813,2.813,2.556,6.0,2.0,-1.0,0.0,0.0,-0.678,1.0,1.101,0.0,1.008,0.0,0.23,TCS,2023-11-13 00:00:00,3331.550048828125,0
9.0,0.0,2.8,6.732,6.732,1.0,3.0,3.0,-1.0,0.0,0.0,-6.3,1.0,6.732,0.0,0.919,0.0,0.488,TCS,2023-11-21 00:00:00,3510.199951171875,0
9.0,0.0,3.8,7.037,7.037,1.369,5.0,3.0,-1.0,0.0,0.0,-4.807,0.0,5.142,0.0,0.988,0.0,0.507,TCS,2023-11-29 00:00:00,3513.75,0
5.0,0.0,12.0,16.194,16.194,23.588,1.0,3.0,1.0,1.0,1.0,-2.871,0.0,0.687,0.0,0.988,0.0,1.0,TCS,2023-12-20 00:00:00,3780.050048828125,0
5.0,0.0,12.0,16.215,16.215,14.306,1.0,3.0,1.0,0.0,0.0,-2.998,0.0,1.133,0.0,0.635,0.0,1.0,TCS,2023-12-28 00:00:00,3799.89990234375,0
5.0,0.0,12.0,16.74,16.74,55.8,1.0,3.0,1.0,1.0,1.0,-6.038,0.0,0.3,0.0,0.91,0.0,1.0,TCS,2024-01-04 00:00:00,3666.800048828125,0
5.0,0.0,12.0,16.644,16.644,24.671,1.0,3.0,1.0,1.0,1.0,-5.496,0.0,0.675,0.0,0.684,0.0,1.0,TCS,2024-01-11 00:00:00,3735.550048828125,0
6.0,0.0,12.0,18.715,18.715,1.574,1.0,3.0,-1.0,1.0,0.0,-17.324,1.0,11.887,0.0,1.723,0.0,1.0,TCS,2024-01-18 00:00:00,3902.60009765625,0
6.0,0.0,12.0,19.357,19.357,1.356,2.0,3.0,-1.0,1.0,0.0,-15.08,0.0,14.28,0.0,1.051,0.0,1.0,TCS,2024-01-29 00:00:00,3801.0,0
6.0,0.0,12.0,19.586,19.586,1.096,2.0,2.0,-1.0,1.0,0.0,-19.382,0.0,17.873,0.0,1.3,0.0,1.0,TCS,2024-02-05 00:00:00,3973.300048828125,0
6.0,0.0,12.0,25.746,25.746,1.005,1.0,1.0,-1.0,1.0,0.0,-24.247,0.0,25.61,0.0,0.923,0.0,1.0,TCS,2024-02-12 00:00:00,4120.7001953125,0
5.0,0.0,12.0,18.21,18.21,26.658,2.0,1.0,1.0,1.0,1.0,-1.349,0.0,0.683,0.0,0.594,0.0,1.0,TCS,2024-02-19 00:00:00,4103.7998046875,0
5.0,0.0,12.0,17.496,17.496,58.32,2.0,3.0,1.0,1.0,1.0,-3.17,1.0,0.3,0.0,1.159,0.0,0.995,TCS,2024-02-26 00:00:00,4001.050048828125,0
5.0,0.0,12.0,16.11,16.11,53.7,2.0,1.0,1.0,1.0,1.0,-2.16,0.0,0.3,0.0,0.911,0.0,0.886,TCS,2024-03-04 00:00:00,4080.699951171875,0
5.0,0.0,12.0,15.082,15.082,18.643,2.0,1.0,1.0,1.0,1.0,-1.491,0.0,0.809,0.0,1.014,0.0,0.814,TCS,2024-03-12 00:00:00,4192.25,0
10.0,0.0,3.4,7.131,7.131,7.997,3.0,2.0,1.0,1.0,1.0,-2.403,0.0,0.892,0.0,0.606,0.0,0.327,TCS,2024-03-19 00:00:00,3977.300048828125,0
10.0,0.0,4.4,9.621,9.621,1.41,3.0,2.0,1.0,0.0,0.0,-8.867,0.0,6.822,0.0,1.134,0.0,0.461,TCS,2024-03-27 00:00:00,3840.89990234375,0
6.0,0.0,12.0,16.465,16.465,1.922,3.0,1.0,-1.0,0.0,0.0,-8.116,1.0,8.569,0.0,1.565,0.0,0.777,TCS,2024-04-04 00:00:00,4003.300048828125,0
17.0,1.0,5.0,11.107,11.107,2.645,3.0,2.0,-1.0,0.0,0.0,-4.054,0.0,4.199,0.0,0.706,0.0,0.522,TCS,2024-04-12 00:00:00,4001.39990234375,0
0.0,0.0,6.6,12.298,12.298,2.799,3.0,1.0,-1.0,0.0,0.0,-0.666,1.0,4.393,0.0,0.974,0.0,0.566,TCS,2024-04-22 00:00:00,3864.60009765625,0
0.0,0.0,7.6,12.466,12.466,1.923,3.0,4.0,-1.0,-1.0,1.0,-0.538,0.0,6.482,0.0,0.705,0.0,0.583,TCS,2024-04-29 00:00:00,3870.199951171875,0
6.0,0.0,12.0,12.157,12.157,25.222,3.0,1.0,-1.0,-1.0,1.0,-3.785,0.0,0.482,0.0,0.804,0.0,0.598,TCS,2024-05-07 00:00:00,3978.949951171875,0
10.0,0.0,3.2,5.386,5.386,7.498,4.0,1.0,1.0,0.0,0.0,-1.008,0.0,0.718,0.0,0.478,0.0,0.299,TCS,2024-05-14 00:00:00,3901.199951171875,0
10.0,0.0,4.2,5.386,5.386,2.387,4.0,1.0,1.0,0.0,0.0,-4.208,0.0,2.256,0.0,0.987,0.0,0.311,TCS,2024-05-22 00:00:00,3832.0,0
5.0,0.0,12.0,11.914,11.914,2.787,3.0,1.0,1.0,0.0,0.0,-9.75,0.0,4.275,0.0,0.718,0.0,0.642,TCS,2024-05-29 00:00:00,3803.64990234375,0
0.0,0.0,5.6,10.334,10.334,34.448,4.0,1.0,-1.0,-1.0,1.0,-3.439,0.0,0.3,0.0,1.498,0.0,0.57,TCS,2024-06-05 00:00:00,3746.449951171875,0
0.0,0.0,6.6,10.299,10.299,13.261,4.0,1.0,-1.0,0.0,0.0,-7.256,0.0,0.777,0.0,0.598,0.0,0.566,TCS,2024-06-12 00:00:00,3831.64990234375,0
9.0,0.0,3.4,9.007,9.007,1.335,3.0,1.0,-1.0,0.0,0.0,-5.853,0.0,6.748,0.0,0.526,0.0,0.476,TCS,2024-06-20 00:00:00,3787.25,0
1.0,0.0,5.2,8.244,8.244,3.904,4.0,1.0,1.0,0.0,0.0,-1.511,0.0,2.112,0.0,0.631,0.0,0.529,TCS,2024-06-27 00:00:00,3934.14990234375,1
1.0,0.0,6.2,11.065,11.065,36.885,2.0,1.0,1.0,0.0,0.0,-1.511,0.0,0.3,0.0,0.692,0.0,0.672,TCS,2024-07-04 00:00:00,4020.949951171875,0
1.0,0.0,7.2,11.596,11.596,15.582,2.0,1.0,1.0,0.0,0.0,-3.415,0.0,0.744,0.0,1.051,0.0,0.715,TCS,2024-07-11 00:00:00,3923.699951171875,1
5.0,0.0,12.0,16.997,16.997,4.716,1.0,1.0,1.0,1.0,1.0,-0.219,0.0,3.604,0.0,2.13,0.0,1.0,TCS,2024-07-19 00:00:00,4302.39990234375,0
5.0,0.0,12.0,17.818,17.818,15.946,3.0,1.0,1.0,1.0,1.0,-0.899,0.0,1.117,0.0,1.046,0.0,1.0,TCS,2024-07-26 00:00:00,4387.85009765625,0
5.0,0.0,12.0,19.092,19.092,26.193,4.0,1.0,1.0,1.0,1.0,-0.765,0.0,0.729,0.0,0.816,0.0,1.0,TCS,2024-08-02 00:00:00,4283.0498046875,0
5.0,0.0,12.0,20.12,20.12,66.893,4.0,1.0,1.0,1.0,1.0,-5.833,0.0,0.301,0.0,0.883,0.0,1.0,TCS,2024-08-09 00:00:00,4228.75,0
5.0,0.0,12.0,19.01,19.01,9.23,5.0,1.0,1.0,1.0,1.0,-0.337,1.0,2.06,0.0,1.244,0.0,1.0,TCS,2024-08-19 00:00:00,4490.0,0
6.0,0.0,12.0,25.594,25.594,1.386,3.0,1.0,-1.0,1.0,0.0,-24.291,0.0,18.465,0.0,0.645,0.0,1.0,TCS,2024-08-26 00:00:00,4502.4501953125,0
6.0,0.0,12.0,23.816,23.816,1.055,1.0,1.0,-1.0,1.0,0.0,-23.074,0.0,22.576,0.0,1.385,0.0,1.0,TCS,2024-09-02 00:00:00,4521.0498046875,0
6.0,0.0,12.0,21.197,21.197,1.182,2.0,6.0,-1.0,1.0,0.0,-17.902,0.0,17.937,0.0,0.658,0.0,1.0,TCS,2024-09-09 00:00:00,4449.5498046875,0
6.0,0.0,12.0,21.446,21.446,1.069,2.0,4.0,-1.0,1.0,0.0,-19.644,0.0,20.061,0.0,0.587,0.0,1.0,TCS,2024-09-16 00:00:00,4513.25,0
6.0,0.0,12.0,19.678,19.678,1.952,2.0,1.0,-1.0,1.0,0.0,-12.226,0.0,10.08,0.0,2.162,0.0,0.956,TCS,2024-09-23 00:00:00,4268.5,0
6.0,0.0,12.0,17.326,17.326,1.951,2.0,2.0,-1.0,0.0,0.0,-10.604,0.0,8.88,0.0,1.193,0.0,0.882,TCS,2024-09-30 00:00:00,4268.5,0
1.0,0.0,7.2,13.967,13.967,2.555,1.0,1.0,1.0,1.0,1.0,-0.452,1.0,5.466,0.0,2.475,0.0,0.602,INFY,2020-06-29 00:00:00,731.75,1
1.0,0.0,8.2,15.639,15.639,17.463,2.0,1.0,1.0,1.0,1.0,-0.359,0.0,0.896,0.0,0.746,0.0,0.685,INFY,2020-07-06 00:00:00,764.0,1
1.0,0.0,9.2,19.575,19.575,65.251,1.0,1.0,1.0,1.0,1.0,-1.895,0.0,0.3,0.0,0.502,0.0,0.865,INFY,2020-07-13 00:00:00,797.0499877929688,0
1.0,0.0,10.2,39.804,39.804,132.68,1.0,1.0,1.0,1.0,1.0,-5.479,0.0,0.3,0.0,2.489,0.0,1.0,INFY,2020-07-20 00:00:00,934.2999877929688,0
1.0,0.0,11.2,39.385,39.385,131.284,1.0,1.0,1.0,1.0,1.0,-3.417,0.0,0.3,0.0,1.404,0.0,1.0,INFY,2020-07-27 00:00:00,948.4500122070312,0
5.0,0.0,12.0,35.171,35.171,26.752,1.0,1.0,1.0,1.0,1.0,-2.073,0.0,1.315,0.0,0.965,0.0,1.0,INFY,2020-08-03 00:00:00,956.9000244140625,0
5.0,0.0,12.0,35.729,35.729,119.098,1.0,1.0,1.0,1.0,1.0,-3.604,0.0,0.3,0.0,0.608,0.0,1.0,INFY,2020-08-10 00:00:00,951.3499755859375,0
0.0,0.0,4.4,9.746,9.746,32.486,1.0,2.0,-1.0,1.0,0.0,-6.888,0.0,0.3,0.0,0.297,0.0,0.387,INFY,2020-08-17 00:00:00,957.5,0
5.0,0.0,12.0,32.773,32.773,109.243,1.0,1.0,1.0,1.0,1.0,-3.817,0.0,0.3,0.0,0.522,0.0,1.0,INFY,2020-08-24 00:00:00,947.4000244140625,0
9.0,0.0,3.4,4.389,4.389,4.015,3.0,2.0,-1.0,1.0,0.0,-0.236,0.0,1.093,0.0,1.142,0.0,0.251,INFY,2020-08-31 00:00:00,928.5999755859375,0
9.0,0.0,4.4,6.612,6.612,22.041,3.0,4.0,-1.0,1.0,0.0,-0.773,1.0,0.3,0.0,1.22,0.0,0.349,INFY,2020-09-07 00:00:00,925.0499877929688,0
9.0,0.0,5.4,6.612,6.612,5.213,3.0,5.0,-1.0,1.0,0.0,-3.684,0.0,1.268,0.0,0.934,0.0,0.341,INFY,2020-09-14 00:00:00,978.4000244140625,0
9.0,0.0,6.4,11.558,11.558,1.422,2.0,5.0,-1.0,1.0,0.0,-9.873,0.0,8.13,0.0,1.558,0.0,0.555,INFY,2020-09-21 00:00:00,1009.9000244140625,0
9.0,0.0,7.4,13.256,13.256,1.718,1.0,5.0,-1.0,1.0,0.0,-10.892,0.0,7.716,0.0,1.479,0.0,0.579,INFY,2020-09-28 00:00:00,1010.4000244140625,0
1.0,0.0,7.6,13.552,13.552,4.002,1.0,5.0,1.0,1.0,1.0,-0.588,0.0,3.387,0.0,1.559,0.0,0.654,INFY,2020-10-06 00:00:00,1055.75,1
1.0,0.0,8.6,21.385,21.385,71.284,1.0,5.0,1.0,1.0,1.0,-0.693,1.0,0.3,0.0,1.529,0.0,0.996,INFY,2020-10-13 00:00:00,1157.800048828125,0
1.0,0.0,9.6,25.417,25.417,84.722,1.0,5.0,1.0,1.0,1.0,-5.067,0.0,0.3,0.0,1.188,0.0,1.0,INFY,2020-10-20 00:00:00,1137.5,0
1.0,0.0,10.6,25.138,25.138,83.793,1.0,5.0,1.0,1.0,1.0,-6.202,0.0,0.3,0.0,0.578,0.0,1.0,INFY,2020-10-27 00:00:00,1090.8499755859375,0
1.0,0.0,11.6,24.865,24.865,5.429,1.0,5.0,1.0,1.0,1.0,-9.587,0.0,4.58,0.0,0.673,0.0,1.0,INFY,2020-11-03 00:00:00,1062.550048828125,1
6.0,0.0,12.0,28.606,28.606,1.453,1.0,5.0,-1.0,1.0,0.0,-24.608,0.0,19.687,0.0,0.933,0.0,1.0,INFY,2020-11-10 00:00:00,1091.050048828125,0
6.0,0.0,12.0,28.911,28.911,1.425,1.0,5.0,-1.0,1.0,0.0,-24.268,0.0,20.292,0.0,0.103,0.0,1.0,INFY,2020-11-17 00:00:00,1123.699951171875,0
9.0,0.0,2.2,6.308,6.308,1.018,4.0,1.0,-1.0,1.0,0.0,-5.737,0.0,6.197,0.0,1.091,0.0,0.251,INFY,2020-11-24 00:00:00,1140.050048828125,0
6.0,0.0,12.0,29.507,29.507,1.268,1.0,1.0,-1.0,1.0,0.0,-24.621,0.0,23.264,0.0,0.761,0.0,0.945,INFY,2020-12-02 00:00:00,1140.9000244140625,0
10.0,0.0,2.4,6.581,6.581,7.677,1.0,2.0,1.0,1.0,1.0,-1.17,0.0,0.857,0.0,1.095,0.0,0.291,INFY,2020-12-09 00:00:00,1175.199951171875,0
10.0,0.0,3.4,7.663,7.663,25.543,1.0,2.0,1.0,1.0,1.0,-2.111,0.0,0.3,0.0,0.657,0.0,0.367,INFY,2020-12-16 00:00:00,1165.699951171875,0
20.0,1.0,5.0,12.177,12.177,1.0,1.0,3.0,-1.0,1.0,0.0,-11.87,0.0,12.177,0.0,1.034,0.0,0.513,INFY,2020-12-23 00:00:00,1253.050048828125,0
5.0,0.0,12.0,18.247,18.247,26.301,3.0,2.0,1.0,1.0,1.0,-0.957,0.0,0.694,0.0,0.464,0.0,0.814,INFY,2020-12-31 00:00:00,1255.800048828125,0
5.0,0.0,12.0,19.569,19.569,17.858,2.0,2.0,1.0,1.0,1.0,-1.528,1.0,1.096,0.0,0.67,0.0,0.919,INFY,2021-01-07 00:00:00,1262.1500244140625,0
5.0,0.0,12.0,24.633,24.633,12.586,1.0,2.0,1.0,1.0,1.0,-0.406,0.0,1.957,0.0,1.447,0.0,1.0,INFY,2021-01-14 00:00:00,1370.5,0
5.0,0.0,12.0,25.51,25.51,18.079,1.0,2.0,1.0,1.0,1.0,-3.83,0.0,1.411,0.0,0.813,0.0,1.0,INFY,2021-01-21 00:00:00,1339.699951171875,0
5.0,0.0,12.0,26.273,26.273,87.578,1.0,1.0,1.0,1.0,1.0,-8.372,0.0,0.3,0.0,0.465,0.0,1.0,INFY,2021-01-29 00:00:00,1239.050048828125,0
6.0,0.0,12.0,28.853,28.853,1.556,1.0,1.0,-1.0,1.0,0.0,-18.678,0.0,18.546,0.0,0.511,0.0,1.0,INFY,2021-02-05 00:00:00,1272.0999755859375,0
6.0,0.0,12.0,26.858,26.858,1.752,1.0,3.0,-1.0,1.0,0.0,-18.483,0.0,15.333,0.0,0.485,0.0,1.0,INFY,2021-02-12 00:00:00,1309.800048828125,0
6.0,0.0,12.0,26.473,26.473,1.819,1.0,1.0,-1.0,1.0,0.0,-18.465,0.0,14.556,0.0,0.697,0.0,1.0,INFY,2021-02-19 00:00:00,1291.300048828125,0
6.0,0.0,12.0,24.349,24.349,1.749,1.0,1.0,-1.0,1.0,0.0,-14.309,0.0,13.923,0.0,1.006,0.0,0.996,INFY,2021-02-26 00:00:00,1253.300048828125,0
1.0,0.0,6.6,10.292,10.292,34.306,2.0,1.0,1.0,1.0,1.0,-2.456,0.0,0.3,0.0,1.634,0.0,0.441,INFY,2021-03-05 00:00:00,1316.699951171875,1
1.0,0.0,7.6,12.567,12.567,41.89,1.0,1.0,1.0,1.0,1.0,-1.211,0.0,0.3,0.0,1.29,0.0,0.54,INFY,2021-03-15 00:00:00,1373.5999755859375,0
1.0,0.0,8.6,13.816,13.816,46.054,2.0,1.0,1.0,1.0,1.0,-4.378,0.0,0.3,0.0,1.684,0.0,0.573,INFY,2021-03-22 00:00:00,1370.800048828125,0
20.0,1.0,9.0,14.059,14.059,1.563,2.0,1.0,-1.0,0.0,0.0,-8.546,0.0,8.994,0.0,0.661,0.0,0.575,INFY,2021-03-30 00:00:00,1385.300048828125,0
5.0,0.0,12.0,13.819,13.819,42.39,2.0,1.0,1.0,0.0,0.0,-1.048,0.0,0.326,0.0,0.685,0.0,0.622,INFY,2021-04-07 00:00:00,1430.199951171875,0
5.0,0.0,12.0,17.647,17.647,11.131,1.0,1.0,1.0,1.0,1.0,-5.441,0.0,1.585,0.0,1.808,0.0,0.773,INFY,2021-04-15 00:00:00,1360.75,0
5.0,0.0,12.0,18.248,18.248,41.437,1.0,1.0,1.0,0.0,0.0,-8.558,0.0,0.44,0.0,0.808,0.0,0.772,INFY,2021-04-23 00:00:00,1333.800048828125,0
10.0,0.0,5.4,11.103,11.103,1.3,1.0,3.0,1.0,0.0,0.0,-8.203,1.0,8.538,0.0,0.608,0.0,0.495,INFY,2021-04-30 00:00:00,1354.3499755859375,1
0.0,0.0,6.8,12.378,12.378,4.169,1.0,3.0,-1.0,0.0,0.0,-3.662,0.0,2.969,0.0,0.576,0.0,0.524,INFY,2021-05-07 00:00:00,1352.550048828125,0
9.0,0.0,2.0,4.728,4.728,15.759,2.0,2.0,-1.0,0.0,0.0,-0.389,0.0,0.3,0.0,0.874,0.0,0.292,INFY,2021-05-17 00:00:00,1329.4000244140625,0
9.0,0.0,3.0,4.728,4.728,1.874,2.0,2.0,-1.0,0.0,0.0,-3.294,0.0,2.522,0.0,0.935,0.0,0.32,INFY,2021-05-24 00:00:00,1348.050048828125,0
9.0,0.0,4.0,7.926,7.926,1.167,2.0,2.0,-1.0,0.0,0.0,-7.149,0.0,6.79,0.0,0.744,0.0,0.517,INFY,2021-05-31 00:00:00,1393.75,0
10.0,0.0,4.6,7.644,7.644,25.479,2.0,2.0,1.0,0.0,0.0,-2.161,0.0,0.3,0.0,0.745,0.0,0.521,INFY,2021-06-07 00:00:00,1389.6500244140625,1
5.0,0.0,12.0,13.603,13.603,12.862,1.0,2.0,1.0,1.0,1.0,-0.825,1.0,1.058,0.0,1.898,0.0,0.818,INFY,2021-06-21 00:00:00,1500.300048828125,1
5.0,0.0,12.0,16.942,16.942,8.548,1.0,2.0,1.0,1.0,1.0,-0.241,1.0,1.982,0.0,1.352,0.0,1.0,INFY,2021-06-28 00:00:00,1571.800048828125,0
5.0,0.0,12.0,17.84,17.84,11.099,1.0,2.0,1.0,1.0,1.0,-1.458,0.0,1.607,0.0,0.736,0.0,1.0,INFY,2021-07-05 00:00:00,1578.949951171875,0
5.0,0.0,12.0,17.896,17.896,23.504,3.0,2.0,1.0,1.0,1.0,-1.766,0.0,0.761,0.0,0.531,0.0,1.0,INFY,2021-07-12 00:00:00,1547.8499755859375,0
5.0,0.0,12.0,18.358,18.358,48.812,2.0,2.0,1.0,1.0,1.0,-2.593,0.0,0.376,0.0,1.058,0.0,1.0,INFY,2021-07-19 00:00:00,1541.699951171875,0
5.0,0.0,12.0,18.726,18.726,30.648,1.0,2.0,1.0,1.0,1.0,-0.481,0.0,0.611,0.0,0.777,0.0,1.0,INFY,2021-07-27 00:00:00,1602.550048828125,0
10.0,0.0,3.0,6.325,6.325,21.083,1.0,5.0,1.0,1.0,1.0,-0.196,1.0,0.3,0.0,0.976,0.0,0.422,INFY,2021-08-03 00:00:00,1655.199951171875,0
10.0,0.0,4.0,9.152,9.152,30.508,1.0,5.0,1.0,1.0,1.0,-0.988,1.0,0.3,0.0,0.898,0.0,0.61,INFY,2021-08-10 00:00:00,1677.25,0
10.0,0.0,5.0,11.82,11.82,39.4,2.0,5.0,1.0,1.0,1.0,-1.051,0.0,0.3,0.0,0.818,0.0,0.789,INFY,2021-08-17 00:00:00,1741.6500244140625,0
10.0,0.0,6.0,13.981,13.981,46.602,4.0,5.0,1.0,1.0,1.0,-2.057,0.0,0.3,0.0,1.299,0.0,0.855,INFY,2021-08-25 00:00:00,1735.550048828125,0
10.0,0.0,7.0,13.981,13.981,46.602,4.0,5.0,1.0,1.0,1.0,-2.877,0.0,0.3,0.0,2.018,0.0,0.851,INFY,2021-09-01 00:00:00,1677.75,0
6.0,0.0,12.0,20.765,20.765,1.111,4.0,1.0,-1.0,1.0,0.0,-17.421,0.0,18.682,0.0,0.576,0.0,1.0,INFY,2021-09-08 00:00:00,1693.25,0
6.0,0.0,12.0,18.183,18.183,1.27,4.0,1.0,-1.0,1.0,0.0,-15.311,0.0,14.317,0.0,0.702,0.0,1.0,INFY,2021-09-16 00:00:00,1702.25,0
6.0,0.0,12.0,14.203,14.203,1.336,4.0,5.0,-1.0,1.0,0.0,-11.941,0.0,10.631,0.0,0.816,0.0,0.863,INFY,2021-09-23 00:00:00,1742.550048828125,0
6.0,0.0,12.0,16.102,16.102,2.076,1.0,5.0,-1.0,1.0,0.0,-10.334,1.0,7.755,0.0,1.378,0.0,0.927,INFY,2021-09-30 00:00:00,1675.199951171875,0
6.0,0.0,12.0,16.426,16.426,1.578,1.0,5.0,-1.0,0.0,0.0,-9.115,0.0,10.411,0.0,0.745,0.0,0.912,INFY,2021-10-07 00:00:00,1691.0,0
0.0,0.0,5.2,8.119,8.119,1.762,1.0,4.0,-1.0,0.0,0.0,-3.275,0.0,4.608,0.0,1.319,0.0,0.421,INFY,2021-10-14 00:00:00,1715.75,0
0.0,0.0,6.2,11.842,11.842,1.047,1.0,4.0,-1.0,1.0,0.0,-5.961,0.0,11.305,0.0,1.374,0.0,0.526,INFY,2021-10-22 00:00:00,1719.800048828125,0
10.0,0.0,3.4,10.116,10.116,1.307,1.0,2.0,1.0,0.0,0.0,-7.538,0.0,7.738,0.0,0.069,0.0,0.45,INFY,2021-11-08 00:00:00,1737.5,1
10.0,0.0,4.4,10.116,10.116,1.7,1.0,2.0,1.0,0.0,0.0,-3.669,1.0,5.95,0.0,0.78,0.0,0.471,INFY,2021-11-15 00:00:00,1787.1500244140625,0
10.0,0.0,5.4,10.116,10.116,1.93,1.0,2.0,1.0,0.0,0.0,-4.794,0.0,5.241,0.0,1.057,0.0,0.497,INFY,2021-11-23 00:00:00,1736.9000244140625,1
10.0,0.0,6.4,10.116,10.116,1.045,1.0,3.0,1.0,0.0,0.0,-8.206,0.0,9.678,0.0,0.638,0.0,0.494,INFY,2021-11-30 00:00:00,1712.6500244140625,1
0.0,0.0,7.8,11.268,11.268,2.499,1.0,4.0,-1.0,0.0,0.0,-2.062,1.0,4.508,0.0,0.629,0.0,0.484,INFY,2021-12-07 00:00:00,1711.6500244140625,0
12.0,0.0,6.0,8.176,8.176,2.108,3.0,2.0,1.0,0.0,0.0,-3.555,1.0,3.878,0.0,0.824,0.0,0.458,INFY,2021-12-14 00:00:00,1752.1500244140625,1
12.0,0.0,7.0,10.003,10.003,8.358,1.0,2.0,1.0,0.0,0.0,-2.34,0.0,1.197,0.0,1.098,0.0,0.553,INFY,2021-12-21 00:00:00,1811.5999755859375,0
12.0,0.0,8.0,11.869,11.869,39.563,2.0,2.0,1.0,1.0,1.0,-0.512,0.0,0.3,0.0,0.519,0.0,0.668,INFY,2021-12-28 00:00:00,1888.0,0
5.0,0.0,12.0,13.327,13.327,23.645,2.0,4.0,1.0,0.0,0.0,-0.815,0.0,0.564,0.0,0.58,0.0,0.72,INFY,2022-01-04 00:00:00,1899.1500244140625,0
5.0,0.0,12.0,13.67,13.67,6.702,3.0,2.0,1.0,1.0,1.0,-3.307,0.0,2.04,0.0,1.383,0.0,0.714,INFY,2022-01-11 00:00:00,1855.5999755859375,0
5.0,0.0,12.0,15.099,15.099,32.539,1.0,2.0,1.0,1.0,1.0,-0.737,1.0,0.464,0.0,0.985,0.0,0.888,INFY,2022-01-18 00:00:00,1920.75,0
5.0,0.0,12.0,16.861,16.861,33.278,2.0,2.0,1.0,0.0,0.0,-11.111,0.0,0.507,0.0,1.329,0.0,0.889,INFY,2022-01-25 00:00:00,1722.1500244140625,0
17.0,1.0,5.0,17.351,17.351,4.815,2.0,1.0,-1.0,0.0,0.0,-3.141,0.0,3.604,0.0,0.909,0.0,0.756,INFY,2022-02-09 00:00:00,1737.300048828125,0
6.0,0.0,12.0,16.633,16.633,29.33,2.0,2.0,-1.0,0.0,0.0,-4.399,0.0,0.567,0.0,0.799,0.0,0.828,INFY,2022-02-16 00:00:00,1733.300048828125,0
5.0,0.0,12.0,15.302,15.302,9.071,2.0,3.0,1.0,0.0,0.0,-3.439,0.0,1.687,0.0,0.546,0.0,0.725,INFY,2022-03-25 00:00:00,1876.550048828125,0
5.0,0.0,12.0,15.151,15.151,22.838,2.0,3.0,1.0,0.0,0.0,-2.408,0.0,0.663,0.0,0.768,0.0,0.721,INFY,2022-04-01 00:00:00,1903.550048828125,0
9.0,0.0,3.0,6.248,6.248,20.826,2.0,1.0,-1.0,0.0,0.0,-0.191,1.0,0.3,0.0,0.901,0.0,0.319,INFY,2022-04-08 00:00:00,1814.5999755859375,1
9.0,0.0,4.0,17.99,17.99,59.968,2.0,1.0,-1.0,0.0,0.0,-1.975,1.0,0.3,0.0,3.986,0.0,0.899,INFY,2022-04-19 00:00:00,1562.0,0
9.0,0.0,5.0,20.15,20.15,67.165,2.0,2.0,-1.0,-1.0,1.0,-0.716,1.0,0.3,0.0,0.859,0.0,0.986,INFY,2022-04-26 00:00:00,1581.0,0
9.0,0.0,6.0,21.175,21.175,70.584,2.0,1.0,-1.0,-1.0,1.0,-0.653,1.0,0.3,0.0,0.869,0.0,1.0,INFY,2022-05-04 00:00:00,1535.550048828125,0
6.0,0.0,12.0,25.831,25.831,24.839,2.0,1.0,-1.0,-1.0,1.0,-2.027,0.0,1.04,0.0,0.803,0.0,1.0,INFY,2022-05-11 00:00:00,1526.75,0
6.0,0.0,12.0,29.283,29.283,67.885,2.0,2.0,-1.0,-1.0,1.0,-2.692,0.0,0.431,0.0,0.83,0.0,1.0,INFY,2022-05-18 00:00:00,1509.199951171875,0
6.0,0.0,12.0,35.09,35.09,17.711,2.0,1.0,-1.0,-1.0,1.0,-1.647,0.0,1.981,0.0,0.701,0.0,1.0,INFY,2022-05-25 00:00:00,1410.449951171875,0
6.0,0.0,12.0,34.853,34.853,36.392,2.0,1.0,-1.0,-1.0,1.0,-7.458,0.0,0.958,0.0,1.946,0.0,1.0,INFY,2022-06-01 00:00:00,1478.550048828125,0
5.0,0.0,12.0,28.701,28.701,1.621,2.0,1.0,1.0,-1.0,0.0,-21.661,0.0,17.706,0.0,0.608,0.0,1.0,INFY,2022-06-08 00:00:00,1500.0,0
5.0,0.0,12.0,28.257,28.257,1.161,2.0,2.0,1.0,-1.0,0.0,-25.1,0.0,24.342,0.0,0.764,0.0,1.0,INFY,2022-06-15 00:00:00,1422.199951171875,0
5.0,0.0,12.0,29.408,29.408,1.216,3.0,1.0,1.0,-1.0,0.0,-24.445,1.0,24.183,0.0,0.803,0.0,1.0,INFY,2022-06-22 00:00:00,1437.25,0
5.0,0.0,12.0,28.534,28.534,1.206,1.0,1.0,1.0,-1.0,0.0,-22.517,0.0,23.669,0.0,0.561,0.0,1.0,INFY,2022-06-29 00:00:00,1463.25,0
5.0,0.0,12.0,25.948,25.948,1.374,1.0,1.0,1.0,-1.0,0.0,-19.698,1.0,18.88,0.0,0.937,0.0,1.0,INFY,2022-07-06 00:00:00,1491.6500244140625,0
1.0,0.0,7.0,12.964,12.964,14.466,1.0,1.0,1.0,0.0,0.0,-7.486,0.0,0.896,0.0,0.7,0.0,0.584,INFY,2022-07-13 00:00:00,1444.449951171875,0
1.0,0.0,8.0,13.142,13.142,43.808,1.0,1.0,1.0,-1.0,0.0,-4.556,0.0,0.3,0.0,0.522,0.0,0.586,INFY,2022-07-20 00:00:00,1515.300048828125,0
7.0,0.0,1.4,7.331,7.331,21.26,1.0,2.0,1.0,0.0,0.0,-4.338,0.0,0.345,0.0,1.416,0.0,0.332,INFY,2022-07-27 00:00:00,1471.050048828125,1
7.0,0.0,1.4,7.331,7.331,24.437,1.0,2.0,1.0,1.0,1.0,1.757,0.0,0.3,0.0,0.852,0.0,0.332,INFY,2022-08-03 00:00:00,1566.0999755859375,0
7.0,0.0,1.4,7.331,7.331,24.437,1.0,2.0,1.0,1.0,1.0,5.636,0.0,0.3,0.0,0.862,0.0,0.332,INFY,2022-08-11 00:00:00,1619.949951171875,0
5.0,0.0,12.0,16.69,16.69,29.52,2.0,1.0,1.0,0.0,0.0,-2.967,0.0,0.565,0.0,0.762,0.0,0.851,INFY,2022-08-19 00:00:00,1597.0999755859375,0
5.0,0.0,12.0,17.403,17.403,58.009,2.0,1.0,1.0,0.0,0.0,-6.939,1.0,0.3,0.0,0.79,0.0,0.877,INFY,2022-08-26 00:00:00,1521.550048828125,0
8.0,0.0,1.4,5.669,5.669,18.895,2.0,1.0,-1.0,0.0,0.0,5.643,0.0,0.3,0.0,1.066,0.0,0.354,INFY,2022-09-05 00:00:00,1461.300048828125,0
8.0,0.0,1.4,5.669,5.669,18.895,2.0,1.0,-1.0,0.0,0.0,1.835,0.0,0.3,0.0,0.992,0.0,0.354,INFY,2022-09-12 00:00:00,1536.199951171875,0
0.0,0.0,9.6,18.219,18.219,60.731,2.0,1.0,-1.0,0.0,0.0,-0.636,1.0,0.3,0.0,3.597,0.0,0.93,INFY,2022-09-19 00:00:00,1390.300048828125,0
0.0,0.0,10.6,18.747,18.747,62.489,2.0,2.0,-1.0,-1.0,1.0,-0.401,0.0,0.3,0.0,1.758,0.0,0.967,INFY,2022-09-26 00:00:00,1380.25,0
0.0,0.0,11.6,19.041,19.041,63.469,2.0,2.0,-1.0,0.0,0.0,-4.314,1.0,0.3,0.0,1.332,0.0,0.972,INFY,2022-10-03 00:00:00,1393.75,0
0.0,0.0,12.6,18.99,18.99,28.41,2.0,2.0,-1.0,0.0,0.0,-7.945,1.0,0.668,0.0,0.873,0.0,0.986,INFY,2022-10-11 00:00:00,1423.800048828125,0
0.0,0.0,13.6,18.939,18.939,7.717,2.0,2.0,-1.0,0.0,0.0,-9.959,0.0,2.454,0.0,0.689,0.0,0.978,INFY,2022-10-18 00:00:00,1503.699951171875,0
1.0,0.0,7.6,14.714,14.714,49.046,1.0,2.0,1.0,0.0,0.0,-0.127,1.0,0.3,0.0,0.662,0.0,0.829,INFY,2022-11-02 00:00:00,1553.300048828125,0
1.0,0.0,8.6,14.801,14.801,49.336,2.0,2.0,1.0,0.0,0.0,-4.051,1.0,0.3,0.0,0.513,0.0,0.828,INFY,2022-11-10 00:00:00,1501.949951171875,0
5.0,0.0,12.0,15.847,15.847,27.312,2.0,2.0,1.0,1.0,1.0,-0.385,0.0,0.58,0.0,0.744,0.0,0.987,INFY,2022-11-17 00:00:00,1587.4000244140625,0
5.0,0.0,12.0,16.044,16.044,53.48,2.0,2.0,1.0,1.0,1.0,-1.607,1.0,0.3,0.0,0.544,0.0,0.994,INFY,2022-11-24 00:00:00,1629.800048828125,0
5.0,0.0,12.0,18.257,18.257,13.693,2.0,2.0,1.0,1.0,1.0,-1.122,0.0,1.333,0.0,2.005,0.0,1.0,INFY,2022-12-01 00:00:00,1657.0999755859375,0
5.0,0.0,12.0,19.782,19.782,36.091,1.0,2.0,1.0,1.0,1.0,-4.012,0.0,0.548,0.0,0.819,0.0,1.0,INFY,2022-12-08 00:00:00,1620.1500244140625,0
6.0,0.0,12.0,22.844,22.844,1.602,1.0,2.0,-1.0,1.0,0.0,-16.561,0.0,14.256,0.0,0.896,0.0,1.0,INFY,2022-12-15 00:00:00,1540.5,0
6.0,0.0,12.0,23.01,23.01,2.256,1.0,1.0,-1.0,0.0,0.0,-11.406,0.0,10.197,0.0,1.142,0.0,1.0,INFY,2022-12-22 00:00:00,1522.050048828125,0
0.0,0.0,6.2,13.037,13.037,2.865,1.0,1.0,-1.0,0.0,0.0,-1.869,0.0,4.55,0.0,0.931,0.0,0.708,INFY,2022-12-29 00:00:00,1517.550048828125,0
0.0,0.0,7.2,13.217,13.217,2.31,1.0,1.0,-1.0,0.0,0.0,-0.833,0.0,5.721,0.0,1.32,0.0,0.722,INFY,2023-01-05 00:00:00,1475.199951171875,0
0.0,0.0,8.2,15.936,15.936,3.007,1.0,2.0,-1.0,0.0,0.0,-1.711,0.0,5.3,0.0,1.083,0.0,0.831,INFY,2023-01-12 00:00:00,1480.5999755859375,0
0.0,0.0,9.2,16.162,16.162,1.478,1.0,2.0,-1.0,0.0,0.0,-6.837,0.0,10.932,0.0,0.996,0.0,0.83,INFY,2023-01-19 00:00:00,1538.9000244140625,1
0.0,0.0,10.2,16.396,16.396,1.278,1.0,2.0,-1.0,0.0,0.0,-6.671,1.0,12.833,0.0,0.715,0.0,0.849,INFY,2023-01-27 00:00:00,1519.1500244140625,1
1.0,0.0,6.4,8.871,8.871,4.493,1.0,2.0,1.0,0.0,0.0,-0.202,0.0,1.974,0.0,1.079,0.0,0.533,INFY,2023-02-03 00:00:00,1599.4000244140625,0
1.0,0.0,7.4,10.86,10.86,18.709,1.0,2.0,1.0,0.0,0.0,-0.17,0.0,0.58,0.0,1.083,0.0,0.639,INFY,2023-02-10 00:00:00,1608.550048828125,0
1.0,0.0,8.4,10.779,10.779,18.217,3.0,2.0,1.0,0.0,0.0,-1.108,1.0,0.592,0.0,0.7,0.0,0.655,INFY,2023-02-17 00:00:00,1583.800048828125,0
1.0,0.0,9.4,10.698,10.698,2.431,3.0,2.0,1.0,0.0,0.0,-4.263,0.0,4.4,0.0,0.818,0.0,0.668,INFY,2023-02-24 00:00:00,1550.6500244140625,0
1.0,0.0,10.4,10.619,10.619,1.055,3.0,2.0,1.0,0.0,0.0,-9.113,0.0,10.062,0.0,0.802,0.0,0.661,INFY,2023-03-03 00:00:00,1479.300048828125,0
0.0,0.0,6.4,11.111,11.111,10.557,3.0,1.0,-1.0,0.0,0.0,-0.954,1.0,1.052,0.0,0.717,0.0,0.631,INFY,2023-03-13 00:00:00,1435.0999755859375,1
0.0,0.0,7.4,15.239,15.239,50.795,3.0,1.0,-1.0,-1.0,1.0,-1.573,0.0,0.3,0.0,1.638,0.0,0.829,INFY,2023-03-20 00:00:00,1403.6500244140625,0
0.0,0.0,8.4,17.317,17.317,57.723,3.0,1.0,-1.0,0.0,0.0,-0.777,0.0,0.3,0.0,1.292,0.0,0.957,INFY,2023-03-27 00:00:00,1388.949951171875,0
0.0,0.0,9.4,17.798,17.798,59.326,3.0,2.0,-1.0,-1.0,1.0,-3.393,0.0,0.3,0.0,0.882,0.0,0.974,INFY,2023-04-05 00:00:00,1423.550048828125,0
6.0,0.0,12.0,17.867,17.867,59.558,3.0,2.0,-1.0,-1.0,1.0,-4.672,0.0,0.3,0.0,0.958,0.0,0.97,INFY,2023-04-13 00:00:00,1389.199951171875,0
6.0,0.0,12.0,35.512,35.512,30.066,3.0,1.0,-1.0,-1.0,1.0,-3.214,0.0,1.181,0.0,1.215,0.0,1.0,INFY,2023-04-21 00:00:00,1227.3499755859375,0
6.0,0.0,12.0,34.861,34.861,116.202,3.0,1.0,-1.0,-1.0,1.0,-5.142,0.0,0.3,0.0,1.103,0.0,1.0,INFY,2023-04-28 00:00:00,1252.75,0
6.0,0.0,12.0,34.505,34.505,21.832,3.0,1.0,-1.0,-1.0,1.0,-6.226,0.0,1.58,0.0,0.741,0.0,1.0,INFY,2023-05-08 00:00:00,1265.5999755859375,0
5.0,0.0,12.0,26.794,26.794,1.166,2.0,1.0,1.0,-1.0,0.0,-22.96,0.0,22.971,0.0,1.141,0.0,1.0,INFY,2023-05-15 00:00:00,1258.3499755859375,0
5.0,0.0,12.0,26.373,26.373,1.262,3.0,1.0,1.0,-1.0,0.0,-20.842,0.0,20.899,0.0,1.467,0.0,1.0,INFY,2023-05-22 00:00:00,1292.800048828125,0
5.0,0.0,12.0,24.744,24.744,1.568,1.0,1.0,1.0,-1.0,0.0,-16.033,0.0,15.777,0.0,0.709,0.0,1.0,INFY,2023-05-29 00:00:00,1314.4000244140625,0
5.0,0.0,12.0,22.653,22.653,1.829,1.0,1.0,1.0,-1.0,0.0,-14.562,0.0,12.388,0.0,1.353,0.0,1.0,INFY,2023-06-05 00:00:00,1304.5,0
5.0,0.0,12.0,20.417,20.417,1.712,1.0,1.0,1.0,-1.0,0.0,-14.364,0.0,11.923,0.0,0.653,0.0,1.0,INFY,2023-06-12 00:00:00,1291.949951171875,0
7.0,0.0,1.4,3.496,3.496,2.411,2.0,1.0,1.0,-1.0,0.0,-1.359,0.0,1.45,0.0,1.479,0.0,0.316,INFY,2023-06-19 00:00:00,1294.0,0
7.0,0.0,1.4,3.496,3.496,1.243,2.0,1.0,1.0,-1.0,0.0,-3.395,0.0,2.812,0.0,1.254,0.0,0.316,INFY,2023-06-26 00:00:00,1270.3499755859375,1
7.0,0.0,1.0,3.246,3.246,10.82,1.0,2.0,1.0,0.0,0.0,2.293,0.0,0.3,0.0,1.572,0.0,0.345,INFY,2023-07-04 00:00:00,1345.1500244140625,0
7.0,0.0,1.0,3.246,3.246,10.82,1.0,2.0,1.0,1.0,1.0,1.944,0.0,0.3,0.0,0.801,0.0,0.345,INFY,2023-07-11 00:00:00,1348.5999755859375,0
1.0,0.0,4.2,14.047,14.047,46.823,1.0,2.0,1.0,1.0,1.0,-2.468,0.0,0.3,0.0,1.689,0.0,0.922,INFY,2023-07-18 00:00:00,1475.199951171875,0
1.0,0.0,5.2,16.579,16.579,2.556,1.0,2.0,1.0,1.0,1.0,-10.822,0.0,6.486,0.0,0.972,0.0,0.982,INFY,2023-07-25 00:00:00,1334.5999755859375,0
8.0,0.0,1.4,14.68,14.68,5.196,1.0,1.0,-1.0,1.0,0.0,-3.885,0.0,2.825,0.0,0.466,0.0,0.449,INFY,2023-08-01 00:00:00,1365.199951171875,0
8.0,0.0,1.4,14.68,14.68,2.591,1.0,1.0,-1.0,0.0,0.0,-6.743,0.0,5.666,0.0,0.22,0.0,0.449,INFY,2023-08-08 00:00:00,1390.199951171875,0
8.0,0.0,1.4,14.68,14.68,2.591,1.0,1.0,-1.0,0.0,0.0,-6.785,0.0,5.666,0.0,0.254,0.0,0.449,INFY,2023-08-16 00:00:00,1418.5,0
0.0,0.0,6.8,15.24,15.24,1.442,1.0,1.0,-1.0,1.0,0.0,-7.567,0.0,10.57,0.0,0.357,0.0,0.821,INFY,2023-08-23 00:00:00,1407.949951171875,0
0.0,0.0,7.8,15.336,15.336,1.206,1.0,1.0,-1.0,1.0,0.0,-8.632,0.0,12.718,0.0,0.409,0.0,0.881,INFY,2023-08-30 00:00:00,1435.1500244140625,0
0.0,0.0,8.8,15.433,15.433,0.864,1.0,1.0,-1.0,1.0,0.0,-13.326,0.0,17.862,0.0,0.756,0.0,0.885,INFY,2023-09-06 00:00:00,1477.449951171875,0
5.0,0.0,12.0,16.105,16.105,10.073,2.0,2.0,1.0,1.0,1.0,-0.193,1.0,1.599,0.0,0.998,0.0,1.0,INFY,2023-09-13 00:00:00,1498.3499755859375,0
5.0,0.0,12.0,17.188,17.188,18.231,2.0,1.0,1.0,1.0,1.0,-1.854,0.0,0.943,0.0,0.61,0.0,1.0,INFY,2023-09-21 00:00:00,1501.75,0
5.0,0.0,12.0,14.547,14.547,12.59,2.0,1.0,1.0,0.0,0.0,-3.385,0.0,1.155,0.0,0.577,0.0,1.0,INFY,2023-09-28 00:00:00,1439.449951171875,0
9.0,0.0,10.8,16.352,16.352,1.251,2.0,1.0,-1.0,0.0,0.0,-12.142,0.0,13.077,0.0,1.184,0.0,1.0,INFY,2023-10-06 00:00:00,1478.699951171875,0
9.0,0.0,11.8,16.352,16.352,1.07,3.0,1.0,-1.0,1.0,0.0,-12.299,0.0,15.28,0.0,1.777,0.0,1.0,INFY,2023-10-13 00:00:00,1431.1500244140625,0
9.0,0.0,4.6,8.362,8.362,5.006,2.0,1.0,-1.0,0.0,0.0,-2.404,1.0,1.67,0.0,1.132,0.0,0.487,INFY,2023-10-20 00:00:00,1427.25,0
6.0,0.0,12.0,12.449,12.449,8.583,3.0,3.0,-1.0,0.0,0.0,-2.366,0.0,1.45,0.0,0.874,0.0,0.831,INFY,2023-10-30 00:00:00,1377.050048828125,0
6.0,0.0,12.0,12.005,12.005,40.015,3.0,2.0,-1.0,0.0,0.0,-2.767,0.0,0.3,0.0,0.659,0.0,0.818,INFY,2023-11-06 00:00:00,1403.300048828125,0
6.0,0.0,12.0,12.182,12.182,38.779,3.0,2.0,-1.0,0.0,0.0,-1.273,1.0,0.314,0.0,0.589,0.0,0.823,INFY,2023-11-13 00:00:00,1373.550048828125,0
10.0,0.0,2.6,7.23,7.23,24.101,3.0,1.0,1.0,0.0,0.0,-1.156,0.0,0.3,0.0,0.857,0.0,0.529,INFY,2023-11-21 00:00:00,1439.0,0
10.0,0.0,3.6,8.261,8.261,27.536,1.0,1.0,1.0,0.0,0.0,-1.717,0.0,0.3,0.0,0.95,0.0,0.61,INFY,2023-11-29 00:00:00,1459.5999755859375,0
20.0,1.0,6.4,8.835,8.835,1.136,3.0,2.0,-1.0,0.0,0.0,-7.569,0.0,7.781,0.0,1.163,0.0,0.626,INFY,2023-12-06 00:00:00,1474.300048828125,0
5.0,0.0,12.0,11.129,11.129,5.432,3.0,2.0,1.0,0.0,0.0,-2.789,0.0,2.049,0.0,1.2,0.0,0.782,INFY,2023-12-13 00:00:00,1449.0,1
5.0,0.0,12.0,15.488,15.488,16.036,2.0,2.0,1.0,1.0,1.0,-2.178,0.0,0.966,0.0,0.774,0.0,1.0,INFY,2023-12-20 00:00:00,1536.4000244140625,0
5.0,0.0,12.0,15.401,15.401,10.448,2.0,2.0,1.0,0.0,0.0,-1.626,0.0,1.474,0.0,0.762,0.0,0.971,INFY,2023-12-28 00:00:00,1562.6500244140625,0
5.0,0.0,12.0,16.198,16.198,53.993,2.0,2.0,1.0,1.0,1.0,-6.466,0.0,0.3,0.0,1.37,0.0,0.99,INFY,2024-01-04 00:00:00,1512.699951171875,0
5.0,0.0,12.0,15.879,15.879,16.198,2.0,2.0,1.0,1.0,1.0,-4.589,0.0,0.98,0.0,0.749,0.0,1.0,INFY,2024-01-11 00:00:00,1494.199951171875,1
5.0,0.0,12.0,19.101,19.101,15.704,1.0,2.0,1.0,1.0,1.0,-1.487,0.0,1.216,0.0,1.546,0.0,1.0,INFY,2024-01-18 00:00:00,1642.5999755859375,0
5.0,0.0,12.0,19.705,19.705,29.631,3.0,1.0,1.0,1.0,1.0,-0.681,0.0,0.665,0.0,1.433,0.0,1.0,INFY,2024-01-29 00:00:00,1656.5999755859375,0
5.0,0.0,12.0,21.112,21.112,12.61,1.0,1.0,1.0,1.0,1.0,-1.463,0.0,1.674,0.0,1.226,0.0,1.0,INFY,2024-02-05 00:00:00,1687.199951171875,0
5.0,0.0,12.0,21.694,21.694,37.922,2.0,1.0,1.0,1.0,1.0,-3.673,0.0,0.572,0.0,0.701,0.0,1.0,INFY,2024-02-12 00:00:00,1680.0999755859375,0
5.0,0.0,12.0,17.98,17.98,22.332,2.0,3.0,1.0,1.0,1.0,-1.809,1.0,0.805,0.0,0.758,0.0,1.0,INFY,2024-02-19 00:00:00,1699.75,0
0.0,0.0,5.6,6.902,6.902,1.741,2.0,3.0,-1.0,1.0,0.0,-3.493,0.0,3.965,0.0,0.907,0.0,0.371,INFY,2024-02-26 00:00:00,1660.1500244140625,1
6.0,0.0,12.0,20.338,20.338,1.517,2.0,1.0,-1.0,1.0,0.0,-15.459,0.0,13.406,0.0,0.983,0.0,0.984,INFY,2024-03-04 00:00:00,1637.199951171875,0
10.0,0.0,3.6,7.917,7.917,1.097,2.0,1.0,1.0,0.0,0.0,-6.48,0.0,7.216,0.0,1.346,0.0,0.478,INFY,2024-03-12 00:00:00,1612.949951171875,0
6.0,0.0,12.0,16.037,16.037,2.56,2.0,3.0,-1.0,0.0,0.0,-7.806,0.0,6.265,0.0,0.787,0.0,0.809,INFY,2024-03-19 00:00:00,1561.449951171875,0
6.0,0.0,12.0,16.508,16.508,16.649,2.0,4.0,-1.0,0.0,0.0,-0.407,1.0,0.992,0.0,1.271,0.0,0.821,INFY,2024-03-27 00:00:00,1483.8499755859375,0
6.0,0.0,12.0,17.425,17.425,17.855,2.0,3.0,-1.0,-1.0,1.0,-0.383,1.0,0.976,0.0,1.278,0.0,0.86,INFY,2024-04-04 00:00:00,1486.699951171875,0
6.0,0.0,12.0,17.735,17.735,16.933,2.0,3.0,-1.0,-1.0,1.0,-2.643,0.0,1.047,0.0,0.963,0.0,0.901,INFY,2024-04-12 00:00:00,1484.75,0
6.0,0.0,12.0,25.102,25.102,22.708,2.0,1.0,-1.0,-1.0,1.0,-2.357,1.0,1.105,0.0,2.854,0.0,1.0,INFY,2024-04-22 00:00:00,1432.75,0
6.0,0.0,12.0,24.768,24.768,23.383,2.0,1.0,-1.0,-1.0,1.0,-3.735,0.0,1.059,0.0,1.133,0.0,1.0,INFY,2024-04-29 00:00:00,1434.75,0
6.0,0.0,12.0,24.844,24.844,17.891,2.0,1.0,-1.0,-1.0,1.0,-3.42,0.0,1.389,0.0,0.889,0.0,1.0,INFY,2024-05-07 00:00:00,1440.949951171875,0
5.0,0.0,12.0,19.805,19.805,1.237,2.0,1.0,1.0,-1.0,0.0,-16.83,0.0,16.005,0.0,0.51,0.0,1.0,INFY,2024-05-14 00:00:00,1424.699951171875,1
5.0,0.0,12.0,19.576,19.576,1.226,1.0,1.0,1.0,-1.0,0.0,-16.205,0.0,15.964,0.0,0.899,0.0,1.0,INFY,2024-05-22 00:00:00,1454.800048828125,1
5.0,0.0,12.0,18.616,18.616,1.546,2.0,1.0,1.0,-1.0,0.0,-13.079,0.0,12.038,0.0,0.805,0.0,1.0,INFY,2024-05-29 00:00:00,1450.949951171875,1
5.0,0.0,12.0,18.697,18.697,1.098,2.0,1.0,1.0,-1.0,0.0,-16.27,0.0,17.032,0.0,1.603,0.0,1.0,INFY,2024-06-05 00:00:00,1430.0999755859375,1
5.0,0.0,12.0,18.562,18.562,2.516,1.0,1.0,1.0,0.0,0.0,-9.772,0.0,7.378,0.0,0.536,0.0,1.0,INFY,2024-06-12 00:00:00,1485.199951171875,1
5.0,0.0,12.0,15.412,15.412,3.717,1.0,1.0,1.0,0.0,0.0,-5.482,0.0,4.147,0.0,0.611,0.0,0.966,INFY,2024-06-20 00:00:00,1515.4000244140625,1
5.0,0.0,12.0,12.942,12.942,34.983,1.0,1.0,1.0,0.0,0.0,-1.095,0.0,0.37,0.0,0.545,0.0,0.825,INFY,2024-06-27 00:00:00,1573.3499755859375,0
5.0,0.0,12.0,17.061,17.061,12.974,2.0,1.0,1.0,1.0,1.0,-0.526,0.0,1.315,0.0,0.809,0.0,1.0,INFY,2024-07-04 00:00:00,1650.6500244140625,1
5.0,0.0,12.0,19.151,19.151,29.5,4.0,1.0,1.0,1.0,1.0,-1.538,0.0,0.649,0.0,1.102,0.0,1.0,INFY,2024-07-11 00:00:00,1652.699951171875,1
5.0,0.0,12.0,23.153,23.153,10.424,1.0,1.0,1.0,1.0,1.0,-0.416,0.0,2.221,0.0,1.329,0.0,1.0,INFY,2024-07-19 00:00:00,1792.949951171875,0
5.0,0.0,12.0,26.613,26.613,37.794,3.0,1.0,1.0,1.0,1.0,-1.039,0.0,0.704,0.0,0.655,0.0,1.0,INFY,2024-07-26 00:00:00,1878.9000244140625,0
5.0,0.0,12.0,29.399,29.399,72.62,1.0,1.0,1.0,1.0,1.0,-2.648,0.0,0.405,0.0,0.852,0.0,1.0,INFY,2024-08-02 00:00:00,1821.199951171875,0
5.0,0.0,12.0,31.245,31.245,33.934,1.0,1.0,1.0,1.0,1.0,-8.4,0.0,0.921,0.0,0.701,0.0,1.0,INFY,2024-08-09 00:00:00,1770.75,0
6.0,0.0,12.0,37.438,37.438,1.338,1.0,1.0,-1.0,1.0,0.0,-36.854,0.0,27.98,0.0,0.832,0.0,1.0,INFY,2024-08-19 00:00:00,1864.800048828125,0
6.0,0.0,12.0,37.537,37.537,1.262,2.0,1.0,-1.0,1.0,0.0,-37.085,0.0,29.749,0.0,0.586,0.0,1.0,INFY,2024-08-26 00:00:00,1876.1500244140625,0
6.0,0.0,12.0,38.518,38.518,1.06,3.0,1.0,-1.0,1.0,0.0,-38.821,0.0,36.354,0.0,1.719,0.0,1.0,INFY,2024-09-02 00:00:00,1964.5,0
6.0,0.0,12.0,33.194,33.194,1.092,2.0,3.0,-1.0,1.0,0.0,-28.265,0.0,30.386,0.0,0.802,0.0,1.0,INFY,2024-09-09 00:00:00,1894.6500244140625,0
6.0,0.0,12.0,31.454,31.454,1.075,2.0,1.0,-1.0,1.0,0.0,-29.684,0.0,29.246,0.0,0.53,0.0,1.0,INFY,2024-09-16 00:00:00,1950.25,0
6.0,0.0,12.0,28.201,28.201,1.299,2.0,1.0,-1.0,1.0,0.0,-24.392,0.0,21.715,0.0,2.134,0.0,1.0,INFY,2024-09-23 00:00:00,1896.449951171875,0
6.0,0.0,12.0,21.067,21.067,1.073,3.0,2.0,-1.0,1.0,0.0,-17.122,0.0,19.626,0.0,2.13,0.0,1.0,INFY,2024-09-30 00:00:00,1875.5999755859375,0
20.0,1.0,8.0,29.119,29.119,1.015,2.0,1.0,-1.0,1.0,0.0,-27.884,0.0,28.677,0.0,0.961,0.0,0.681,HDFCBANK,2020-06-29 00:00:00,538.0250244140625,0
5.0,0.0,12.0,26.552,26.552,72.191,1.0,1.0,1.0,1.0,1.0,-3.357,0.0,0.368,0.0,0.654,0.0,0.767,HDFCBANK,2020-07-06 00:00:00,551.5,0
5.0,0.0,12.0,27.473,27.473,54.703,2.0,1.0,1.0,1.0,1.0,-2.178,0.0,0.502,0.0,0.438,0.0,0.91,HDFCBANK,2020-07-13 00:00:00,540.125,0
5.0,0.0,12.0,27.639,27.639,7.562,2.0,1.0,1.0,1.0,1.0,-2.766,0.0,3.655,0.0,0.744,0.0,0.9,HDFCBANK,2020-07-20 00:00:00,566.5250244140625,0
5.0,0.0,12.0,29.653,29.653,18.591,2.0,1.0,1.0,1.0,1.0,-3.355,0.0,1.595,0.0,0.516,0.0,1.0,HDFCBANK,2020-07-27 00:00:00,539.75,0
6.0,0.0,12.0,35.719,35.719,2.579,2.0,1.0,-1.0,1.0,0.0,-25.021,0.0,13.847,0.0,0.986,0.0,1.0,HDFCBANK,2020-08-03 00:00:00,501.0,0
6.0,0.0,12.0,37.364,37.364,2.086,2.0,1.0,-1.0,1.0,0.0,-26.359,0.0,17.908,0.0,0.649,0.0,1.0,HDFCBANK,2020-08-10 00:00:00,525.3250122070312,0
6.0,0.0,12.0,38.732,38.732,1.431,2.0,1.0,-1.0,0.0,0.0,-24.176,0.0,27.067,0.0,0.572,0.0,1.0,HDFCBANK,2020-08-17 00:00:00,516.375,0
1.0,0.0,5.4,15.849,15.849,52.829,2.0,1.0,1.0,1.0,1.0,-6.244,0.0,0.3,0.0,0.979,0.0,0.56,HDFCBANK,2020-08-24 00:00:00,558.5250244140625,0
1.0,0.0,6.4,16.246,16.246,54.154,2.0,1.0,1.0,1.0,1.0,-3.752,0.0,0.3,0.0,1.308,0.0,0.568,HDFCBANK,2020-08-31 00:00:00,557.9249877929688,0
21.0,1.0,7.4,14.358,14.358,3.715,2.0,1.0,1.0,1.0,1.0,-3.338,0.0,3.865,0.0,0.812,0.0,0.571,HDFCBANK,2020-09-07 00:00:00,555.25,0
21.0,1.0,8.4,14.358,14.358,2.12,2.0,1.0,1.0,0.0,0.0,-6.848,0.0,6.772,0.0,0.752,0.0,0.587,HDFCBANK,2020-09-14 00:00:00,528.9749755859375,1
13.0,1.0,8.8,16.611,16.611,1.663,1.0,1.0,-1.0,0.0,0.0,-6.475,0.0,9.99,0.0,0.904,0.0,0.594,HDFCBANK,2020-09-21 00:00:00,524.6500244140625,0
13.0,1.0,9.8,16.611,16.611,2.798,1.0,1.0,-1.0,0.0,0.0,-5.136,0.0,5.937,0.0,0.805,0.0,0.599,HDFCBANK,2020-09-28 00:00:00,527.0999755859375,0
10.0,0.0,7.0,11.194,11.194,3.402,3.0,3.0,1.0,0.0,0.0,-2.999,1.0,3.29,0.0,0.788,0.0,0.504,HDFCBANK,2020-10-06 00:00:00,572.0499877929688,1
10.0,0.0,8.0,19.372,19.372,64.575,2.0,3.0,1.0,1.0,1.0,-2.342,0.0,0.3,0.0,0.862,0.0,0.837,HDFCBANK,2020-10-13 00:00:00,599.2249755859375,0
10.0,0.0,9.0,19.372,19.372,64.575,2.0,3.0,1.0,1.0,1.0,-3.154,1.0,0.3,0.0,1.852,0.0,0.797,HDFCBANK,2020-10-20 00:00:00,611.9749755859375,0
5.0,0.0,12.0,21.306,21.306,40.952,3.0,1.0,1.0,1.0,1.0,-3.205,0.0,0.52,0.0,0.817,0.0,0.918,HDFCBANK,2020-10-27 00:00:00,616.5499877929688,0
5.0,0.0,12.0,18.992,18.992,6.114,3.0,3.0,1.0,1.0,1.0,-2.858,0.0,3.106,0.0,0.974,0.0,0.83,HDFCBANK,2020-11-03 00:00:00,623.9749755859375,1
5.0,0.0,12.0,24.3,24.3,12.85,1.0,3.0,1.0,1.0,1.0,-0.401,1.0,1.891,0.0,1.141,0.0,1.0,HDFCBANK,2020-11-10 00:00:00,696.8250122070312,0
5.0,0.0,12.0,28.459,28.459,86.622,1.0,3.0,1.0,1.0,1.0,-3.188,0.0,0.329,0.0,0.079,0.0,1.0,HDFCBANK,2020-11-17 00:00:00,704.2249755859375,0
5.0,0.0,12.0,28.585,28.585,20.709,2.0,3.0,1.0,1.0,1.0,-2.041,1.0,1.38,0.0,1.107,0.0,1.0,HDFCBANK,2020-11-24 00:00:00,719.0999755859375,0
5.0,0.0,12.0,30.657,30.657,56.333,1.0,3.0,1.0,1.0,1.0,-2.124,0.0,0.544,0.0,0.754,0.0,1.0,HDFCBANK,2020-12-02 00:00:00,703.4749755859375,0
6.0,0.0,12.0,41.533,41.533,1.328,1.0,3.0,-1.0,1.0,0.0,-34.273,0.0,31.273,0.0,0.829,0.0,1.0,HDFCBANK,2020-12-09 00:00:00,703.5999755859375,0
0.0,0.0,4.8,8.616,8.616,3.622,1.0,1.0,-1.0,1.0,0.0,-3.289,0.0,2.379,0.0,0.925,0.0,0.357,HDFCBANK,2020-12-16 00:00:00,705.3499755859375,0
6.0,0.0,12.0,40.007,40.007,1.276,1.0,1.0,-1.0,1.0,0.0,-31.693,0.0,31.36,0.0,0.962,0.0,1.0,HDFCBANK,2020-12-23 00:00:00,687.8250122070312,0
6.0,0.0,12.0,29.56,29.56,1.143,1.0,1.0,-1.0,1.0,0.0,-27.198,0.0,25.854,0.0,0.689,0.0,1.0,HDFCBANK,2020-12-31 00:00:00,718.1500244140625,0
9.0,0.0,2.8,7.435,7.435,1.053,7.0,1.0,-1.0,1.0,0.0,-5.617,0.0,7.063,0.0,1.252,0.0,0.345,HDFCBANK,2021-01-07 00:00:00,708.125,0
1.0,0.0,4.2,10.527,10.527,35.089,1.0,1.0,1.0,1.0,1.0,-1.754,1.0,0.3,0.0,0.95,0.0,0.534,HDFCBANK,2021-01-14 00:00:00,734.375,0
1.0,0.0,5.2,11.553,11.553,38.511,1.0,1.0,1.0,1.0,1.0,-1.3,0.0,0.3,0.0,0.732,0.0,0.576,HDFCBANK,2021-01-21 00:00:00,737.4000244140625,0
1.0,0.0,6.2,11.766,11.766,1.698,1.0,2.0,1.0,0.0,0.0,-9.275,0.0,6.928,0.0,2.197,0.0,0.55,HDFCBANK,2021-01-29 00:00:00,695.25,1
7.0,0.0,1.0,15.756,15.756,52.521,1.0,1.0,1.0,1.0,1.0,0.038,0.0,0.3,0.0,0.748,0.0,0.356,HDFCBANK,2021-02-05 00:00:00,798.7999877929688,0
5.0,0.0,12.0,18.421,18.421,35.54,2.0,2.0,1.0,1.0,1.0,-3.634,0.0,0.518,0.0,0.634,0.0,0.815,HDFCBANK,2021-02-12 00:00:00,790.9749755859375,0
5.0,0.0,12.0,19.237,19.237,47.46,1.0,2.0,1.0,1.0,1.0,-5.283,0.0,0.405,0.0,0.714,0.0,0.84,HDFCBANK,2021-02-19 00:00:00,769.5499877929688,0
5.0,0.0,12.0,18.613,18.613,62.043,2.0,2.0,1.0,1.0,1.0,-2.108,0.0,0.3,0.0,0.998,0.0,0.831,HDFCBANK,2021-02-26 00:00:00,767.2000122070312,0
5.0,0.0,12.0,19.265,19.265,23.089,2.0,2.0,1.0,1.0,1.0,-5.42,0.0,0.834,0.0,0.837,0.0,0.82,HDFCBANK,2021-03-05 00:00:00,765.0,0
10.0,0.0,2.4,7.563,7.563,1.223,1.0,2.0,1.0,1.0,1.0,-5.152,1.0,6.185,0.0,0.968,0.0,0.289,HDFCBANK,2021-03-15 00:00:00,764.3250122070312,0
10.0,0.0,3.4,9.913,9.913,1.0,1.0,2.0,1.0,0.0,0.0,-8.48,0.0,9.913,0.0,1.289,0.0,0.392,HDFCBANK,2021-03-22 00:00:00,734.5750122070312,0
10.0,0.0,4.4,11.367,11.367,1.146,1.0,1.0,1.0,0.0,0.0,-8.859,0.0,9.916,0.0,0.722,0.0,0.464,HDFCBANK,2021-03-30 00:00:00,776.8499755859375,0
6.0,0.0,12.0,21.352,21.352,49.017,2.0,1.0,-1.0,0.0,0.0,-4.348,0.0,0.436,0.0,0.934,0.0,0.731,HDFCBANK,2021-04-15 00:00:00,715.0499877929688,0
6.0,0.0,12.0,21.019,21.019,69.534,2.0,1.0,-1.0,-1.0,1.0,-5.999,1.0,0.302,0.0,1.876,0.0,0.715,HDFCBANK,2021-04-23 00:00:00,707.0750122070312,0
6.0,0.0,12.0,20.712,20.712,2.545,2.0,1.0,-1.0,-1.0,1.0,-8.832,0.0,8.137,0.0,1.18,0.0,0.693,HDFCBANK,2021-04-30 00:00:00,706.1500244140625,0
5.0,0.0,12.0,18.027,18.027,1.422,2.0,1.0,1.0,-1.0,0.0,-14.631,0.0,12.682,0.0,0.58,0.0,0.727,HDFCBANK,2021-05-07 00:00:00,707.375,0
0.0,0.0,3.8,9.578,9.578,9.172,1.0,3.0,-1.0,-1.0,1.0,-1.152,0.0,1.044,0.0,0.516,0.0,0.403,HDFCBANK,2021-05-17 00:00:00,720.125,0
0.0,0.0,4.8,9.547,9.547,1.174,2.0,3.0,-1.0,-1.0,1.0,-9.208,0.0,8.135,0.0,0.993,0.0,0.38,HDFCBANK,2021-05-24 00:00:00,754.9749755859375,0
5.0,0.0,12.0,16.097,16.097,4.438,2.0,1.0,1.0,0.0,0.0,-6.034,1.0,3.627,0.0,0.917,0.0,0.677,HDFCBANK,2021-05-31 00:00:00,757.9249877929688,0
5.0,0.0,12.0,16.144,16.144,8.019,1.0,1.0,1.0,0.0,0.0,-6.191,0.0,2.013,0.0,0.499,0.0,0.7,HDFCBANK,2021-06-07 00:00:00,749.9249877929688,0
9.0,0.0,3.0,4.414,4.414,1.893,5.0,1.0,-1.0,0.0,0.0,-1.634,0.0,2.332,0.0,0.552,0.0,0.262,HDFCBANK,2021-06-14 00:00:00,739.7249755859375,0
9.0,0.0,4.0,4.923,4.923,2.613,5.0,2.0,-1.0,0.0,0.0,-1.704,0.0,1.884,0.0,0.99,0.0,0.298,HDFCBANK,2021-06-21 00:00:00,744.3499755859375,0
9.0,0.0,5.0,4.923,4.923,1.209,6.0,3.0,-1.0,1.0,0.0,-4.131,0.0,4.072,0.0,0.878,0.0,0.298,HDFCBANK,2021-06-28 00:00:00,754.1749877929688,1
9.0,0.0,4.8,4.948,4.948,2.102,5.0,3.0,-1.0,0.0,0.0,-1.746,0.0,2.354,0.0,1.423,0.0,0.339,HDFCBANK,2021-07-05 00:00:00,747.7249755859375,0
9.0,0.0,5.8,6.21,6.21,1.481,3.0,3.0,-1.0,0.0,0.0,-3.23,1.0,4.192,0.0,1.021,0.0,0.414,HDFCBANK,2021-07-12 00:00:00,743.5,0
10.0,0.0,2.2,4.423,4.423,2.574,3.0,3.0,1.0,1.0,1.0,-1.488,1.0,1.718,0.0,0.449,0.0,0.325,HDFCBANK,2021-07-19 00:00:00,735.5,0
10.0,0.0,3.2,7.587,7.587,1.0,3.0,1.0,1.0,0.0,0.0,-7.17,0.0,7.587,0.0,0.978,0.0,0.563,HDFCBANK,2021-07-27 00:00:00,719.875,1
6.0,0.0,12.0,11.596,11.596,8.101,3.0,2.0,-1.0,0.0,0.0,-2.994,0.0,1.431,0.0,1.021,0.0,0.692,HDFCBANK,2021-08-03 00:00:00,717.3499755859375,0
9.0,0.0,4.6,9.525,9.525,6.054,2.0,3.0,-1.0,0.0,0.0,-7.115,0.0,1.573,0.0,0.756,0.0,0.606,HDFCBANK,2021-08-10 00:00:00,753.8250122070312,0
9.0,0.0,5.6,9.525,9.525,2.772,2.0,3.0,-1.0,0.0,0.0,-9.017,0.0,3.437,0.0,0.445,0.0,0.603,HDFCBANK,2021-08-17 00:00:00,757.3250122070312,0
1.0,0.0,7.0,11.364,11.364,11.193,1.0,3.0,1.0,0.0,0.0,-0.123,0.0,1.015,0.0,0.871,0.0,0.726,HDFCBANK,2021-09-01 00:00:00,789.5499877929688,0
1.0,0.0,8.0,12.23,12.23,6.244,3.0,3.0,1.0,0.0,0.0,-1.799,0.0,1.959,0.0,0.544,0.0,0.788,HDFCBANK,2021-09-08 00:00:00,788.2000122070312,0
1.0,0.0,9.0,12.168,12.168,3.271,3.0,3.0,1.0,0.0,0.0,-3.204,0.0,3.72,0.0,1.148,0.0,0.804,HDFCBANK,2021-09-16 00:00:00,779.9749755859375,0
11.0,0.0,4.8,7.533,7.533,1.746,3.0,1.0,-1.0,0.0,0.0,-3.206,0.0,4.313,0.0,0.93,0.0,0.439,HDFCBANK,2021-09-23 00:00:00,785.0,0
5.0,0.0,12.0,14.525,14.525,26.609,2.0,3.0,1.0,1.0,1.0,-2.547,0.0,0.546,0.0,1.251,0.0,0.918,HDFCBANK,2021-09-30 00:00:00,797.4749755859375,0
5.0,0.0,12.0,14.335,14.335,8.297,2.0,3.0,1.0,1.0,1.0,-1.26,0.0,1.728,0.0,1.415,0.0,0.917,HDFCBANK,2021-10-07 00:00:00,805.25,0
6.0,0.0,12.0,16.587,16.587,1.379,3.0,3.0,-1.0,1.0,0.0,-16.766,0.0,12.033,0.0,0.481,0.0,0.949,HDFCBANK,2021-10-14 00:00:00,843.7000122070312,0
6.0,0.0,12.0,22.296,22.296,1.325,1.0,3.0,-1.0,1.0,0.0,-19.395,0.0,16.822,0.0,0.767,0.0,1.0,HDFCBANK,2021-10-22 00:00:00,840.375,0
6.0,0.0,12.0,21.956,21.956,1.463,1.0,1.0,-1.0,1.0,0.0,-13.021,0.0,15.007,0.0,1.421,0.0,1.0,HDFCBANK,2021-10-29 00:00:00,791.4249877929688,0
10.0,0.0,4.8,9.565,9.565,1.223,1.0,2.0,1.0,0.0,0.0,-7.597,0.0,7.82,0.0,0.093,0.0,0.509,HDFCBANK,2021-11-08 00:00:00,800.125,0
10.0,0.0,5.8,10.98,10.98,1.053,1.0,1.0,1.0,0.0,0.0,-9.971,0.0,10.432,0.0,1.231,0.0,0.617,HDFCBANK,2021-11-15 00:00:00,778.625,0
0.0,0.0,7.6,14.778,14.778,9.538,1.0,1.0,-1.0,0.0,0.0,-1.087,0.0,1.549,0.0,1.254,0.0,0.758,HDFCBANK,2021-11-23 00:00:00,757.7750244140625,0
0.0,0.0,8.6,17.263,17.263,57.542,1.0,1.0,-1.0,0.0,0.0,-2.685,0.0,0.3,0.0,1.022,0.0,0.884,HDFCBANK,2021-11-30 00:00:00,746.7750244140625,0
0.0,0.0,9.6,17.325,17.325,57.75,1.0,1.0,-1.0,0.0,0.0,-2.859,0.0,0.3,0.0,0.556,0.0,0.889,HDFCBANK,2021-12-07 00:00:00,762.8499755859375,0
6.0,0.0,12.0,17.404,17.404,9.925,1.0,1.0,-1.0,0.0,0.0,-3.362,0.0,1.754,0.0,0.811,0.0,0.902,HDFCBANK,2021-12-14 00:00:00,751.2249755859375,0
6.0,0.0,12.0,21.808,21.808,9.611,1.0,1.0,-1.0,-1.0,1.0,-0.817,1.0,2.269,0.0,1.654,0.0,1.0,HDFCBANK,2021-12-21 00:00:00,720.9000244140625,0
6.0,0.0,12.0,21.43,21.43,71.432,1.0,1.0,-1.0,-1.0,1.0,-2.595,0.0,0.3,0.0,0.389,0.0,1.0,HDFCBANK,2021-12-28 00:00:00,730.4000244140625,0
5.0,0.0,12.0,19.305,19.305,2.392,1.0,1.0,1.0,-1.0,0.0,-11.904,1.0,8.072,0.0,0.78,0.0,1.0,HDFCBANK,2022-01-04 00:00:00,764.2750244140625,0
5.0,0.0,12.0,18.425,18.425,2.191,1.0,1.0,1.0,0.0,0.0,-9.614,0.0,8.409,0.0,0.754,0.0,1.0,HDFCBANK,2022-01-11 00:00:00,782.9500122070312,0
5.0,0.0,12.0,17.486,17.486,1.819,1.0,1.0,1.0,0.0,0.0,-10.919,0.0,9.615,0.0,1.871,0.0,1.0,HDFCBANK,2022-01-18 00:00:00,764.625,0
11.0,0.0,10.0,11.495,11.495,1.517,4.0,1.0,-1.0,0.0,0.0,-5.13,0.0,7.577,0.0,0.961,0.0,0.582,HDFCBANK,2022-01-25 00:00:00,744.0250244140625,1
1.0,0.0,9.2,10.237,10.237,1.42,3.0,1.0,1.0,0.0,0.0,-5.052,1.0,7.207,0.0,1.146,0.0,0.546,HDFCBANK,2022-02-02 00:00:00,765.5999755859375,0
0.0,0.0,8.8,11.279,11.279,4.363,3.0,1.0,-1.0,0.0,0.0,-3.377,0.0,2.585,0.0,1.083,0.0,0.536,HDFCBANK,2022-02-09 00:00:00,748.7999877929688,1
9.0,0.0,1.8,6.604,6.604,1.187,3.0,1.0,-1.0,0.0,0.0,-5.071,0.0,5.562,0.0,1.051,0.0,0.271,HDFCBANK,2022-02-16 00:00:00,757.875,1
9.0,0.0,2.8,6.604,6.604,1.23,4.0,1.0,-1.0,0.0,0.0,-4.579,1.0,5.368,0.0,0.863,0.0,0.29,HDFCBANK,2022-02-23 00:00:00,750.4500122070312,1
9.0,0.0,3.8,12.845,12.845,42.816,4.0,1.0,-1.0,0.0,0.0,-1.466,1.0,0.3,0.0,2.719,0.0,0.534,HDFCBANK,2022-03-03 00:00:00,685.5,0
9.0,0.0,4.8,17.165,17.165,57.215,4.0,2.0,-1.0,-1.0,1.0,-6.126,0.0,0.3,0.0,1.398,0.0,0.683,HDFCBANK,2022-03-10 00:00:00,696.3499755859375,0
9.0,0.0,5.8,17.165,17.165,23.727,4.0,2.0,-1.0,0.0,0.0,-12.086,0.0,0.723,0.0,0.788,0.0,0.688,HDFCBANK,2022-03-17 00:00:00,740.0250244140625,0
9.0,0.0,6.8,17.165,17.165,9.878,4.0,2.0,-1.0,0.0,0.0,-11.66,1.0,1.738,0.0,1.18,0.0,0.699,HDFCBANK,2022-03-25 00:00:00,715.4500122070312,0
1.0,0.0,7.2,16.072,16.072,4.95,3.0,2.0,1.0,0.0,0.0,-4.243,0.0,3.247,0.0,0.823,0.0,0.704,HDFCBANK,2022-04-01 00:00:00,753.0,0
1.0,0.0,8.2,28.446,28.446,94.819,1.0,2.0,1.0,0.0,0.0,-11.924,0.0,0.3,0.0,2.0,0.0,1.0,HDFCBANK,2022-04-08 00:00:00,757.3250122070312,0
1.0,0.0,9.2,28.504,28.504,3.619,1.0,2.0,1.0,0.0,0.0,-18.968,0.0,7.877,0.0,2.098,0.0,1.0,HDFCBANK,2022-04-19 00:00:00,671.0999755859375,0
13.0,1.0,9.4,33.808,33.808,17.472,1.0,2.0,-1.0,-1.0,1.0,-2.233,0.0,1.935,0.0,0.636,0.0,1.0,HDFCBANK,2022-05-18 00:00:00,656.9500122070312,0
7.0,0.0,1.4,6.907,6.907,23.023,1.0,1.0,1.0,0.0,0.0,1.309,0.0,0.3,0.0,0.771,0.0,0.369,HDFCBANK,2022-06-01 00:00:00,697.4249877929688,0
7.0,0.0,1.4,6.907,6.907,23.023,1.0,1.0,1.0,-1.0,0.0,-0.613,0.0,0.3,0.0,0.586,0.0,0.369,HDFCBANK,2022-06-08 00:00:00,683.7000122070312,0
7.0,0.0,1.4,6.907,6.907,2.495,1.0,1.0,1.0,-1.0,0.0,-4.303,0.0,2.768,0.0,0.679,0.0,0.369,HDFCBANK,2022-06-15 00:00:00,653.7249755859375,1
5.0,0.0,12.0,31.484,31.484,4.216,1.0,1.0,1.0,-1.0,0.0,-22.388,1.0,7.467,0.0,0.602,0.0,1.0,HDFCBANK,2022-06-22 00:00:00,665.125,0
5.0,0.0,12.0,29.914,29.914,2.688,1.0,1.0,1.0,-1.0,0.0,-21.845,0.0,11.129,0.0,0.455,0.0,1.0,HDFCBANK,2022-06-29 00:00:00,671.9749755859375,0
10.0,0.0,6.8,10.482,10.482,2.062,1.0,1.0,1.0,0.0,0.0,-4.78,1.0,5.083,0.0,1.147,0.0,0.626,HDFCBANK,2022-07-06 00:00:00,685.625,1
13.0,1.0,10.2,10.482,10.482,4.788,1.0,1.0,1.0,0.0,0.0,-2.02,0.0,2.189,0.0,0.688,0.0,0.592,HDFCBANK,2022-07-13 00:00:00,678.9249877929688,1
13.0,1.0,8.8,10.482,10.482,1.783,1.0,1.0,1.0,0.0,0.0,-5.1,0.0,5.878,0.0,1.233,0.0,0.634,HDFCBANK,2022-07-20 00:00:00,682.5250244140625,1
10.0,0.0,3.6,5.67,5.67,3.373,4.0,1.0,1.0,0.0,0.0,-1.152,0.0,1.681,0.0,0.647,0.0,0.358,HDFCBANK,2022-07-27 00:00:00,702.2000122070312,1
10.0,0.0,4.6,8.397,8.397,27.991,2.0,1.0,1.0,1.0,1.0,-1.257,0.0,0.3,0.0,1.108,0.0,0.544,HDFCBANK,2022-08-03 00:00:00,716.7999877929688,0
20.0,1.0,6.4,10.58,10.58,1.052,2.0,3.0,-1.0,0.0,0.0,-10.244,0.0,10.06,0.0,1.325,0.0,0.644,HDFCBANK,2022-08-11 00:00:00,742.8499755859375,0
5.0,0.0,12.0,16.028,16.028,20.108,3.0,1.0,1.0,1.0,1.0,-0.145,0.0,0.797,0.0,0.658,0.0,1.0,HDFCBANK,2022-08-19 00:00:00,746.5250244140625,0
5.0,0.0,12.0,16.541,16.541,30.866,4.0,1.0,1.0,1.0,1.0,-3.24,1.0,0.536,0.0,0.975,0.0,1.0,HDFCBANK,2022-08-26 00:00:00,732.5499877929688,0
5.0,0.0,12.0,16.311,16.311,11.936,4.0,1.0,1.0,1.0,1.0,-1.876,0.0,1.367,0.0,0.974,0.0,1.0,HDFCBANK,2022-09-05 00:00:00,747.5250244140625,0
6.0,0.0,12.0,18.532,18.532,1.202,6.0,1.0,-1.0,1.0,0.0,-17.852,0.0,15.416,0.0,1.199,0.0,1.0,HDFCBANK,2022-09-12 00:00:00,746.7750244140625,0
6.0,0.0,12.0,16.722,16.722,1.206,2.0,2.0,-1.0,1.0,0.0,-13.216,1.0,13.866,0.0,1.607,0.0,0.996,HDFCBANK,2022-09-19 00:00:00,751.2999877929688,0
6.0,0.0,12.0,15.693,15.693,1.609,2.0,3.0,-1.0,1.0,0.0,-8.729,1.0,9.751,0.0,1.222,0.0,0.925,HDFCBANK,2022-09-26 00:00:00,713.3250122070312,0
6.0,0.0,12.0,14.873,14.873,3.388,2.0,2.0,-1.0,0.0,0.0,-6.309,0.0,4.39,0.0,1.209,0.0,0.863,HDFCBANK,2022-10-03 00:00:00,706.5999755859375,0
6.0,0.0,12.0,15.02,15.02,2.993,2.0,2.0,-1.0,0.0,0.0,-5.834,1.0,5.019,0.0,1.005,0.0,0.85,HDFCBANK,2022-10-11 00:00:00,700.3250122070312,0
0.0,0.0,8.2,13.157,13.157,1.463,2.0,1.0,-1.0,0.0,0.0,-5.974,0.0,8.992,0.0,1.452,0.0,0.701,HDFCBANK,2022-10-18 00:00:00,721.9249877929688,0
1.0,0.0,7.8,12.609,12.609,42.03,2.0,1.0,1.0,0.0,0.0,-5.185,0.0,0.3,0.0,0.172,0.0,0.708,HDFCBANK,2022-10-25 00:00:00,725.4500122070312,1
7.0,0.0,1.6,4.348,4.348,14.493,1.0,1.0,1.0,0.0,0.0,1.018,1.0,0.3,0.0,1.763,0.0,0.328,HDFCBANK,2022-11-02 00:00:00,757.0999755859375,0
7.0,0.0,1.6,4.348,4.348,14.493,1.0,1.0,1.0,0.0,0.0,0.691,1.0,0.3,0.0,0.857,0.0,0.328,HDFCBANK,2022-11-10 00:00:00,762.375,1
7.0,0.0,1.6,4.348,4.348,14.493,1.0,1.0,1.0,1.0,1.0,9.005,0.0,0.3,0.0,1.255,0.0,0.328,HDFCBANK,2022-11-17 00:00:00,809.0750122070312,0
5.0,0.0,12.0,17.322,17.322,53.786,2.0,1.0,1.0,1.0,1.0,-2.61,1.0,0.322,0.0,0.777,0.0,1.0,HDFCBANK,2022-11-24 00:00:00,812.5750122070312,0
5.0,0.0,12.0,17.222,17.222,24.405,2.0,1.0,1.0,0.0,0.0,-2.043,0.0,0.706,0.0,1.145,0.0,1.0,HDFCBANK,2022-12-01 00:00:00,809.75,0
10.0,0.0,2.6,2.868,2.868,1.699,3.0,7.0,1.0,1.0,1.0,-1.622,1.0,1.688,0.0,0.946,0.0,0.268,HDFCBANK,2022-12-08 00:00:00,809.75,1
5.0,0.0,12.0,18.078,18.078,24.531,1.0,1.0,1.0,1.0,1.0,-0.195,0.0,0.737,0.0,1.076,0.0,1.0,HDFCBANK,2022-12-15 00:00:00,815.9000244140625,0
6.0,0.0,12.0,21.337,21.337,1.395,2.0,1.0,-1.0,1.0,0.0,-18.505,0.0,15.291,0.0,0.702,0.0,1.0,HDFCBANK,2022-12-22 00:00:00,806.0250244140625,0
6.0,0.0,12.0,20.195,20.195,1.298,2.0,1.0,-1.0,1.0,0.0,-17.76,0.0,15.553,0.0,0.672,0.0,1.0,HDFCBANK,2022-12-29 00:00:00,820.6500244140625,0
6.0,0.0,12.0,20.376,20.376,1.164,2.0,1.0,-1.0,1.0,0.0,-16.333,0.0,17.499,0.0,0.823,0.0,1.0,HDFCBANK,2023-01-05 00:00:00,799.8499755859375,0
0.0,0.0,6.0,6.944,6.944,4.855,2.0,2.0,-1.0,1.0,0.0,-1.981,0.0,1.43,0.0,1.318,0.0,0.443,HDFCBANK,2023-01-12 00:00:00,799.7000122070312,0
0.0,0.0,7.0,6.961,6.961,1.563,2.0,2.0,-1.0,1.0,0.0,-4.955,0.0,4.452,0.0,1.634,0.0,0.425,HDFCBANK,2023-01-19 00:00:00,822.0499877929688,0
0.0,0.0,8.0,9.083,9.083,1.138,1.0,2.0,-1.0,0.0,0.0,-5.683,0.0,7.983,0.0,1.191,0.0,0.547,HDFCBANK,2023-01-27 00:00:00,807.9000244140625,0
1.0,0.0,5.8,8.247,8.247,1.032,1.0,2.0,1.0,0.0,0.0,-5.818,0.0,7.988,0.0,1.281,0.0,0.457,HDFCBANK,2023-02-03 00:00:00,829.4000244140625,0
1.0,0.0,6.8,8.152,8.152,1.279,1.0,2.0,1.0,0.0,0.0,-3.046,0.0,6.375,0.0,0.885,0.0,0.458,HDFCBANK,2023-02-10 00:00:00,828.5499877929688,0
1.0,0.0,7.8,8.058,8.058,1.342,1.0,2.0,1.0,0.0,0.0,-2.241,0.0,6.006,0.0,0.633,0.0,0.482,HDFCBANK,2023-02-17 00:00:00,827.9500122070312,0
1.0,0.0,8.8,7.967,7.967,0.729,1.0,2.0,1.0,0.0,0.0,-5.824,0.0,10.925,0.0,2.174,0.0,0.482,HDFCBANK,2023-02-24 00:00:00,794.4749755859375,1
0.0,0.0,8.2,8.768,8.768,29.225,1.0,2.0,-1.0,0.0,0.0,-1.567,1.0,0.3,0.0,1.234,0.0,0.481,HDFCBANK,2023-03-03 00:00:00,807.9500122070312,0
0.0,0.0,9.2,8.718,8.718,29.061,1.0,2.0,-1.0,0.0,0.0,-1.837,1.0,0.3,0.0,1.831,0.0,0.491,HDFCBANK,2023-03-13 00:00:00,784.2750244140625,0
10.0,0.0,6.8,8.91,8.91,1.056,3.0,2.0,1.0,0.0,0.0,-6.496,0.0,8.437,0.0,1.36,0.0,0.525,HDFCBANK,2023-03-20 00:00:00,780.875,1
19.0,1.0,5.0,8.968,8.968,3.283,3.0,2.0,-1.0,0.0,0.0,-1.867,0.0,2.732,0.0,1.471,0.0,0.507,HDFCBANK,2023-03-27 00:00:00,783.7249755859375,0
1.0,0.0,4.8,7.315,7.315,24.385,3.0,2.0,1.0,0.0,0.0,-2.151,0.0,0.3,0.0,1.511,0.0,0.464,HDFCBANK,2023-04-05 00:00:00,826.875,0
10.0,0.0,3.4,9.819,9.819,32.729,1.0,1.0,1.0,0.0,0.0,-0.195,0.0,0.3,0.0,0.829,0.0,0.668,HDFCBANK,2023-04-13 00:00:00,846.2249755859375,0
10.0,0.0,4.4,11.818,11.818,39.394,1.0,1.0,1.0,0.0,0.0,-2.797,1.0,0.3,0.0,1.023,0.0,0.783,HDFCBANK,2023-04-21 00:00:00,837.2999877929688,0
10.0,0.0,5.4,11.818,11.818,39.394,1.0,1.0,1.0,0.0,0.0,-2.267,0.0,0.3,0.0,1.451,0.0,0.813,HDFCBANK,2023-04-28 00:00:00,843.7999877929688,0
5.0,0.0,12.0,12.202,12.202,5.515,1.0,2.0,1.0,0.0,0.0,-6.273,0.0,2.212,0.0,2.421,0.0,0.808,HDFCBANK,2023-05-08 00:00:00,822.2249755859375,0
9.0,0.0,3.8,6.789,6.789,6.312,1.0,2.0,-1.0,0.0,0.0,-2.817,1.0,1.076,0.0,0.614,0.0,0.451,HDFCBANK,2023-05-15 00:00:00,837.9000244140625,0
13.0,1.0,7.2,10.349,10.349,1.744,1.0,2.0,1.0,0.0,0.0,-5.048,0.0,5.933,0.0,0.844,0.0,0.785,HDFCBANK,2023-05-22 00:00:00,820.5250244140625,0
10.0,0.0,3.2,5.37,5.37,1.057,2.0,2.0,1.0,0.0,0.0,-4.277,0.0,5.08,0.0,0.774,0.0,0.401,HDFCBANK,2023-05-29 00:00:00,817.75,1
10.0,0.0,4.2,5.37,5.37,1.042,2.0,5.0,1.0,0.0,0.0,-4.828,0.0,5.154,0.0,0.52,0.0,0.418,HDFCBANK,2023-06-05 00:00:00,802.2000122070312,1
10.0,0.0,2.4,3.068,3.068,1.414,3.0,4.0,1.0,0.0,0.0,-1.951,0.0,2.17,0.0,0.61,0.0,0.28,HDFCBANK,2023-06-12 00:00:00,800.4000244140625,1
10.0,0.0,3.4,3.875,3.875,1.085,3.0,2.0,1.0,0.0,0.0,-2.429,0.0,3.57,0.0,0.57,0.0,0.343,HDFCBANK,2023-06-19 00:00:00,802.0750122070312,1
10.0,0.0,2.8,4.975,4.975,16.585,2.0,2.0,1.0,0.0,0.0,-0.988,0.0,0.3,0.0,0.802,0.0,0.413,HDFCBANK,2023-06-26 00:00:00,817.7750244140625,1
10.0,0.0,3.8,10.978,10.978,36.593,1.0,2.0,1.0,0.0,0.0,-2.145,1.0,0.3,0.0,1.479,0.0,0.801,HDFCBANK,2023-07-04 00:00:00,864.0999755859375,0
10.0,0.0,4.8,10.978,10.978,36.593,1.0,2.0,1.0,0.0,0.0,-5.75,0.0,0.3,0.0,1.224,0.0,0.737,HDFCBANK,2023-07-11 00:00:00,824.2000122070312,0
0.0,0.0,6.4,10.828,10.828,4.945,1.0,2.0,-1.0,0.0,0.0,-6.295,0.0,2.19,0.0,0.874,0.0,0.719,HDFCBANK,2023-07-25 00:00:00,848.2999877929688,1
0.0,0.0,7.4,10.741,10.741,35.802,1.0,2.0,-1.0,0.0,0.0,-4.573,0.0,0.3,0.0,0.917,0.0,0.727,HDFCBANK,2023-08-01 00:00:00,831.125,1
0.0,0.0,8.4,10.655,10.655,35.516,1.0,2.0,-1.0,0.0,0.0,-4.576,0.0,0.3,0.0,0.752,0.0,0.739,HDFCBANK,2023-08-08 00:00:00,824.9500122070312,0
10.0,0.0,4.8,6.089,6.089,1.0,4.0,1.0,1.0,0.0,0.0,-5.464,0.0,6.089,0.0,0.735,0.0,0.466,HDFCBANK,2023-08-16 00:00:00,803.0999755859375,0
6.0,0.0,12.0,12.52,12.52,41.732,1.0,2.0,-1.0,0.0,0.0,-2.047,0.0,0.3,0.0,0.976,0.0,0.894,HDFCBANK,2023-08-30 00:00:00,789.3499755859375,0
6.0,0.0,12.0,12.642,12.642,14.748,1.0,4.0,-1.0,0.0,0.0,-1.059,0.0,0.857,0.0,1.015,0.0,0.88,HDFCBANK,2023-09-06 00:00:00,797.75,0
10.0,0.0,2.6,5.268,5.268,17.561,2.0,4.0,1.0,0.0,0.0,-0.365,1.0,0.3,0.0,0.966,0.0,0.417,HDFCBANK,2023-09-13 00:00:00,821.9500122070312,0
10.0,0.0,3.6,6.958,6.958,2.563,1.0,5.0,1.0,0.0,0.0,-6.365,0.0,2.715,0.0,2.256,0.0,0.517,HDFCBANK,2023-09-21 00:00:00,776.6749877929688,0
10.0,0.0,4.6,9.664,9.664,1.743,1.0,1.0,1.0,-1.0,0.0,-8.572,0.0,5.546,0.0,0.778,0.0,0.7,HDFCBANK,2023-09-28 00:00:00,761.8499755859375,1
10.0,0.0,5.6,11.269,11.269,2.533,1.0,1.0,1.0,-1.0,0.0,-8.039,1.0,4.448,0.0,0.976,0.0,0.806,HDFCBANK,2023-10-06 00:00:00,767.0250244140625,0
0.0,0.0,6.0,12.302,12.302,2.184,1.0,1.0,-1.0,-1.0,1.0,-4.069,0.0,5.634,0.0,0.466,0.0,0.825,HDFCBANK,2023-10-13 00:00:00,767.875,0
0.0,0.0,7.0,12.444,12.444,2.452,1.0,1.0,-1.0,-1.0,1.0,-1.726,1.0,5.075,0.0,0.674,0.0,0.836,HDFCBANK,2023-10-20 00:00:00,761.4000244140625,0
0.0,0.0,8.0,14.608,14.608,4.975,1.0,2.0,-1.0,-1.0,1.0,-0.609,0.0,2.936,0.0,0.739,0.0,0.952,HDFCBANK,2023-10-30 00:00:00,742.5499877929688,0
6.0,0.0,12.0,14.136,14.136,27.418,1.0,5.0,-1.0,-1.0,1.0,-1.609,0.0,0.516,0.0,0.45,0.0,0.998,HDFCBANK,2023-11-06 00:00:00,747.25,0
6.0,0.0,12.0,14.063,14.063,46.611,1.0,5.0,-1.0,0.0,0.0,-2.14,1.0,0.302,0.0,0.356,0.0,1.0,HDFCBANK,2023-11-13 00:00:00,744.4000244140625,0
5.0,0.0,12.0,13.22,13.22,2.466,1.0,5.0,1.0,0.0,0.0,-9.868,1.0,5.361,0.0,0.498,0.0,1.0,HDFCBANK,2023-11-21 00:00:00,758.9749755859375,1
5.0,0.0,12.0,13.286,13.286,3.965,1.0,5.0,1.0,-1.0,0.0,-8.464,1.0,3.351,0.0,0.755,0.0,1.0,HDFCBANK,2023-11-29 00:00:00,779.5750122070312,0
5.0,0.0,12.0,12.918,12.918,29.132,1.0,5.0,1.0,0.0,0.0,-2.772,1.0,0.443,0.0,1.388,0.0,1.0,HDFCBANK,2023-12-06 00:00:00,813.9000244140625,0
5.0,0.0,12.0,12.759,12.759,17.407,2.0,5.0,1.0,1.0,1.0,-2.12,0.0,0.733,0.0,0.991,0.0,1.0,HDFCBANK,2023-12-13 00:00:00,815.4500122070312,0
5.0,0.0,12.0,12.569,12.569,23.475,3.0,5.0,1.0,1.0,1.0,-0.905,0.0,0.535,0.0,0.698,0.0,1.0,HDFCBANK,2023-12-20 00:00:00,828.5,0
5.0,0.0,12.0,14.457,14.457,9.97,1.0,5.0,1.0,1.0,1.0,-0.188,0.0,1.45,0.0,0.815,0.0,1.0,HDFCBANK,2023-12-28 00:00:00,852.625,0
5.0,0.0,12.0,15.611,15.611,52.035,2.0,5.0,1.0,1.0,1.0,-2.817,0.0,0.3,0.0,0.897,0.0,1.0,HDFCBANK,2024-01-04 00:00:00,845.4249877929688,0
5.0,0.0,12.0,15.77,15.77,17.949,2.0,5.0,1.0,1.0,1.0,-3.802,0.0,0.879,0.0,0.51,0.0,1.0,HDFCBANK,2024-01-11 00:00:00,824.5,0
6.0,0.0,12.0,17.149,17.149,3.529,2.0,5.0,-1.0,1.0,0.0,-5.29,1.0,4.859,0.0,5.089,0.0,1.0,HDFCBANK,2024-01-18 00:00:00,743.0750122070312,0
6.0,0.0,12.0,23.775,23.775,15.196,2.0,1.0,-1.0,0.0,0.0,-3.959,0.0,1.565,0.0,2.455,0.0,1.0,HDFCBANK,2024-01-29 00:00:00,727.3250122070312,0
6.0,0.0,12.0,23.59,23.59,9.831,2.0,1.0,-1.0,0.0,0.0,-4.774,0.0,2.399,0.0,1.07,0.0,1.0,HDFCBANK,2024-02-05 00:00:00,722.4249877929688,0
6.0,0.0,12.0,24.305,24.305,32.184,2.0,2.0,-1.0,-1.0,1.0,-1.692,1.0,0.755,0.0,1.287,0.0,1.0,HDFCBANK,2024-02-12 00:00:00,695.0,0
6.0,0.0,12.0,25.202,25.202,45.879,2.0,1.0,-1.0,-1.0,1.0,-4.133,0.0,0.549,0.0,0.699,0.0,1.0,HDFCBANK,2024-02-19 00:00:00,708.5499877929688,0
6.0,0.0,12.0,25.19,25.19,26.906,2.0,1.0,-1.0,-1.0,1.0,-4.184,0.0,0.936,0.0,0.624,0.0,1.0,HDFCBANK,2024-02-26 00:00:00,711.1500244140625,0
6.0,0.0,12.0,25.011,25.011,83.371,2.0,1.0,-1.0,-1.0,1.0,-4.928,0.0,0.3,0.0,0.742,0.0,1.0,HDFCBANK,2024-03-04 00:00:00,716.3499755859375,0
1.0,0.0,6.4,8.098,8.098,4.61,3.0,1.0,1.0,-1.0,0.0,-3.582,0.0,1.757,0.0,1.04,0.0,0.461,HDFCBANK,2024-03-12 00:00:00,729.7750244140625,0
1.0,0.0,7.4,8.135,8.135,19.026,3.0,1.0,1.0,-1.0,0.0,-2.35,0.0,0.428,0.0,0.417,0.0,0.467,HDFCBANK,2024-03-19 00:00:00,724.6749877929688,0
1.0,0.0,8.4,8.171,8.171,8.797,3.0,1.0,1.0,-1.0,0.0,-3.744,0.0,0.929,0.0,1.13,0.0,0.485,HDFCBANK,2024-03-27 00:00:00,720.3499755859375,0
5.0,0.0,12.0,20.188,20.188,1.555,1.0,1.0,1.0,-1.0,0.0,-13.056,0.0,12.979,0.0,0.88,0.0,1.0,HDFCBANK,2024-04-04 00:00:00,763.7999877929688,0
5.0,0.0,12.0,19.412,19.412,2.758,2.0,1.0,1.0,1.0,1.0,-8.749,0.0,7.038,0.0,0.52,0.0,1.0,HDFCBANK,2024-04-12 00:00:00,759.4749755859375,0
5.0,0.0,12.0,12.649,12.649,3.794,4.0,1.0,1.0,0.0,0.0,-1.666,0.0,3.334,0.0,0.669,0.0,0.771,HDFCBANK,2024-04-22 00:00:00,756.0999755859375,0
9.0,0.0,2.6,5.212,5.212,1.616,4.0,2.0,-1.0,0.0,0.0,-1.996,0.0,3.226,0.0,0.859,0.0,0.318,HDFCBANK,2024-04-29 00:00:00,764.75,1
9.0,0.0,3.6,5.212,5.212,1.422,4.0,2.0,-1.0,1.0,0.0,-2.864,0.0,3.665,0.0,0.928,0.0,0.319,HDFCBANK,2024-05-07 00:00:00,753.0750122070312,1
9.0,0.0,4.6,8.823,8.823,29.409,4.0,2.0,-1.0,0.0,0.0,-1.994,0.0,0.3,0.0,0.853,0.0,0.529,HDFCBANK,2024-05-14 00:00:00,730.4749755859375,0
9.0,0.0,5.6,8.823,8.823,29.409,4.0,2.0,-1.0,0.0,0.0,-2.243,0.0,0.3,0.0,1.371,0.0,0.541,HDFCBANK,2024-05-22 00:00:00,729.5999755859375,0
9.0,0.0,6.6,8.823,8.823,2.34,4.0,2.0,-1.0,0.0,0.0,-7.268,0.0,3.77,0.0,0.867,0.0,0.537,HDFCBANK,2024-05-29 00:00:00,754.1500244140625,0
9.0,0.0,6.0,12.069,12.069,1.303,1.0,2.0,-1.0,0.0,0.0,-3.949,0.0,9.265,0.0,2.348,0.0,0.62,HDFCBANK,2024-06-05 00:00:00,775.9000244140625,0
1.0,0.0,7.2,10.71,10.71,3.091,1.0,2.0,1.0,1.0,1.0,-2.139,0.0,3.465,0.0,0.762,0.0,0.586,HDFCBANK,2024-06-12 00:00:00,787.0750122070312,1
1.0,0.0,8.2,15.049,15.049,21.432,1.0,2.0,1.0,1.0,1.0,-0.722,1.0,0.702,0.0,2.3,0.0,0.831,HDFCBANK,2024-06-20 00:00:00,834.6749877929688,0
1.0,0.0,9.2,17.88,17.88,59.6,2.0,2.0,1.0,1.0,1.0,-0.9,0.0,0.3,0.0,1.183,0.0,0.986,HDFCBANK,2024-06-27 00:00:00,848.0750122070312,0
1.0,0.0,10.2,22.525,22.525,75.083,1.0,2.0,1.0,1.0,1.0,-1.413,1.0,0.3,0.0,2.961,0.0,1.0,HDFCBANK,2024-07-04 00:00:00,863.5750122070312,0
1.0,0.0,11.2,22.423,22.423,21.755,1.0,2.0,1.0,1.0,1.0,-9.359,0.0,1.031,0.0,1.069,0.0,1.0,HDFCBANK,2024-07-11 00:00:00,810.9500122070312,0
5.0,0.0,12.0,22.74,22.74,23.463,1.0,2.0,1.0,0.0,0.0,-9.989,0.0,0.969,0.0,0.795,0.0,1.0,HDFCBANK,2024-07-19 00:00:00,803.6500244140625,0
0.0,0.0,7.4,20.944,20.944,69.815,1.0,1.0,-1.0,1.0,0.0,-11.183,0.0,0.3,0.0,0.53,0.0,1.0,HDFCBANK,2024-07-26 00:00:00,809.0750122070312,0
0.0,0.0,8.4,20.637,20.637,68.79,1.0,1.0,-1.0,1.0,0.0,-12.71,0.0,0.3,0.0,0.552,0.0,1.0,HDFCBANK,2024-08-02 00:00:00,829.5750122070312,0
6.0,0.0,12.0,24.539,24.539,1.864,1.0,2.0,-1.0,1.0,0.0,-14.434,0.0,13.166,0.0,0.761,0.0,1.0,HDFCBANK,2024-08-09 00:00:00,825.0999755859375,0
9.0,0.0,2.0,5.187,5.187,2.023,2.0,3.0,-1.0,0.0,0.0,-2.435,0.0,2.564,0.0,0.719,0.0,0.279,HDFCBANK,2024-08-19 00:00:00,815.7750244140625,0
10.0,0.0,2.6,4.932,4.932,1.561,1.0,2.0,1.0,0.0,0.0,-3.037,0.0,3.159,0.0,0.599,0.0,0.381,HDFCBANK,2024-08-26 00:00:00,819.9749755859375,1
10.0,0.0,3.6,4.932,4.932,1.508,1.0,2.0,1.0,0.0,0.0,-2.33,1.0,3.27,0.0,7.851,0.0,0.395,HDFCBANK,2024-09-02 00:00:00,813.4749755859375,1
10.0,0.0,4.6,4.932,4.932,1.975,1.0,2.0,1.0,0.0,0.0,-2.327,0.0,2.497,0.0,0.513,0.0,0.422,HDFCBANK,2024-09-09 00:00:00,823.25,1
9.0,0.0,4.8,4.672,4.672,1.027,3.0,2.0,-1.0,0.0,0.0,-4.047,0.0,4.55,0.0,0.499,0.0,0.428,HDFCBANK,2024-09-16 00:00:00,835.4749755859375,0
5.0,0.0,12.0,11.828,11.828,6.12,1.0,3.0,1.0,0.0,0.0,-2.943,0.0,1.933,0.0,1.342,0.0,0.857,HDFCBANK,2024-09-23 00:00:00,879.9000244140625,0
5.0,0.0,12.0,11.408,11.408,38.028,3.0,3.0,1.0,1.0,1.0,-1.977,0.0,0.3,0.0,0.823,0.0,0.84,HDFCBANK,2024-09-30 00:00:00,866.0250244140625,0
1.0,0.0,9.2,29.587,29.587,6.356,1.0,1.0,1.0,1.0,1.0,-11.159,0.0,4.655,0.0,0.699,0.0,0.638,ICICIBANK,2020-06-29 00:00:00,343.1000061035156,0
1.0,0.0,10.2,29.903,29.903,99.678,1.0,1.0,1.0,0.0,0.0,-8.131,0.0,0.3,0.0,0.595,0.0,0.668,ICICIBANK,2020-07-06 00:00:00,361.8500061035156,0
1.0,0.0,11.2,30.226,30.226,100.755,1.0,1.0,1.0,0.0,0.0,-8.296,0.0,0.3,0.0,0.587,0.0,0.688,ICICIBANK,2020-07-13 00:00:00,353.6000061035156,0
7.0,0.0,1.4,10.593,10.593,35.31,1.0,2.0,1.0,1.0,1.0,0.5,0.0,0.3,0.0,1.534,0.0,0.35,ICICIBANK,2020-07-27 00:00:00,358.5,0
7.0,0.0,1.4,10.593,10.593,1.358,1.0,2.0,1.0,1.0,1.0,-8.713,0.0,7.803,0.0,1.081,0.0,0.35,ICICIBANK,2020-08-03 00:00:00,343.25,1
10.0,0.0,3.8,13.964,13.964,1.3,1.0,5.0,1.0,1.0,1.0,-9.529,0.0,10.742,0.0,0.637,0.0,0.431,ICICIBANK,2020-08-10 00:00:00,363.54998779296875,1
0.0,0.0,7.6,16.798,16.798,1.809,1.0,2.0,-1.0,0.0,0.0,-6.765,0.0,9.283,0.0,0.698,0.0,0.462,ICICIBANK,2020-08-17 00:00:00,360.20001220703125,0
0.0,0.0,8.6,16.802,16.802,1.739,1.0,2.0,-1.0,1.0,0.0,-9.645,0.0,9.663,0.0,0.832,0.0,0.483,ICICIBANK,2020-08-24 00:00:00,380.3500061035156,0
0.0,0.0,9.6,21.585,21.585,1.022,1.0,2.0,-1.0,1.0,0.0,-21.034,0.0,21.129,0.0,1.997,0.0,0.628,ICICIBANK,2020-08-31 00:00:00,394.6000061035156,0
0.0,0.0,6.8,24.408,24.408,81.361,1.0,1.0,-1.0,0.0,0.0,-4.464,0.0,0.3,0.0,0.664,0.0,0.79,ICICIBANK,2020-09-28 00:00:00,363.0,0
0.0,0.0,7.8,24.326,24.326,4.442,1.0,1.0,-1.0,0.0,0.0,-11.79,0.0,5.476,0.0,0.799,0.0,0.787,ICICIBANK,2020-10-06 00:00:00,380.6000061035156,0
0.0,0.0,8.8,24.244,24.244,1.919,1.0,1.0,-1.0,1.0,0.0,-21.064,0.0,12.634,0.0,0.796,0.0,0.797,ICICIBANK,2020-10-13 00:00:00,396.25,0
21.0,1.0,9.2,21.524,21.524,9.972,1.0,1.0,1.0,1.0,1.0,-1.161,1.0,2.159,0.0,1.285,0.0,0.748,ICICIBANK,2020-10-20 00:00:00,414.6000061035156,0
16.0,1.0,5.0,18.53,18.53,3.693,1.0,2.0,1.0,1.0,1.0,-2.579,1.0,5.018,0.0,2.532,0.0,0.611,ICICIBANK,2020-11-03 00:00:00,443.8500061035156,1
5.0,0.0,12.0,28.28,28.28,9.551,1.0,1.0,1.0,1.0,1.0,-0.409,1.0,2.961,0.0,1.239,0.0,1.0,ICICIBANK,2020-11-10 00:00:00,483.8500061035156,0
5.0,0.0,12.0,32.204,32.204,69.689,2.0,1.0,1.0,1.0,1.0,-0.744,1.0,0.462,0.0,0.111,0.0,1.0,ICICIBANK,2020-11-17 00:00:00,486.3999938964844,0
5.0,0.0,12.0,35.291,35.291,94.429,1.0,1.0,1.0,1.0,1.0,-6.162,0.0,0.374,0.0,0.941,0.0,1.0,ICICIBANK,2020-11-24 00:00:00,478.20001220703125,0
5.0,0.0,12.0,34.065,34.065,15.301,1.0,1.0,1.0,1.0,1.0,-2.786,1.0,2.226,0.0,0.656,0.0,1.0,ICICIBANK,2020-12-02 00:00:00,480.45001220703125,1
5.0,0.0,12.0,35.769,35.769,60.617,1.0,1.0,1.0,1.0,1.0,-1.396,0.0,0.59,0.0,0.626,0.0,1.0,ICICIBANK,2020-12-09 00:00:00,511.5,0
6.0,0.0,12.0,55.332,55.332,1.118,1.0,1.0,-1.0,1.0,0.0,-55.221,0.0,49.487,0.0,0.901,0.0,1.0,ICICIBANK,2020-12-16 00:00:00,512.4500122070312,0
6.0,0.0,12.0,49.229,49.229,1.287,1.0,2.0,-1.0,1.0,0.0,-43.311,0.0,38.237,0.0,1.079,0.0,1.0,ICICIBANK,2020-12-23 00:00:00,503.6000061035156,0
6.0,0.0,12.0,41.75,41.75,1.043,2.0,2.0,-1.0,1.0,0.0,-41.339,0.0,40.042,0.0,0.718,0.0,1.0,ICICIBANK,2020-12-31 00:00:00,535.0499877929688,0
6.0,0.0,12.0,41.022,41.022,1.053,1.0,4.0,-1.0,1.0,0.0,-40.884,0.0,38.953,0.0,0.957,0.0,1.0,ICICIBANK,2021-01-07 00:00:00,541.0999755859375,0
6.0,0.0,12.0,41.715,41.715,1.181,1.0,2.0,-1.0,1.0,0.0,-43.409,0.0,35.311,0.0,0.763,0.0,1.0,ICICIBANK,2021-01-14 00:00:00,553.2999877929688,0
6.0,0.0,12.0,42.188,42.188,1.196,2.0,2.0,-1.0,1.0,0.0,-41.992,0.0,35.285,0.0,0.58,0.0,1.0,ICICIBANK,2021-01-21 00:00:00,552.7000122070312,0
9.0,0.0,2.2,9.265,9.265,30.882,3.0,1.0,-1.0,1.0,0.0,-3.174,1.0,0.3,0.0,1.407,0.0,0.347,ICICIBANK,2021-01-29 00:00:00,537.0,0
9.0,0.0,3.2,22.622,22.622,1.164,1.0,1.0,-1.0,1.0,0.0,-22.715,0.0,19.427,0.0,1.102,0.0,0.659,ICICIBANK,2021-02-05 00:00:00,614.1500244140625,0
9.0,0.0,4.2,24.806,24.806,1.253,1.0,1.0,-1.0,1.0,0.0,-23.174,0.0,19.796,0.0,0.611,0.0,0.76,ICICIBANK,2021-02-12 00:00:00,647.5999755859375,0
9.0,0.0,5.2,31.651,31.651,1.355,2.0,1.0,-1.0,1.0,0.0,-25.908,0.0,23.35,0.0,1.075,0.0,0.93,ICICIBANK,2021-02-19 00:00:00,624.0499877929688,0
5.0,0.0,12.0,32.994,32.994,109.979,2.0,1.0,1.0,1.0,1.0,-7.566,0.0,0.3,0.0,1.567,0.0,1.0,ICICIBANK,2021-02-26 00:00:00,597.75,0
5.0,0.0,12.0,30.801,30.801,38.626,2.0,2.0,1.0,1.0,1.0,-8.633,0.0,0.797,0.0,1.012,0.0,1.0,ICICIBANK,2021-03-05 00:00:00,609.4500122070312,0
1.0,0.0,2.8,9.399,9.399,16.788,1.0,1.0,1.0,1.0,1.0,-5.483,1.0,0.56,0.0,0.839,0.0,0.311,ICICIBANK,2021-03-15 00:00:00,603.5,0
1.0,0.0,3.8,13.211,13.211,3.342,1.0,1.0,1.0,1.0,1.0,-9.523,0.0,3.953,0.0,1.161,0.0,0.419,ICICIBANK,2021-03-22 00:00:00,573.4500122070312,0
9.0,0.0,3.4,13.458,13.458,44.858,1.0,1.0,-1.0,0.0,0.0,-3.85,0.0,0.3,0.0,0.901,0.0,0.467,ICICIBANK,2021-03-30 00:00:00,591.4500122070312,0
9.0,0.0,4.4,13.458,13.458,44.858,1.0,1.0,-1.0,0.0,0.0,-1.58,0.0,0.3,0.0,1.022,0.0,0.475,ICICIBANK,2021-04-07 00:00:00,577.6500244140625,0
6.0,0.0,12.0,30.255,30.255,15.943,2.0,1.0,-1.0,0.0,0.0,-9.492,0.0,1.898,0.0,1.014,0.0,0.929,ICICIBANK,2021-04-15 00:00:00,575.2000122070312,0
21.0,1.0,6.4,16.748,16.748,1.173,1.0,1.0,1.0,-1.0,0.0,-9.216,0.0,14.279,0.0,1.453,0.0,0.583,ICICIBANK,2021-04-23 00:00:00,569.9500122070312,1
7.0,0.0,1.2,11.811,11.811,39.369,1.0,1.0,1.0,0.0,0.0,2.634,0.0,0.3,0.0,0.995,0.0,0.338,ICICIBANK,2021-04-30 00:00:00,600.5,0
5.0,0.0,12.0,24.139,24.139,9.95,2.0,1.0,1.0,-1.0,0.0,-10.48,0.0,2.426,0.0,0.669,0.0,0.818,ICICIBANK,2021-05-07 00:00:00,607.0999755859375,0
1.0,0.0,6.4,15.028,15.028,1.726,1.0,1.0,1.0,0.0,0.0,-4.957,0.0,8.708,0.0,0.527,0.0,0.575,ICICIBANK,2021-05-17 00:00:00,623.5999755859375,1
0.0,0.0,6.6,18.078,18.078,5.646,1.0,1.0,-1.0,0.0,0.0,-20.955,0.0,3.202,0.0,1.034,0.0,0.654,ICICIBANK,2021-05-24 00:00:00,647.3499755859375,0
5.0,0.0,12.0,20.037,20.037,33.908,1.0,1.0,1.0,0.0,0.0,-2.568,1.0,0.591,0.0,0.611,0.0,0.769,ICICIBANK,2021-05-31 00:00:00,662.75,0
5.0,0.0,12.0,20.826,20.826,40.561,2.0,1.0,1.0,1.0,1.0,-3.353,0.0,0.513,0.0,0.685,0.0,0.813,ICICIBANK,2021-06-07 00:00:00,648.2000122070312,0
5.0,0.0,12.0,21.056,21.056,31.869,2.0,1.0,1.0,1.0,1.0,-4.406,1.0,0.661,0.0,0.425,0.0,0.834,ICICIBANK,2021-06-14 00:00:00,635.1500244140625,0
6.0,0.0,12.0,23.341,23.341,2.12,2.0,1.0,-1.0,1.0,0.0,-18.686,0.0,11.012,0.0,0.684,0.0,0.866,ICICIBANK,2021-06-21 00:00:00,631.25,0
0.0,0.0,6.8,11.598,11.598,5.761,2.0,2.0,-1.0,1.0,0.0,-9.795,0.0,2.013,0.0,1.033,0.0,0.562,ICICIBANK,2021-06-28 00:00:00,650.2999877929688,0
6.0,0.0,12.0,23.171,23.171,2.101,2.0,1.0,-1.0,1.0,0.0,-20.54,0.0,11.027,0.0,0.597,0.0,0.91,ICICIBANK,2021-07-05 00:00:00,647.8499755859375,0
1.0,0.0,4.0,5.896,5.896,1.651,4.0,1.0,1.0,0.0,0.0,-2.511,0.0,3.572,0.0,0.634,0.0,0.343,ICICIBANK,2021-07-12 00:00:00,646.25,1
9.0,0.0,3.0,6.319,6.319,1.049,4.0,3.0,-1.0,1.0,0.0,-4.843,0.0,6.026,0.0,0.874,0.0,0.411,ICICIBANK,2021-07-19 00:00:00,655.9000244140625,0
8.0,0.0,1.2,4.213,4.213,0.646,4.0,2.0,-1.0,1.0,0.0,-5.347,0.0,6.521,0.0,2.865,0.0,0.268,ICICIBANK,2021-07-27 00:00:00,677.4500122070312,0
8.0,0.0,1.2,4.213,4.213,0.642,4.0,2.0,-1.0,1.0,0.0,-6.071,0.0,6.567,0.0,0.862,0.0,0.268,ICICIBANK,2021-08-03 00:00:00,690.4000244140625,0
5.0,0.0,12.0,16.533,16.533,13.671,2.0,1.0,1.0,1.0,1.0,-2.028,0.0,1.209,0.0,0.627,0.0,0.898,ICICIBANK,2021-08-10 00:00:00,700.9000244140625,0
5.0,0.0,12.0,14.396,14.396,25.288,2.0,1.0,1.0,1.0,1.0,-2.056,0.0,0.569,0.0,0.608,0.0,0.808,ICICIBANK,2021-08-17 00:00:00,701.2000122070312,0
0.0,0.0,3.6,6.153,6.153,20.51,2.0,3.0,-1.0,1.0,0.0,-3.057,0.0,0.3,0.0,0.809,0.0,0.334,ICICIBANK,2021-08-25 00:00:00,691.0499877929688,0
5.0,0.0,12.0,14.415,14.415,10.686,3.0,1.0,1.0,1.0,1.0,-0.118,0.0,1.349,0.0,1.626,0.0,0.835,ICICIBANK,2021-09-01 00:00:00,719.9000244140625,0
5.0,0.0,12.0,16.536,16.536,22.581,2.0,1.0,1.0,1.0,1.0,-2.436,0.0,0.732,0.0,0.522,0.0,0.955,ICICIBANK,2021-09-08 00:00:00,720.9500122070312,0
6.0,0.0,12.0,18.78,18.78,1.399,2.0,1.0,-1.0,1.0,0.0,-15.919,0.0,13.426,0.0,0.512,0.0,0.978,ICICIBANK,2021-09-16 00:00:00,727.2000122070312,0
1.0,0.0,5.8,7.979,7.979,0.989,3.0,2.0,1.0,1.0,1.0,-4.28,1.0,8.064,0.0,0.989,0.0,0.489,ICICIBANK,2021-09-23 00:00:00,717.0,1
9.0,0.0,4.0,5.814,5.814,6.074,5.0,1.0,-1.0,1.0,0.0,-2.175,0.0,0.957,0.0,1.221,0.0,0.321,ICICIBANK,2021-09-30 00:00:00,700.8499755859375,0
9.0,0.0,2.8,6.84,6.84,4.481,3.0,2.0,-1.0,0.0,0.0,-0.233,0.0,1.526,0.0,1.164,0.0,0.346,ICICIBANK,2021-10-07 00:00:00,702.2000122070312,0
9.0,0.0,3.8,6.84,6.84,2.209,3.0,2.0,-1.0,0.0,0.0,-3.205,0.0,3.096,0.0,0.6,0.0,0.36,ICICIBANK,2021-10-14 00:00:00,727.2999877929688,0
9.0,0.0,4.8,10.361,10.361,1.099,2.0,2.0,-1.0,0.0,0.0,-9.827,0.0,9.425,0.0,1.115,0.0,0.504,ICICIBANK,2021-10-22 00:00:00,759.2999877929688,0
10.0,0.0,5.4,24.354,24.354,81.18,1.0,2.0,1.0,1.0,1.0,-7.878,0.0,0.3,0.0,1.251,0.0,1.0,ICICIBANK,2021-10-29 00:00:00,802.0499877929688,0
5.0,0.0,12.0,24.696,24.696,62.307,1.0,2.0,1.0,1.0,1.0,-9.792,0.0,0.396,0.0,0.258,0.0,1.0,ICICIBANK,2021-11-08 00:00:00,780.1500244140625,0
5.0,0.0,12.0,24.871,24.871,35.769,1.0,2.0,1.0,1.0,1.0,-10.427,0.0,0.695,0.0,1.245,0.0,1.0,ICICIBANK,2021-11-15 00:00:00,773.2999877929688,0
10.0,0.0,8.4,24.354,24.354,81.18,1.0,2.0,1.0,0.0,0.0,-13.264,1.0,0.3,0.0,1.45,0.0,1.0,ICICIBANK,2021-11-23 00:00:00,751.8499755859375,0
10.0,0.0,9.4,24.354,24.354,7.193,1.0,2.0,1.0,0.0,0.0,-17.14,0.0,3.386,0.0,1.079,0.0,1.0,ICICIBANK,2021-11-30 00:00:00,714.3499755859375,0
0.0,0.0,11.4,25.152,25.152,21.997,1.0,2.0,-1.0,0.0,0.0,-3.205,1.0,1.143,0.0,1.051,0.0,1.0,ICICIBANK,2021-12-21 00:00:00,720.3499755859375,0
0.0,0.0,12.4,25.072,25.072,7.336,1.0,2.0,-1.0,0.0,0.0,-6.992,0.0,3.418,0.0,0.51,0.0,1.0,ICICIBANK,2021-12-28 00:00:00,735.7999877929688,0
0.0,0.0,13.4,24.992,24.992,3.627,1.0,2.0,-1.0,0.0,0.0,-11.164,0.0,6.891,0.0,0.632,0.0,1.0,ICICIBANK,2022-01-04 00:00:00,772.8499755859375,0
0.0,0.0,14.4,24.913,24.913,1.907,1.0,2.0,-1.0,0.0,0.0,-17.859,0.0,13.062,0.0,0.719,0.0,1.0,ICICIBANK,2022-01-11 00:00:00,810.6500244140625,0
0.0,0.0,15.4,24.834,24.834,1.663,1.0,2.0,-1.0,0.0,0.0,-19.102,0.0,14.938,0.0,0.455,0.0,1.0,ICICIBANK,2022-01-18 00:00:00,823.0999755859375,0
5.0,0.0,12.0,17.181,17.181,7.349,1.0,1.0,1.0,0.0,0.0,-4.492,1.0,2.338,0.0,2.052,0.0,0.842,ICICIBANK,2022-01-25 00:00:00,801.6500244140625,0
5.0,0.0,12.0,17.006,17.006,6.562,1.0,1.0,1.0,0.0,0.0,-3.074,1.0,2.592,0.0,1.325,0.0,0.829,ICICIBANK,2022-02-02 00:00:00,813.75,0
5.0,0.0,12.0,17.388,17.388,7.571,1.0,1.0,1.0,1.0,1.0,-5.203,0.0,2.297,0.0,0.966,0.0,0.81,ICICIBANK,2022-02-09 00:00:00,802.7999877929688,0
10.0,0.0,2.6,9.222,9.222,1.0,2.0,1.0,1.0,1.0,1.0,-5.209,0.0,9.222,0.0,1.366,0.0,0.411,ICICIBANK,2022-02-16 00:00:00,764.0499877929688,0
6.0,0.0,12.0,19.29,19.29,3.035,1.0,1.0,-1.0,0.0,0.0,-7.605,1.0,6.355,0.0,0.915,0.0,0.812,ICICIBANK,2022-02-23 00:00:00,744.5999755859375,0
9.0,0.0,4.0,15.033,15.033,50.11,2.0,1.0,-1.0,0.0,0.0,-1.787,0.0,0.3,0.0,1.721,0.0,0.627,ICICIBANK,2022-03-03 00:00:00,698.2999877929688,0
6.0,0.0,12.0,29.043,29.043,27.496,1.0,2.0,-1.0,-1.0,1.0,-3.94,0.0,1.056,0.0,2.275,0.0,1.0,ICICIBANK,2022-03-10 00:00:00,676.5999755859375,0
6.0,0.0,12.0,27.38,27.38,57.014,1.0,2.0,-1.0,-1.0,1.0,-10.255,0.0,0.48,0.0,0.93,0.0,1.0,ICICIBANK,2022-03-17 00:00:00,720.0999755859375,0
6.0,0.0,12.0,27.528,27.528,22.806,1.0,2.0,-1.0,-1.0,1.0,-9.663,1.0,1.207,0.0,1.107,0.0,1.0,ICICIBANK,2022-03-25 00:00:00,699.25,0
6.0,0.0,12.0,26.544,26.544,20.193,1.0,2.0,-1.0,-1.0,1.0,-13.727,0.0,1.315,0.0,0.981,0.0,1.0,ICICIBANK,2022-04-01 00:00:00,736.25,0
5.0,0.0,12.0,23.913,23.913,2.636,1.0,2.0,1.0,-1.0,0.0,-10.461,0.0,9.073,0.0,0.92,0.0,1.0,ICICIBANK,2022-04-08 00:00:00,754.2999877929688,0
5.0,0.0,12.0,23.551,23.551,2.623,1.0,2.0,1.0,0.0,0.0,-9.354,0.0,8.978,0.0,1.045,0.0,1.0,ICICIBANK,2022-04-19 00:00:00,766.2999877929688,0
5.0,0.0,12.0,22.023,22.023,3.062,2.0,2.0,1.0,0.0,0.0,-8.123,0.0,7.191,0.0,2.049,0.0,0.993,ICICIBANK,2022-04-26 00:00:00,753.75,0
5.0,0.0,12.0,21.696,21.696,2.136,2.0,2.0,1.0,0.0,0.0,-9.491,0.0,10.157,0.0,0.633,0.0,1.0,ICICIBANK,2022-05-04 00:00:00,724.25,0
21.0,1.0,12.2,21.423,21.423,2.286,1.0,2.0,1.0,0.0,0.0,-12.055,0.0,9.371,0.0,0.745,0.0,0.95,ICICIBANK,2022-05-11 00:00:00,714.2000122070312,0
21.0,1.0,13.2,21.423,21.423,1.797,1.0,2.0,1.0,0.0,0.0,-12.216,0.0,11.923,0.0,0.755,0.0,0.94,ICICIBANK,2022-05-18 00:00:00,707.3499755859375,1
13.0,1.0,13.8,25.952,25.952,2.216,1.0,2.0,-1.0,0.0,0.0,-10.278,0.0,11.711,0.0,0.817,0.0,0.95,ICICIBANK,2022-05-25 00:00:00,713.3499755859375,0
13.0,1.0,14.8,25.952,25.952,1.455,1.0,2.0,-1.0,1.0,0.0,-17.239,1.0,17.839,0.0,1.226,0.0,0.97,ICICIBANK,2022-06-01 00:00:00,752.6500244140625,0
0.0,0.0,11.4,15.583,15.583,3.0,1.0,2.0,-1.0,0.0,0.0,-1.556,0.0,5.195,0.0,0.943,0.0,0.679,ICICIBANK,2022-06-15 00:00:00,687.25,0
0.0,0.0,12.4,16.43,16.43,2.117,1.0,1.0,-1.0,-1.0,1.0,-3.903,0.0,7.76,0.0,0.949,0.0,0.705,ICICIBANK,2022-06-22 00:00:00,686.5999755859375,0
0.0,0.0,13.4,16.514,16.514,1.697,1.0,1.0,-1.0,-1.0,1.0,-6.023,1.0,9.732,0.0,0.608,0.0,0.713,ICICIBANK,2022-06-29 00:00:00,702.75,0
7.0,0.0,1.6,8.45,8.45,28.166,1.0,1.0,1.0,0.0,0.0,-1.215,1.0,0.3,0.0,0.907,0.0,0.357,ICICIBANK,2022-07-06 00:00:00,725.9500122070312,1
7.0,0.0,1.6,6.78,6.78,22.601,1.0,1.0,1.0,0.0,0.0,2.137,0.0,0.3,0.0,0.996,0.0,0.441,ICICIBANK,2022-07-13 00:00:00,753.2000122070312,0
7.0,0.0,1.6,6.78,6.78,22.601,1.0,1.0,1.0,1.0,1.0,4.926,0.0,0.3,0.0,1.25,0.0,0.441,ICICIBANK,2022-07-20 00:00:00,783.0999755859375,1
7.0,0.0,1.6,6.78,6.78,22.601,1.0,1.0,1.0,1.0,1.0,7.03,0.0,0.3,0.0,0.719,0.0,0.441,ICICIBANK,2022-07-27 00:00:00,800.5,1
5.0,0.0,12.0,18.961,18.961,27.937,3.0,1.0,1.0,1.0,1.0,-0.879,0.0,0.679,0.0,0.991,0.0,1.0,ICICIBANK,2022-08-03 00:00:00,824.7999877929688,0
5.0,0.0,12.0,21.567,21.567,27.735,1.0,1.0,1.0,1.0,1.0,-0.498,0.0,0.778,0.0,2.091,0.0,1.0,ICICIBANK,2022-08-11 00:00:00,859.7000122070312,0
5.0,0.0,12.0,24.596,24.596,21.662,3.0,1.0,1.0,1.0,1.0,-0.287,0.0,1.135,0.0,1.164,0.0,1.0,ICICIBANK,2022-08-19 00:00:00,870.4000244140625,0
5.0,0.0,12.0,24.956,24.956,38.531,4.0,1.0,1.0,1.0,1.0,-1.724,0.0,0.648,0.0,0.874,0.0,1.0,ICICIBANK,2022-08-26 00:00:00,870.8499755859375,0
5.0,0.0,12.0,25.309,25.309,40.889,3.0,1.0,1.0,1.0,1.0,-2.06,0.0,0.619,0.0,0.745,0.0,1.0,ICICIBANK,2022-09-05 00:00:00,882.4500122070312,0
6.0,0.0,12.0,35.213,35.213,1.077,1.0,1.0,-1.0,1.0,0.0,-34.525,0.0,32.696,0.0,0.888,0.0,1.0,ICICIBANK,2022-09-12 00:00:00,907.2000122070312,0
6.0,0.0,12.0,36.637,36.637,1.089,1.0,2.0,-1.0,1.0,0.0,-32.696,1.0,33.644,0.0,1.075,0.0,1.0,ICICIBANK,2022-09-19 00:00:00,899.2000122070312,0
6.0,0.0,12.0,34.514,34.514,1.2,1.0,1.0,-1.0,1.0,0.0,-27.107,0.0,28.766,0.0,1.41,0.0,1.0,ICICIBANK,2022-09-26 00:00:00,861.0499877929688,0
6.0,0.0,12.0,29.568,29.568,1.521,1.0,1.0,-1.0,1.0,0.0,-19.391,0.0,19.437,0.0,1.143,0.0,1.0,ICICIBANK,2022-10-03 00:00:00,848.3499755859375,0
6.0,0.0,12.0,25.551,25.551,1.409,1.0,1.0,-1.0,1.0,0.0,-18.483,1.0,18.136,0.0,0.646,0.0,1.0,ICICIBANK,2022-10-11 00:00:00,870.5999755859375,0
0.0,0.0,8.2,11.867,11.867,1.908,1.0,2.0,-1.0,0.0,0.0,-5.696,0.0,6.219,0.0,0.804,0.0,0.583,ICICIBANK,2022-10-18 00:00:00,896.9000244140625,0
0.0,0.0,9.2,11.881,11.881,1.002,2.0,2.0,-1.0,1.0,0.0,-10.603,0.0,11.856,0.0,0.405,0.0,0.588,ICICIBANK,2022-10-25 00:00:00,925.0499877929688,0
12.0,0.0,9.6,11.29,11.29,2.85,1.0,2.0,1.0,0.0,0.0,-3.673,1.0,3.961,0.0,0.903,0.0,0.622,ICICIBANK,2022-11-02 00:00:00,904.7000122070312,0
16.0,1.0,5.0,10.342,10.342,2.601,1.0,1.0,1.0,0.0,0.0,-3.472,0.0,3.976,0.0,1.154,0.0,0.598,ICICIBANK,2022-11-10 00:00:00,910.7000122070312,0
0.0,0.0,5.6,10.042,10.042,33.472,1.0,1.0,-1.0,0.0,0.0,-7.419,0.0,0.3,0.0,1.204,0.0,0.572,ICICIBANK,2022-11-17 00:00:00,919.7999877929688,0
0.0,0.0,6.6,9.864,9.864,32.88,1.0,1.0,-1.0,0.0,0.0,-9.048,0.0,0.3,0.0,1.012,0.0,0.61,ICICIBANK,2022-11-24 00:00:00,938.8499755859375,0
10.0,0.0,3.8,7.214,7.214,24.048,1.0,1.0,1.0,0.0,0.0,-0.553,0.0,0.3,0.0,1.75,0.0,0.477,ICICIBANK,2022-12-01 00:00:00,940.2000122070312,0
10.0,0.0,4.8,7.214,7.214,9.109,2.0,1.0,1.0,0.0,0.0,-3.762,0.0,0.792,0.0,1.248,0.0,0.492,ICICIBANK,2022-12-08 00:00:00,931.9000244140625,0
5.0,0.0,12.0,13.095,13.095,43.649,2.0,2.0,1.0,1.0,1.0,-3.804,1.0,0.3,0.0,1.073,0.0,0.783,ICICIBANK,2022-12-15 00:00:00,908.7999877929688,0
0.0,0.0,5.8,7.574,7.574,25.245,2.0,2.0,-1.0,0.0,0.0,-0.592,0.0,0.3,0.0,0.949,0.0,0.528,ICICIBANK,2022-12-22 00:00:00,890.6500244140625,0
0.0,0.0,6.8,8.739,8.739,29.131,2.0,2.0,-1.0,0.0,0.0,-2.708,0.0,0.3,0.0,0.786,0.0,0.603,ICICIBANK,2022-12-29 00:00:00,908.0499877929688,1
6.0,0.0,12.0,12.371,12.371,2.887,2.0,1.0,-1.0,0.0,0.0,-5.714,0.0,4.284,0.0,1.155,0.0,0.721,ICICIBANK,2023-01-05 00:00:00,879.1500244140625,0
6.0,0.0,12.0,11.93,11.93,22.714,2.0,2.0,-1.0,0.0,0.0,-1.339,0.0,0.525,0.0,1.393,0.0,0.672,ICICIBANK,2023-01-12 00:00:00,860.6500244140625,0
6.0,0.0,12.0,11.886,11.886,39.62,2.0,6.0,-1.0,0.0,0.0,-1.714,0.0,0.3,0.0,0.988,0.0,0.677,ICICIBANK,2023-01-19 00:00:00,866.1500244140625,0
6.0,0.0,12.0,12.884,12.884,5.126,2.0,1.0,-1.0,0.0,0.0,-0.861,0.0,2.514,0.0,1.308,0.0,0.733,ICICIBANK,2023-01-27 00:00:00,817.2000122070312,0
6.0,0.0,12.0,18.907,18.907,60.075,2.0,1.0,-1.0,-1.0,1.0,-7.776,0.0,0.315,0.0,1.264,0.0,0.981,ICICIBANK,2023-02-03 00:00:00,863.7999877929688,0
6.0,0.0,12.0,18.843,18.843,39.561,2.0,1.0,-1.0,-1.0,1.0,-8.141,0.0,0.476,0.0,0.487,0.0,0.985,ICICIBANK,2023-02-10 00:00:00,853.8499755859375,0
1.0,0.0,5.2,10.147,10.147,33.823,2.0,1.0,1.0,-1.0,0.0,-1.568,1.0,0.3,0.0,0.706,0.0,0.485,ICICIBANK,2023-02-17 00:00:00,862.6500244140625,0
1.0,0.0,6.2,10.227,10.227,4.354,2.0,1.0,1.0,-1.0,0.0,-4.93,0.0,2.349,0.0,0.807,0.0,0.501,ICICIBANK,2023-02-24 00:00:00,839.7000122070312,0
1.0,0.0,7.2,10.309,10.309,34.363,2.0,1.0,1.0,0.0,0.0,-3.317,0.0,0.3,0.0,0.859,0.0,0.519,ICICIBANK,2023-03-03 00:00:00,868.5499877929688,0
10.0,0.0,3.8,5.041,5.041,1.065,3.0,5.0,1.0,0.0,0.0,-4.004,0.0,4.733,0.0,1.377,0.0,0.324,ICICIBANK,2023-03-13 00:00:00,828.4000244140625,1
10.0,0.0,4.8,7.69,7.69,1.141,3.0,1.0,1.0,-1.0,0.0,-4.733,1.0,6.738,0.0,0.862,0.0,0.438,ICICIBANK,2023-03-20 00:00:00,836.4500122070312,1
9.0,0.0,5.2,7.943,7.943,6.65,3.0,1.0,-1.0,0.0,0.0,-5.196,1.0,1.194,0.0,1.247,0.0,0.442,ICICIBANK,2023-03-27 00:00:00,848.7000122070312,0
1.0,0.0,4.0,8.902,8.902,29.673,1.0,1.0,1.0,0.0,0.0,-0.372,0.0,0.3,0.0,1.482,0.0,0.473,ICICIBANK,2023-04-05 00:00:00,884.5999755859375,0
1.0,0.0,5.0,9.513,9.513,31.71,3.0,1.0,1.0,0.0,0.0,-0.207,0.0,0.3,0.0,1.142,0.0,0.502,ICICIBANK,2023-04-13 00:00:00,899.0,0
1.0,0.0,6.0,12.516,12.516,41.719,1.0,1.0,1.0,1.0,1.0,-2.496,0.0,0.3,0.0,0.811,0.0,0.669,ICICIBANK,2023-04-21 00:00:00,885.6500244140625,0
5.0,0.0,12.0,13.492,13.492,12.643,4.0,1.0,1.0,1.0,1.0,-0.169,0.0,1.067,0.0,1.325,0.0,0.756,ICICIBANK,2023-04-28 00:00:00,917.6500244140625,0
5.0,0.0,12.0,14.256,14.256,37.757,1.0,1.0,1.0,1.0,1.0,-1.645,1.0,0.378,0.0,1.03,0.0,0.908,ICICIBANK,2023-05-08 00:00:00,937.9000244140625,0
5.0,0.0,12.0,14.588,14.588,15.648,3.0,1.0,1.0,1.0,1.0,-0.432,0.0,0.932,0.0,0.718,0.0,0.95,ICICIBANK,2023-05-15 00:00:00,945.75,0
5.0,0.0,12.0,15.268,15.268,11.472,3.0,1.0,1.0,1.0,1.0,-0.178,0.0,1.331,0.0,0.777,0.0,1.0,ICICIBANK,2023-05-22 00:00:00,950.3499755859375,0
5.0,0.0,12.0,15.625,15.625,9.805,3.0,1.0,1.0,1.0,1.0,-0.85,0.0,1.594,0.0,0.541,0.0,1.0,ICICIBANK,2023-05-29 00:00:00,948.1500244140625,0
6.0,0.0,12.0,17.103,17.103,1.952,5.0,1.0,-1.0,1.0,0.0,-15.778,0.0,8.762,0.0,0.604,0.0,1.0,ICICIBANK,2023-06-05 00:00:00,946.75,0
10.0,0.0,2.4,2.59,2.59,1.159,2.0,7.0,1.0,1.0,1.0,-2.042,0.0,2.235,0.0,0.769,0.0,0.212,ICICIBANK,2023-06-12 00:00:00,935.9500122070312,0
10.0,0.0,3.4,3.472,3.472,1.087,2.0,2.0,1.0,1.0,1.0,-2.444,0.0,3.195,0.0,0.737,0.0,0.279,ICICIBANK,2023-06-19 00:00:00,923.1500244140625,1
6.0,0.0,12.0,13.527,13.527,1.38,5.0,3.0,-1.0,0.0,0.0,-9.413,0.0,9.803,0.0,0.427,0.0,0.875,ICICIBANK,2023-06-26 00:00:00,927.4500122070312,0
6.0,0.0,12.0,10.677,10.677,1.545,5.0,2.0,-1.0,0.0,0.0,-9.041,0.0,6.913,0.0,0.628,0.0,0.739,ICICIBANK,2023-07-04 00:00:00,944.7000122070312,0
6.0,0.0,12.0,9.16,9.16,1.528,2.0,2.0,-1.0,0.0,0.0,-7.48,0.0,5.996,0.0,0.656,0.0,0.658,ICICIBANK,2023-07-11 00:00:00,944.9500122070312,0
1.0,0.0,6.4,6.052,6.052,2.673,1.0,3.0,1.0,0.0,0.0,-0.524,0.0,2.264,0.0,1.077,0.0,0.464,ICICIBANK,2023-07-18 00:00:00,975.4500122070312,0
1.0,0.0,7.4,9.569,9.569,31.897,1.0,3.0,1.0,0.0,0.0,-1.656,1.0,0.3,0.0,1.349,0.0,0.704,ICICIBANK,2023-07-25 00:00:00,994.7000122070312,0
1.0,0.0,8.4,9.508,9.508,31.692,2.0,3.0,1.0,0.0,0.0,-1.031,0.0,0.3,0.0,0.871,0.0,0.699,ICICIBANK,2023-08-01 00:00:00,994.5499877929688,0
5.0,0.0,12.0,9.624,9.624,12.604,3.0,3.0,1.0,0.0,0.0,-3.276,0.0,0.764,0.0,0.988,0.0,0.709,ICICIBANK,2023-08-08 00:00:00,979.9000244140625,0
0.0,0.0,5.8,6.992,6.992,23.306,3.0,6.0,-1.0,0.0,0.0,-1.971,1.0,0.3,0.0,1.001,0.0,0.449,ICICIBANK,2023-08-16 00:00:00,956.5,0
0.0,0.0,6.8,6.95,6.95,23.165,3.0,6.0,-1.0,0.0,0.0,-1.169,0.0,0.3,0.0,0.897,0.0,0.471,ICICIBANK,2023-08-23 00:00:00,966.8499755859375,0
0.0,0.0,7.8,6.908,6.908,23.027,3.0,6.0,-1.0,0.0,0.0,-2.843,0.0,0.3,0.0,0.719,0.0,0.474,ICICIBANK,2023-08-30 00:00:00,958.9000244140625,0
0.0,0.0,8.8,6.867,6.867,22.889,3.0,6.0,-1.0,0.0,0.0,-2.912,0.0,0.3,0.0,0.903,0.0,0.476,ICICIBANK,2023-09-06 00:00:00,957.5,0
0.0,0.0,9.8,6.826,6.826,20.059,3.0,6.0,-1.0,0.0,0.0,-5.26,0.0,0.34,0.0,1.146,0.0,0.475,ICICIBANK,2023-09-13 00:00:00,989.7999877929688,0
0.0,0.0,10.8,6.786,6.786,22.62,3.0,6.0,-1.0,0.0,0.0,-4.904,1.0,0.3,0.0,1.411,0.0,0.483,ICICIBANK,2023-09-21 00:00:00,959.2999877929688,0
10.0,0.0,7.6,6.396,6.396,1.209,6.0,1.0,1.0,0.0,0.0,-5.454,0.0,5.291,0.0,0.855,0.0,0.458,ICICIBANK,2023-09-28 00:00:00,942.5999755859375,1
9.0,0.0,8.0,7.625,7.625,25.417,6.0,1.0,-1.0,0.0,0.0,-1.714,0.0,0.3,0.0,0.616,0.0,0.547,ICICIBANK,2023-10-06 00:00:00,945.2000122070312,0
9.0,0.0,9.0,7.625,7.625,7.796,6.0,1.0,-1.0,0.0,0.0,-3.162,0.0,0.978,0.0,0.486,0.0,0.559,ICICIBANK,2023-10-13 00:00:00,951.2999877929688,0
0.0,0.0,10.0,7.974,7.974,2.027,6.0,1.0,-1.0,0.0,0.0,-1.162,1.0,3.934,0.0,0.562,0.0,0.568,ICICIBANK,2023-10-20 00:00:00,932.75,0
0.0,0.0,11.0,10.919,10.919,6.124,6.0,1.0,-1.0,0.0,0.0,-1.529,0.0,1.783,0.0,0.575,0.0,0.759,ICICIBANK,2023-10-30 00:00:00,924.9000244140625,0
0.0,0.0,12.0,11.007,11.007,2.487,6.0,1.0,-1.0,0.0,0.0,-3.871,0.0,4.425,0.0,0.486,0.0,0.761,ICICIBANK,2023-11-06 00:00:00,945.4500122070312,0
9.0,0.0,4.4,7.013,7.013,1.485,4.0,1.0,-1.0,0.0,0.0,-4.405,0.0,4.722,0.0,0.878,0.0,0.497,ICICIBANK,2023-11-13 00:00:00,934.4500122070312,0
5.0,0.0,12.0,10.188,10.188,1.996,6.0,1.0,1.0,0.0,0.0,-7.624,0.0,5.104,0.0,0.769,0.0,0.766,ICICIBANK,2023-11-21 00:00:00,926.0999755859375,1
1.0,0.0,7.4,6.693,6.693,3.095,5.0,1.0,1.0,0.0,0.0,-3.799,0.0,2.162,0.0,1.277,0.0,0.546,ICICIBANK,2023-11-29 00:00:00,939.5999755859375,1
1.0,0.0,8.4,12.435,12.435,41.451,1.0,1.0,1.0,0.0,0.0,-0.226,1.0,0.3,0.0,2.488,0.0,0.928,ICICIBANK,2023-12-06 00:00:00,1003.25,0
1.0,0.0,9.4,13.039,13.039,43.465,3.0,1.0,1.0,1.0,1.0,-0.519,0.0,0.3,0.0,0.969,0.0,0.947,ICICIBANK,2023-12-13 00:00:00,1013.9000244140625,0
1.0,0.0,10.4,15.519,15.519,51.73,2.0,1.0,1.0,1.0,1.0,-2.707,0.0,0.3,0.0,0.789,0.0,1.0,ICICIBANK,2023-12-20 00:00:00,1006.6500244140625,0
5.0,0.0,12.0,14.438,14.438,14.117,2.0,1.0,1.0,0.0,0.0,-3.971,1.0,1.023,0.0,0.98,0.0,1.0,ICICIBANK,2023-12-28 00:00:00,1005.9000244140625,0
5.0,0.0,12.0,14.705,14.705,16.168,2.0,1.0,1.0,0.0,0.0,-5.715,0.0,0.91,0.0,1.264,0.0,1.0,ICICIBANK,2024-01-04 00:00:00,987.1500244140625,0
5.0,0.0,12.0,14.571,14.571,7.717,2.0,1.0,1.0,1.0,1.0,-4.853,0.0,1.888,0.0,0.685,0.0,1.0,ICICIBANK,2024-01-11 00:00:00,991.1500244140625,0
10.0,0.0,2.2,4.157,4.157,1.926,2.0,4.0,1.0,1.0,1.0,-3.352,0.0,2.159,0.0,2.689,0.0,0.259,ICICIBANK,2024-01-18 00:00:00,986.3499755859375,1
10.0,0.0,2.2,8.786,8.786,3.228,1.0,2.0,1.0,1.0,1.0,-4.668,0.0,2.722,0.0,1.252,0.0,0.384,ICICIBANK,2024-01-29 00:00:00,1016.4000244140625,0
10.0,0.0,3.2,8.786,8.786,29.287,1.0,2.0,1.0,1.0,1.0,-3.342,1.0,0.3,0.0,0.711,0.0,0.381,ICICIBANK,2024-02-05 00:00:00,1023.5,0
10.0,0.0,4.2,8.786,8.786,2.946,1.0,2.0,1.0,1.0,1.0,-4.597,0.0,2.983,0.0,0.659,0.0,0.377,ICICIBANK,2024-02-12 00:00:00,996.0999755859375,1
10.0,0.0,5.2,8.786,8.786,29.287,1.0,2.0,1.0,0.0,0.0,-3.412,0.0,0.3,0.0,0.396,0.0,0.382,ICICIBANK,2024-02-19 00:00:00,1043.75,0
10.0,0.0,6.2,9.83,9.83,32.766,2.0,2.0,1.0,0.0,0.0,-0.813,1.0,0.3,0.0,0.764,0.0,0.44,ICICIBANK,2024-02-26 00:00:00,1054.199951171875,0
5.0,0.0,12.0,11.022,11.022,3.641,1.0,2.0,1.0,0.0,0.0,-0.28,0.0,3.027,0.0,0.939,0.0,0.61,ICICIBANK,2024-03-04 00:00:00,1092.3499755859375,0
5.0,0.0,12.0,13.294,13.294,44.313,1.0,2.0,1.0,1.0,1.0,-3.13,0.0,0.3,0.0,0.843,0.0,0.72,ICICIBANK,2024-03-12 00:00:00,1076.8499755859375,0
5.0,0.0,12.0,13.263,13.263,6.78,1.0,2.0,1.0,1.0,1.0,-2.905,0.0,1.956,0.0,0.517,0.0,0.693,ICICIBANK,2024-03-19 00:00:00,1083.949951171875,0
0.0,0.0,4.2,6.964,6.964,6.555,1.0,2.0,-1.0,1.0,0.0,-4.352,0.0,1.062,0.0,0.774,0.0,0.373,ICICIBANK,2024-03-27 00:00:00,1083.75,0
6.0,0.0,12.0,14.527,14.527,1.486,1.0,2.0,-1.0,1.0,0.0,-11.034,1.0,9.776,0.0,0.899,0.0,0.693,ICICIBANK,2024-04-04 00:00:00,1078.8499755859375,0
10.0,0.0,3.2,5.113,5.113,17.043,2.0,2.0,1.0,1.0,1.0,-0.64,0.0,0.3,0.0,0.673,0.0,0.333,ICICIBANK,2024-04-12 00:00:00,1104.4000244140625,0
10.0,0.0,4.2,6.194,6.194,1.202,3.0,2.0,1.0,0.0,0.0,-4.415,0.0,5.154,0.0,0.755,0.0,0.378,ICICIBANK,2024-04-22 00:00:00,1086.6500244140625,1
6.0,0.0,12.0,13.813,13.813,1.355,1.0,3.0,-1.0,1.0,0.0,-12.449,0.0,10.193,0.0,0.933,0.0,0.686,ICICIBANK,2024-04-29 00:00:00,1160.1500244140625,0
6.0,0.0,12.0,18.007,18.007,1.366,1.0,3.0,-1.0,1.0,0.0,-16.346,0.0,13.185,0.0,0.948,0.0,0.883,ICICIBANK,2024-05-07 00:00:00,1131.9000244140625,0
6.0,0.0,12.0,18.502,18.502,1.37,1.0,1.0,-1.0,0.0,0.0,-14.489,0.0,13.508,0.0,0.621,0.0,0.898,ICICIBANK,2024-05-14 00:00:00,1120.550048828125,0
1.0,0.0,6.0,9.898,9.898,1.097,1.0,2.0,1.0,0.0,0.0,-4.155,0.0,9.024,0.0,0.736,0.0,0.574,ICICIBANK,2024-05-22 00:00:00,1111.0999755859375,1
0.0,0.0,6.2,10.6,10.6,35.333,1.0,2.0,-1.0,0.0,0.0,-7.523,0.0,0.3,0.0,0.675,0.0,0.577,ICICIBANK,2024-05-29 00:00:00,1102.0,0
9.0,0.0,2.4,10.878,10.878,1.949,1.0,1.0,-1.0,0.0,0.0,-1.699,0.0,5.582,0.0,2.514,0.0,0.406,ICICIBANK,2024-06-05 00:00:00,1108.6500244140625,0
7.0,0.0,1.0,6.504,6.504,1.29,1.0,2.0,1.0,0.0,0.0,-4.672,0.0,5.043,0.0,0.64,0.0,0.33,ICICIBANK,2024-06-12 00:00:00,1119.550048828125,1
7.0,0.0,1.0,6.504,6.504,1.735,1.0,2.0,1.0,0.0,0.0,-2.434,0.0,3.748,0.0,1.792,0.0,0.33,ICICIBANK,2024-06-20 00:00:00,1156.800048828125,1
7.0,0.0,1.0,6.504,6.504,21.681,1.0,2.0,1.0,1.0,1.0,3.836,0.0,0.3,0.0,1.327,0.0,0.33,ICICIBANK,2024-06-27 00:00:00,1219.9000244140625,0
5.0,0.0,12.0,16.462,16.462,29.876,2.0,3.0,1.0,1.0,1.0,-0.762,1.0,0.551,0.0,1.058,0.0,0.809,ICICIBANK,2024-07-11 00:00:00,1238.449951171875,0
5.0,0.0,12.0,16.536,16.536,11.116,4.0,2.0,1.0,1.0,1.0,-0.596,0.0,1.488,0.0,0.638,0.0,0.816,ICICIBANK,2024-07-19 00:00:00,1248.6500244140625,0
5.0,0.0,12.0,17.259,17.259,28.322,4.0,2.0,1.0,1.0,1.0,-4.762,0.0,0.609,0.0,0.812,0.0,0.806,ICICIBANK,2024-07-26 00:00:00,1207.199951171875,0
5.0,0.0,12.0,17.085,17.085,56.951,4.0,2.0,1.0,1.0,1.0,-3.792,0.0,0.3,0.0,0.508,0.0,0.813,ICICIBANK,2024-08-02 00:00:00,1196.550048828125,0
6.0,0.0,12.0,18.451,18.451,3.839,4.0,2.0,-1.0,0.0,0.0,-10.803,0.0,4.806,0.0,0.63,0.0,0.818,ICICIBANK,2024-08-09 00:00:00,1171.5999755859375,0
6.0,0.0,12.0,18.608,18.608,2.524,4.0,2.0,-1.0,0.0,0.0,-12.958,0.0,7.371,0.0,0.636,0.0,0.809,ICICIBANK,2024-08-19 00:00:00,1175.9000244140625,0
6.0,0.0,12.0,18.761,18.761,2.007,4.0,2.0,-1.0,0.0,0.0,-14.505,0.0,9.347,0.0,0.44,0.0,0.816,ICICIBANK,2024-08-26 00:00:00,1213.300048828125,0
1.0,0.0,5.0,7.7,7.7,25.668,1.0,2.0,1.0,1.0,1.0,-1.09,0.0,0.3,0.0,1.528,0.0,0.453,ICICIBANK,2024-09-02 00:00:00,1229.949951171875,0
20.0,1.0,6.8,8.926,8.926,1.145,3.0,2.0,-1.0,0.0,0.0,-8.443,0.0,7.798,0.0,0.732,0.0,0.526,ICICIBANK,2024-09-16 00:00:00,1262.8499755859375,0
20.0,1.0,7.8,17.968,17.968,1.061,1.0,2.0,-1.0,0.0,0.0,-16.084,0.0,16.93,0.0,4.942,0.0,0.989,ICICIBANK,2024-09-23 00:00:00,1321.9000244140625,0
5.0,0.0,12.0,16.022,16.022,53.408,1.0,2.0,1.0,1.0,1.0,-4.092,0.0,0.3,0.0,1.199,0.0,0.971,ICICIBANK,2024-09-30 00:00:00,1273.0,0
1.0,0.0,6.6,22.547,22.547,1.64,1.0,1.0,1.0,0.0,0.0,-6.532,1.0,13.752,0.0,0.621,0.0,0.656,SBIN,2020-06-29 00:00:00,179.25,1
9.0,0.0,4.0,16.691,16.691,1.605,1.0,3.0,-1.0,0.0,0.0,-9.129,0.0,10.399,0.0,0.536,0.0,0.388,SBIN,2020-07-06 00:00:00,188.0500030517578,0
9.0,0.0,5.0,19.645,19.645,1.0,1.0,3.0,-1.0,0.0,0.0,-15.569,0.0,19.645,0.0,1.496,0.0,0.463,SBIN,2020-07-13 00:00:00,192.6999969482422,0
20.0,1.0,8.0,31.344,31.344,2.62,1.0,1.0,-1.0,1.0,0.0,-25.928,0.0,11.965,0.0,0.615,0.0,0.748,SBIN,2020-07-20 00:00:00,190.75,0
5.0,0.0,12.0,27.637,27.637,40.808,1.0,1.0,1.0,1.0,1.0,-5.21,0.0,0.677,0.0,0.908,0.0,0.779,SBIN,2020-07-27 00:00:00,187.14999389648438,0
0.0,0.0,5.6,13.598,13.598,2.755,1.0,1.0,-1.0,1.0,0.0,-8.011,0.0,4.937,0.0,2.233,0.0,0.397,SBIN,2020-08-03 00:00:00,192.25,0
0.0,0.0,6.6,13.465,13.465,5.509,1.0,1.0,-1.0,1.0,0.0,-7.56,0.0,2.444,0.0,0.698,0.0,0.419,SBIN,2020-08-10 00:00:00,193.8000030517578,0
6.0,0.0,12.0,38.349,38.349,1.088,1.0,1.0,-1.0,1.0,0.0,-31.482,0.0,35.234,0.0,0.766,0.0,0.864,SBIN,2020-08-17 00:00:00,193.10000610351562,0
6.0,0.0,12.0,25.845,25.845,1.397,1.0,1.0,-1.0,1.0,0.0,-21.457,0.0,18.495,0.0,0.948,0.0,0.672,SBIN,2020-08-24 00:00:00,201.4499969482422,0
5.0,0.0,12.0,25.195,25.195,7.037,1.0,3.0,1.0,1.0,1.0,-0.465,1.0,3.58,0.0,1.389,0.0,0.89,SBIN,2020-08-31 00:00:00,212.0,0
5.0,0.0,12.0,30.155,30.155,88.998,1.0,2.0,1.0,1.0,1.0,-10.775,0.0,0.339,0.0,0.82,0.0,0.981,SBIN,2020-09-07 00:00:00,207.89999389648438,0
5.0,0.0,12.0,26.788,26.788,9.526,1.0,1.0,1.0,1.0,1.0,-12.46,0.0,2.812,0.0,0.745,0.0,0.868,SBIN,2020-09-14 00:00:00,198.5,0
0.0,0.0,5.4,21.694,21.694,9.759,1.0,1.0,-1.0,0.0,0.0,-1.529,0.0,2.223,0.0,0.902,0.0,0.647,SBIN,2020-09-21 00:00:00,185.8000030517578,0
0.0,0.0,6.4,29.011,29.011,96.702,1.0,2.0,-1.0,0.0,0.0,-3.818,0.0,0.3,0.0,0.784,0.0,0.847,SBIN,2020-09-28 00:00:00,187.25,0
0.0,0.0,7.4,28.966,28.966,96.555,1.0,2.0,-1.0,0.0,0.0,-7.55,0.0,0.3,0.0,0.734,0.0,0.872,SBIN,2020-10-06 00:00:00,191.60000610351562,0
0.0,0.0,8.4,28.922,28.922,4.611,1.0,2.0,-1.0,0.0,0.0,-13.219,0.0,6.273,0.0,1.239,0.0,0.879,SBIN,2020-10-13 00:00:00,195.6999969482422,0
9.0,0.0,5.0,17.493,17.493,1.055,2.0,2.0,-1.0,0.0,0.0,-16.239,0.0,16.581,0.0,1.281,0.0,0.488,SBIN,2020-10-20 00:00:00,203.0500030517578,0
1.0,0.0,6.6,15.451,15.451,3.112,1.0,2.0,1.0,0.0,0.0,-5.113,0.0,4.965,0.0,0.956,0.0,0.506,SBIN,2020-10-27 00:00:00,194.64999389648438,1
1.0,0.0,7.6,15.455,15.455,2.025,1.0,2.0,1.0,0.0,0.0,-5.427,1.0,7.632,0.0,1.115,0.0,0.511,SBIN,2020-11-03 00:00:00,204.75,1
9.0,0.0,4.2,19.181,19.181,1.184,2.0,2.0,-1.0,0.0,0.0,-18.074,0.0,16.206,0.0,1.075,0.0,0.557,SBIN,2020-11-10 00:00:00,231.6999969482422,0
5.0,0.0,12.0,27.803,27.803,33.605,1.0,2.0,1.0,1.0,1.0,-4.053,1.0,0.827,0.0,0.135,0.0,0.943,SBIN,2020-11-17 00:00:00,240.1999969482422,0
5.0,0.0,12.0,32.468,32.468,108.225,2.0,2.0,1.0,1.0,1.0,-5.652,0.0,0.3,0.0,1.002,0.0,1.0,SBIN,2020-11-24 00:00:00,243.85000610351562,0
5.0,0.0,12.0,31.244,31.244,20.395,2.0,2.0,1.0,1.0,1.0,-1.957,0.0,1.532,0.0,0.655,0.0,1.0,SBIN,2020-12-02 00:00:00,246.9499969482422,1
5.0,0.0,12.0,36.116,36.116,14.767,1.0,2.0,1.0,1.0,1.0,-0.658,0.0,2.446,0.0,1.129,0.0,1.0,SBIN,2020-12-09 00:00:00,270.3500061035156,0
5.0,0.0,12.0,37.225,37.225,40.3,3.0,2.0,1.0,1.0,1.0,-2.027,0.0,0.924,0.0,0.611,0.0,1.0,SBIN,2020-12-16 00:00:00,269.3999938964844,0
5.0,0.0,12.0,36.454,36.454,10.201,3.0,2.0,1.0,1.0,1.0,-6.805,0.0,3.574,0.0,0.912,0.0,1.0,SBIN,2020-12-23 00:00:00,263.0,1
5.0,0.0,12.0,33.947,33.947,21.364,2.0,2.0,1.0,1.0,1.0,-1.072,0.0,1.589,0.0,0.557,0.0,1.0,SBIN,2020-12-31 00:00:00,274.95001220703125,0
6.0,0.0,12.0,52.759,52.759,1.105,1.0,2.0,-1.0,1.0,0.0,-53.335,0.0,47.752,0.0,0.753,0.0,1.0,SBIN,2021-01-07 00:00:00,287.70001220703125,0
6.0,0.0,12.0,60.133,60.133,1.163,1.0,2.0,-1.0,1.0,0.0,-65.035,0.0,51.687,0.0,1.444,0.0,1.0,SBIN,2021-01-14 00:00:00,307.25,0
6.0,0.0,12.0,64.218,64.218,1.136,1.0,2.0,-1.0,1.0,0.0,-62.749,0.0,56.537,0.0,0.626,0.0,1.0,SBIN,2021-01-21 00:00:00,294.8500061035156,0
6.0,0.0,12.0,55.336,55.336,1.441,1.0,2.0,-1.0,1.0,0.0,-42.89,1.0,38.388,0.0,0.911,0.0,1.0,SBIN,2021-01-29 00:00:00,282.1000061035156,0
5.0,0.0,12.0,38.834,38.834,5.746,1.0,1.0,1.0,1.0,1.0,-0.81,0.0,6.759,0.0,2.698,0.0,1.0,SBIN,2021-02-05 00:00:00,393.1000061035156,0
5.0,0.0,12.0,45.457,45.457,93.342,2.0,1.0,1.0,1.0,1.0,-4.457,0.0,0.487,0.0,0.662,0.0,1.0,SBIN,2021-02-12 00:00:00,393.1499938964844,0
5.0,0.0,12.0,45.328,45.328,125.467,1.0,2.0,1.0,1.0,1.0,-2.923,1.0,0.361,0.0,1.251,0.0,1.0,SBIN,2021-02-19 00:00:00,399.54998779296875,0
5.0,0.0,12.0,45.083,45.083,150.276,1.0,1.0,1.0,1.0,1.0,-4.781,1.0,0.3,0.0,0.883,0.0,1.0,SBIN,2021-02-26 00:00:00,390.1499938964844,0
0.0,0.0,4.0,11.03,11.03,2.402,1.0,4.0,-1.0,1.0,0.0,-2.726,0.0,4.592,0.0,0.7,0.0,0.324,SBIN,2021-03-05 00:00:00,383.6499938964844,1
6.0,0.0,12.0,66.611,66.611,1.45,1.0,1.0,-1.0,1.0,0.0,-53.515,0.0,45.954,0.0,0.696,0.0,1.0,SBIN,2021-03-15 00:00:00,383.8999938964844,0
6.0,0.0,12.0,65.437,65.437,1.566,1.0,1.0,-1.0,1.0,0.0,-45.207,0.0,41.787,0.0,1.178,0.0,1.0,SBIN,2021-03-22 00:00:00,367.0,0
6.0,0.0,12.0,57.538,57.538,1.817,1.0,1.0,-1.0,1.0,0.0,-32.542,0.0,31.66,0.0,0.785,0.0,1.0,SBIN,2021-03-30 00:00:00,360.79998779296875,0
6.0,0.0,12.0,54.988,54.988,2.283,1.0,1.0,-1.0,1.0,0.0,-30.074,0.0,24.088,0.0,0.837,0.0,1.0,SBIN,2021-04-07 00:00:00,358.54998779296875,0
6.0,0.0,12.0,51.489,51.489,4.52,1.0,1.0,-1.0,1.0,0.0,-26.531,0.0,11.391,0.0,0.933,0.0,1.0,SBIN,2021-04-15 00:00:00,342.70001220703125,0
6.0,0.0,12.0,53.654,53.654,3.696,1.0,1.0,-1.0,0.0,0.0,-24.917,1.0,14.516,0.0,0.911,0.0,1.0,SBIN,2021-04-23 00:00:00,336.45001220703125,0
7.0,0.0,1.6,12.045,12.045,28.667,1.0,1.0,1.0,-1.0,0.0,-1.345,1.0,0.42,0.0,1.349,0.0,0.417,SBIN,2021-04-30 00:00:00,353.5,0
1.0,0.0,5.4,13.699,13.699,2.688,1.0,2.0,1.0,-1.0,0.0,-4.396,1.0,5.097,0.0,0.763,0.0,0.439,SBIN,2021-05-07 00:00:00,358.25,1
1.0,0.0,6.4,14.154,14.154,5.641,3.0,2.0,1.0,-1.0,0.0,-3.494,0.0,2.509,0.0,1.095,0.0,0.458,SBIN,2021-05-17 00:00:00,383.1000061035156,1
1.0,0.0,7.4,22.567,22.567,75.225,1.0,2.0,1.0,0.0,0.0,-0.791,1.0,0.3,0.0,3.617,0.0,0.7,SBIN,2021-05-24 00:00:00,412.04998779296875,0
1.0,0.0,8.4,30.558,30.558,101.862,1.0,2.0,1.0,1.0,1.0,-2.675,1.0,0.3,0.0,1.158,0.0,0.946,SBIN,2021-05-31 00:00:00,424.3500061035156,0
1.0,0.0,9.4,32.867,32.867,109.558,2.0,2.0,1.0,1.0,1.0,-1.889,0.0,0.3,0.0,0.674,0.0,1.0,SBIN,2021-06-07 00:00:00,432.25,0
1.0,0.0,10.4,32.919,32.919,109.729,2.0,2.0,1.0,1.0,1.0,-2.794,1.0,0.3,0.0,0.515,0.0,1.0,SBIN,2021-06-14 00:00:00,430.3500061035156,0
1.0,0.0,11.4,32.97,32.97,109.901,2.0,2.0,1.0,1.0,1.0,-6.573,0.0,0.3,0.0,0.917,0.0,1.0,SBIN,2021-06-21 00:00:00,419.75,0
5.0,0.0,12.0,28.137,28.137,12.374,2.0,2.0,1.0,1.0,1.0,-2.975,0.0,2.274,0.0,0.622,0.0,1.0,SBIN,2021-06-28 00:00:00,426.75,0
6.0,0.0,12.0,33.649,33.649,1.805,2.0,2.0,-1.0,1.0,0.0,-32.088,0.0,18.645,0.0,0.355,0.0,1.0,SBIN,2021-07-05 00:00:00,432.6499938964844,0
6.0,0.0,12.0,35.206,35.206,1.423,2.0,1.0,-1.0,1.0,0.0,-31.886,0.0,24.745,0.0,0.386,0.0,1.0,SBIN,2021-07-12 00:00:00,427.45001220703125,0
6.0,0.0,12.0,32.783,32.783,1.148,2.0,1.0,-1.0,1.0,0.0,-29.655,0.0,28.548,0.0,0.214,0.0,1.0,SBIN,2021-07-19 00:00:00,427.8999938964844,0
6.0,0.0,12.0,28.444,28.444,1.353,2.0,1.0,-1.0,1.0,0.0,-23.989,0.0,21.018,0.0,0.374,0.0,1.0,SBIN,2021-07-27 00:00:00,429.95001220703125,0
3.0,0.0,5.0,6.243,6.243,5.798,2.0,5.0,1.0,1.0,1.0,-2.138,0.0,1.077,0.0,0.936,0.0,0.34,SBIN,2021-08-03 00:00:00,446.5,0
10.0,0.0,4.2,11.225,11.225,24.923,1.0,4.0,1.0,0.0,0.0,-7.284,0.0,0.45,0.0,0.823,0.0,0.477,SBIN,2021-08-10 00:00:00,426.45001220703125,0
10.0,0.0,4.0,10.397,10.397,1.119,1.0,4.0,1.0,0.0,0.0,-9.113,0.0,9.295,0.0,0.588,0.0,0.421,SBIN,2021-08-17 00:00:00,421.5,1
0.0,0.0,5.4,15.635,15.635,52.117,1.0,1.0,-1.0,0.0,0.0,-4.075,0.0,0.3,0.0,0.703,0.0,0.614,SBIN,2021-08-25 00:00:00,416.25,0
0.0,0.0,6.4,15.6,15.6,25.076,1.0,1.0,-1.0,0.0,0.0,-6.181,0.0,0.622,0.0,1.02,0.0,0.644,SBIN,2021-09-01 00:00:00,429.8999938964844,0
0.0,0.0,7.4,15.565,15.565,10.36,1.0,1.0,-1.0,0.0,0.0,-6.941,0.0,1.502,0.0,0.616,0.0,0.684,SBIN,2021-09-08 00:00:00,431.3500061035156,0
0.0,0.0,8.4,15.53,15.53,3.533,1.0,1.0,-1.0,0.0,0.0,-10.617,0.0,4.396,0.0,0.959,0.0,0.707,SBIN,2021-09-16 00:00:00,463.70001220703125,0
1.0,0.0,7.0,14.547,14.547,1.517,1.0,1.0,1.0,0.0,0.0,-2.522,0.0,9.591,0.0,1.946,0.0,0.711,SBIN,2021-09-30 00:00:00,453.0,1
1.0,0.0,8.0,14.293,14.293,1.738,2.0,1.0,1.0,1.0,1.0,-3.115,0.0,8.223,0.0,0.967,0.0,0.684,SBIN,2021-10-07 00:00:00,457.8999938964844,1
1.0,0.0,9.0,16.882,16.882,3.408,2.0,1.0,1.0,1.0,1.0,-0.915,1.0,4.953,0.0,0.895,0.0,0.811,SBIN,2021-10-14 00:00:00,490.6000061035156,0
1.0,0.0,10.0,20.771,20.771,5.374,2.0,1.0,1.0,1.0,1.0,-0.897,0.0,3.865,0.0,1.035,0.0,0.962,SBIN,2021-10-22 00:00:00,502.95001220703125,0
1.0,0.0,11.0,24.148,24.148,5.573,1.0,1.0,1.0,1.0,1.0,-4.84,0.0,4.333,0.0,1.353,0.0,1.0,SBIN,2021-10-29 00:00:00,502.1499938964844,0
5.0,0.0,12.0,26.591,26.591,58.77,1.0,1.0,1.0,1.0,1.0,-2.185,0.0,0.452,0.0,0.447,0.0,1.0,SBIN,2021-11-08 00:00:00,523.25,0
5.0,0.0,12.0,27.584,27.584,16.306,1.0,1.0,1.0,1.0,1.0,-5.707,0.0,1.692,0.0,0.897,0.0,1.0,SBIN,2021-11-15 00:00:00,506.54998779296875,0
6.0,0.0,12.0,32.384,32.384,1.502,1.0,1.0,-1.0,1.0,0.0,-19.362,0.0,21.562,0.0,1.309,0.0,1.0,SBIN,2021-11-23 00:00:00,493.04998779296875,0
6.0,0.0,12.0,27.262,27.262,2.449,1.0,2.0,-1.0,1.0,0.0,-9.41,0.0,11.13,0.0,1.017,0.0,0.879,SBIN,2021-11-30 00:00:00,460.54998779296875,0
6.0,0.0,12.0,26.649,26.649,2.518,1.0,2.0,-1.0,1.0,0.0,-8.88,0.0,10.583,0.0,0.646,0.0,0.827,SBIN,2021-12-07 00:00:00,476.70001220703125,0
6.0,0.0,12.0,23.647,23.647,2.984,1.0,1.0,-1.0,1.0,0.0,-12.747,0.0,7.925,0.0,0.632,0.0,0.769,SBIN,2021-12-14 00:00:00,488.54998779296875,0
6.0,0.0,12.0,22.974,22.974,6.973,1.0,3.0,-1.0,0.0,0.0,-2.3,1.0,3.295,0.0,1.059,0.0,0.736,SBIN,2021-12-21 00:00:00,446.0,0
7.0,0.0,1.0,8.33,8.33,3.675,1.0,2.0,1.0,0.0,0.0,-4.85,0.0,2.267,0.0,0.559,0.0,0.294,SBIN,2021-12-28 00:00:00,461.20001220703125,0
7.0,0.0,1.0,8.33,8.33,27.766,1.0,2.0,1.0,-1.0,0.0,-2.202,1.0,0.3,0.0,0.829,0.0,0.294,SBIN,2022-01-04 00:00:00,483.5,0
7.0,0.0,1.0,8.33,8.33,27.766,1.0,2.0,1.0,0.0,0.0,4.622,0.0,0.3,0.0,1.0,0.0,0.294,SBIN,2022-01-11 00:00:00,505.95001220703125,0
7.0,0.0,1.0,8.33,8.33,27.766,1.0,2.0,1.0,0.0,0.0,6.772,0.0,0.3,0.0,1.1,0.0,0.294,SBIN,2022-01-18 00:00:00,506.79998779296875,0
5.0,0.0,12.0,19.775,19.775,7.018,1.0,2.0,1.0,0.0,0.0,-8.879,0.0,2.818,0.0,1.094,0.0,0.79,SBIN,2022-01-25 00:00:00,514.6500244140625,0
5.0,0.0,12.0,18.965,18.965,8.207,1.0,2.0,1.0,1.0,1.0,-2.142,1.0,2.311,0.0,1.787,0.0,0.781,SBIN,2022-02-02 00:00:00,539.7999877929688,0
5.0,0.0,12.0,19.949,19.949,8.583,2.0,2.0,1.0,1.0,1.0,-3.215,0.0,2.324,0.0,1.435,0.0,0.798,SBIN,2022-02-09 00:00:00,535.25,0
5.0,0.0,12.0,20.198,20.198,3.827,2.0,2.0,1.0,1.0,1.0,-4.408,0.0,5.278,0.0,1.296,0.0,0.805,SBIN,2022-02-16 00:00:00,516.7000122070312,0
5.0,0.0,12.0,21.268,21.268,36.552,2.0,2.0,1.0,0.0,0.0,-9.217,0.0,0.582,0.0,1.474,0.0,0.83,SBIN,2022-02-23 00:00:00,498.70001220703125,0
10.0,0.0,5.2,14.936,14.936,1.0,2.0,2.0,1.0,0.0,0.0,-13.616,0.0,14.936,0.0,0.933,0.0,0.525,SBIN,2022-03-03 00:00:00,467.3999938964844,0
6.0,0.0,12.0,27.452,27.452,47.693,2.0,1.0,-1.0,0.0,0.0,-6.282,0.0,0.576,0.0,1.612,0.0,0.933,SBIN,2022-03-10 00:00:00,468.70001220703125,0
6.0,0.0,12.0,27.803,27.803,2.567,2.0,1.0,-1.0,0.0,0.0,-15.941,0.0,10.83,0.0,0.769,0.0,0.94,SBIN,2022-03-17 00:00:00,501.8999938964844,0
0.0,0.0,8.6,30.915,30.915,1.323,2.0,1.0,-1.0,0.0,0.0,-14.612,1.0,23.36,0.0,0.761,0.0,0.844,SBIN,2022-03-25 00:00:00,490.70001220703125,0
0.0,0.0,9.6,31.775,31.775,1.156,2.0,1.0,-1.0,0.0,0.0,-16.129,0.0,27.498,0.0,0.448,0.0,0.878,SBIN,2022-04-01 00:00:00,508.20001220703125,0
0.0,0.0,10.6,32.685,32.685,0.882,2.0,1.0,-1.0,0.0,0.0,-21.165,0.0,37.04,0.0,0.882,0.0,0.896,SBIN,2022-04-08 00:00:00,516.0999755859375,0
1.0,0.0,11.2,26.3,26.3,87.667,2.0,1.0,1.0,0.0,0.0,-7.195,0.0,0.3,0.0,0.668,0.0,0.915,SBIN,2022-04-19 00:00:00,511.79998779296875,0
20.0,1.0,6.4,20.325,20.325,4.419,5.0,1.0,-1.0,0.0,0.0,-16.412,1.0,4.599,0.0,0.751,0.0,0.881,SBIN,2022-04-26 00:00:00,505.5,0
11.0,0.0,3.8,10.407,10.407,34.69,3.0,1.0,-1.0,-1.0,1.0,-0.892,0.0,0.3,0.0,0.772,0.0,0.429,SBIN,2022-05-11 00:00:00,476.54998779296875,0
11.0,0.0,4.8,16.968,16.968,56.559,3.0,2.0,-1.0,0.0,0.0,-6.483,0.0,0.3,0.0,0.993,0.0,0.603,SBIN,2022-05-18 00:00:00,458.0,0
6.0,0.0,12.0,20.993,20.993,20.421,5.0,1.0,-1.0,0.0,0.0,-8.718,0.0,1.028,0.0,0.909,0.0,0.77,SBIN,2022-05-25 00:00:00,454.1000061035156,0
9.0,0.0,2.4,7.623,7.623,25.411,4.0,2.0,-1.0,-1.0,1.0,-1.357,0.0,0.3,0.0,0.998,0.0,0.412,SBIN,2022-06-15 00:00:00,451.3500061035156,0
9.0,0.0,3.4,10.12,10.12,33.735,4.0,1.0,-1.0,-1.0,1.0,-4.655,0.0,0.3,0.0,1.187,0.0,0.472,SBIN,2022-06-22 00:00:00,447.6499938964844,0
5.0,0.0,12.0,17.965,17.965,1.819,5.0,1.0,1.0,-1.0,0.0,-11.063,0.0,9.878,0.0,0.912,0.0,0.804,SBIN,2022-06-29 00:00:00,459.1000061035156,1
5.0,0.0,12.0,17.69,17.69,2.024,4.0,1.0,1.0,-1.0,0.0,-9.55,1.0,8.739,0.0,0.847,0.0,0.822,SBIN,2022-07-06 00:00:00,479.95001220703125,1
5.0,0.0,12.0,17.634,17.634,3.145,1.0,1.0,1.0,0.0,0.0,-6.91,0.0,5.608,0.0,0.534,0.0,0.83,SBIN,2022-07-13 00:00:00,486.5,1
5.0,0.0,12.0,16.182,16.182,4.674,2.0,1.0,1.0,0.0,0.0,-2.839,0.0,3.462,0.0,0.879,0.0,0.755,SBIN,2022-07-20 00:00:00,508.6000061035156,0
1.0,0.0,7.4,18.073,18.073,60.243,3.0,1.0,1.0,1.0,1.0,-1.267,0.0,0.3,0.0,0.781,0.0,1.0,SBIN,2022-07-27 00:00:00,528.2000122070312,0
1.0,0.0,8.4,22.753,22.753,75.843,1.0,1.0,1.0,1.0,1.0,-0.514,0.0,0.3,0.0,1.462,0.0,1.0,SBIN,2022-08-03 00:00:00,540.8499755859375,0
1.0,0.0,9.4,22.898,22.898,76.325,3.0,1.0,1.0,1.0,1.0,-5.802,0.0,0.3,0.0,1.331,0.0,1.0,SBIN,2022-08-11 00:00:00,524.75,0
5.0,0.0,12.0,21.734,21.734,18.813,3.0,1.0,1.0,1.0,1.0,-2.571,0.0,1.155,0.0,0.721,0.0,1.0,SBIN,2022-08-19 00:00:00,520.3499755859375,0
5.0,0.0,12.0,22.233,22.233,60.894,3.0,1.0,1.0,1.0,1.0,-4.758,0.0,0.365,0.0,1.252,0.0,1.0,SBIN,2022-08-26 00:00:00,523.7999877929688,0
6.0,0.0,12.0,24.549,24.549,1.739,3.0,1.0,-1.0,1.0,0.0,-24.611,0.0,14.121,0.0,0.794,0.0,1.0,SBIN,2022-09-05 00:00:00,538.9000244140625,0
6.0,0.0,12.0,27.983,27.983,1.195,1.0,1.0,-1.0,1.0,0.0,-28.477,0.0,23.408,0.0,1.488,0.0,1.0,SBIN,2022-09-12 00:00:00,554.9000244140625,0
6.0,0.0,12.0,29.901,29.901,1.059,1.0,2.0,-1.0,1.0,0.0,-26.347,0.0,28.225,0.0,1.158,0.0,1.0,SBIN,2022-09-19 00:00:00,572.25,0
6.0,0.0,12.0,26.247,26.247,1.107,3.0,2.0,-1.0,1.0,0.0,-20.218,0.0,23.72,0.0,0.991,0.0,1.0,SBIN,2022-09-26 00:00:00,543.2999877929688,0
12.0,0.0,8.2,12.143,12.143,1.248,3.0,3.0,1.0,0.0,0.0,-8.254,0.0,9.732,0.0,0.787,0.0,0.613,SBIN,2022-10-11 00:00:00,527.4000244140625,1
0.0,0.0,8.2,13.534,13.534,2.742,3.0,3.0,-1.0,0.0,0.0,-6.965,0.0,4.936,0.0,1.125,0.0,0.589,SBIN,2022-10-18 00:00:00,562.4500122070312,0
0.0,0.0,9.2,13.496,13.496,1.352,3.0,3.0,-1.0,1.0,0.0,-12.248,0.0,9.982,0.0,0.31,0.0,0.593,SBIN,2022-10-25 00:00:00,578.5499877929688,0
10.0,0.0,4.2,12.929,12.929,43.097,3.0,2.0,1.0,1.0,1.0,-1.586,0.0,0.3,0.0,1.046,0.0,0.596,SBIN,2022-11-02 00:00:00,573.8499755859375,0
20.0,1.0,7.4,20.483,20.483,1.057,2.0,2.0,-1.0,1.0,0.0,-19.258,0.0,19.377,0.0,1.41,0.0,0.832,SBIN,2022-11-10 00:00:00,605.75,0
5.0,0.0,12.0,19.083,19.083,30.52,2.0,3.0,1.0,1.0,1.0,-3.686,0.0,0.625,0.0,0.885,0.0,0.939,SBIN,2022-11-17 00:00:00,599.0499877929688,0
5.0,0.0,12.0,18.753,18.753,17.135,2.0,1.0,1.0,1.0,1.0,-2.417,1.0,1.094,0.0,0.962,0.0,0.969,SBIN,2022-11-24 00:00:00,609.3499755859375,0
5.0,0.0,12.0,17.686,17.686,26.309,2.0,2.0,1.0,1.0,1.0,-3.252,0.0,0.672,0.0,1.23,0.0,0.928,SBIN,2022-12-01 00:00:00,608.0999755859375,0
5.0,0.0,12.0,17.552,17.552,41.785,3.0,2.0,1.0,1.0,1.0,-2.513,0.0,0.42,0.0,0.602,0.0,0.92,SBIN,2022-12-08 00:00:00,611.6500244140625,0
5.0,0.0,12.0,17.682,17.682,13.825,1.0,2.0,1.0,1.0,1.0,-0.199,1.0,1.279,0.0,1.143,0.0,0.992,SBIN,2022-12-15 00:00:00,615.9500122070312,0
6.0,0.0,12.0,20.872,20.872,1.722,2.0,2.0,-1.0,1.0,0.0,-14.967,0.0,12.12,0.0,0.761,0.0,1.0,SBIN,2022-12-22 00:00:00,593.4000244140625,0
6.0,0.0,12.0,21.366,21.366,1.273,2.0,2.0,-1.0,1.0,0.0,-15.921,0.0,16.787,0.0,0.68,0.0,1.0,SBIN,2022-12-29 00:00:00,611.7999877929688,0
0.0,0.0,5.8,10.51,10.51,1.07,2.0,2.0,-1.0,1.0,0.0,-6.045,0.0,9.827,0.0,0.684,0.0,0.546,SBIN,2023-01-05 00:00:00,605.0999755859375,1
0.0,0.0,6.8,10.657,10.657,1.245,2.0,2.0,-1.0,0.0,0.0,-4.556,0.0,8.559,0.0,0.741,0.0,0.545,SBIN,2023-01-12 00:00:00,594.9000244140625,1
0.0,0.0,7.8,10.807,10.807,1.119,2.0,2.0,-1.0,0.0,0.0,-3.636,0.0,9.662,0.0,1.163,0.0,0.547,SBIN,2023-01-19 00:00:00,589.8499755859375,1
1.0,0.0,8.2,10.259,10.259,1.618,2.0,1.0,1.0,0.0,0.0,-9.666,0.0,6.342,0.0,2.531,0.0,0.557,SBIN,2023-01-27 00:00:00,539.9500122070312,0
1.0,0.0,9.2,21.638,21.638,1.312,2.0,1.0,1.0,-1.0,0.0,-16.115,0.0,16.491,0.0,3.03,0.0,0.939,SBIN,2023-02-03 00:00:00,544.2000122070312,0
6.0,0.0,12.0,23.638,23.638,78.794,2.0,1.0,-1.0,-1.0,1.0,-10.303,0.0,0.3,0.0,1.153,0.0,1.0,SBIN,2023-02-10 00:00:00,553.0499877929688,0
6.0,0.0,12.0,24.107,24.107,19.289,2.0,1.0,-1.0,-1.0,1.0,-8.161,0.0,1.25,0.0,0.944,0.0,0.969,SBIN,2023-02-17 00:00:00,531.0,0
6.0,0.0,12.0,24.99,24.99,43.4,2.0,1.0,-1.0,-1.0,1.0,-4.336,0.0,0.576,0.0,1.124,0.0,0.953,SBIN,2023-02-24 00:00:00,521.0499877929688,0
6.0,0.0,12.0,24.393,24.393,21.171,2.0,1.0,-1.0,-1.0,1.0,-6.889,0.0,1.152,0.0,0.743,0.0,0.947,SBIN,2023-03-03 00:00:00,561.2000122070312,0
5.0,0.0,12.0,21.138,21.138,1.835,1.0,1.0,1.0,0.0,0.0,-13.057,0.0,11.519,0.0,0.801,0.0,0.924,SBIN,2023-03-13 00:00:00,530.0,0
5.0,0.0,12.0,20.425,20.425,1.653,3.0,1.0,1.0,-1.0,0.0,-14.624,0.0,12.353,0.0,1.256,0.0,0.841,SBIN,2023-03-20 00:00:00,519.2000122070312,0
5.0,0.0,12.0,19.81,19.81,1.119,3.0,1.0,1.0,-1.0,0.0,-18.564,0.0,17.71,0.0,0.923,0.0,0.875,SBIN,2023-03-27 00:00:00,510.1499938964844,0
5.0,0.0,12.0,18.551,18.551,1.352,3.0,2.0,1.0,-1.0,0.0,-13.873,0.0,13.717,0.0,0.878,0.0,0.822,SBIN,2023-04-05 00:00:00,523.0,0
5.0,0.0,12.0,17.944,17.944,1.549,3.0,2.0,1.0,-1.0,0.0,-12.853,0.0,11.582,0.0,1.239,0.0,0.793,SBIN,2023-04-13 00:00:00,532.9500122070312,0
4.0,0.0,11.4,21.077,21.077,2.283,1.0,2.0,-1.0,0.0,0.0,-9.102,0.0,9.232,0.0,1.333,0.0,0.762,SBIN,2023-04-21 00:00:00,543.1500244140625,0
0.0,0.0,10.0,13.467,13.467,0.888,6.0,3.0,-1.0,0.0,0.0,-12.601,0.0,15.165,0.0,0.99,0.0,0.617,SBIN,2023-04-28 00:00:00,578.2999877929688,0
0.0,0.0,11.0,17.681,17.681,0.886,1.0,3.0,-1.0,1.0,0.0,-14.944,0.0,19.965,0.0,1.029,0.0,0.806,SBIN,2023-05-08 00:00:00,583.5999755859375,0
5.0,0.0,12.0,14.996,14.996,13.136,3.0,3.0,1.0,1.0,1.0,-1.717,0.0,1.142,0.0,0.647,0.0,0.806,SBIN,2023-05-15 00:00:00,581.9000244140625,0
5.0,0.0,12.0,16.057,16.057,17.59,1.0,3.0,1.0,1.0,1.0,-3.157,0.0,0.913,0.0,2.27,0.0,0.854,SBIN,2023-05-22 00:00:00,577.1500244140625,0
5.0,0.0,12.0,15.759,15.759,16.945,1.0,3.0,1.0,0.0,0.0,-1.33,0.0,0.93,0.0,0.519,0.0,0.879,SBIN,2023-05-29 00:00:00,595.0,0
5.0,0.0,12.0,16.153,16.153,22.583,3.0,3.0,1.0,1.0,1.0,-1.543,0.0,0.715,0.0,0.585,0.0,0.931,SBIN,2023-06-05 00:00:00,587.2000122070312,0
9.0,0.0,3.4,4.65,4.65,1.38,4.0,2.0,-1.0,1.0,0.0,-1.544,0.0,3.369,0.0,0.969,0.0,0.327,SBIN,2023-06-12 00:00:00,578.6500244140625,0
6.0,0.0,12.0,18.268,18.268,1.709,4.0,3.0,-1.0,1.0,0.0,-13.897,0.0,10.69,0.0,0.669,0.0,1.0,SBIN,2023-06-19 00:00:00,568.8499755859375,0
6.0,0.0,12.0,18.593,18.593,1.826,4.0,2.0,-1.0,0.0,0.0,-10.577,0.0,10.183,0.0,0.656,0.0,1.0,SBIN,2023-06-26 00:00:00,557.0499877929688,0
9.0,0.0,5.0,7.377,7.377,4.814,3.0,3.0,-1.0,0.0,0.0,-5.715,0.0,1.532,0.0,1.076,0.0,0.625,SBIN,2023-07-04 00:00:00,589.25,0
9.0,0.0,4.4,8.306,8.306,1.0,1.0,3.0,-1.0,0.0,0.0,-7.006,0.0,8.306,0.0,0.825,0.0,0.601,SBIN,2023-07-11 00:00:00,588.5499877929688,0
9.0,0.0,5.4,8.857,8.857,1.0,1.0,3.0,-1.0,0.0,0.0,-8.541,0.0,8.857,0.0,1.358,0.0,0.583,SBIN,2023-07-18 00:00:00,592.3499755859375,0
1.0,0.0,7.6,11.301,11.301,37.671,2.0,3.0,1.0,1.0,1.0,-0.683,0.0,0.3,0.0,0.759,0.0,0.819,SBIN,2023-07-25 00:00:00,609.5999755859375,0
1.0,0.0,8.6,11.275,11.275,37.584,6.0,3.0,1.0,1.0,1.0,-0.273,0.0,0.3,0.0,0.565,0.0,0.81,SBIN,2023-08-01 00:00:00,611.8499755859375,0
1.0,0.0,9.6,11.249,11.249,1.759,7.0,3.0,1.0,0.0,0.0,-8.683,0.0,6.396,0.0,1.972,0.0,0.74,SBIN,2023-08-08 00:00:00,573.0999755859375,0
0.0,0.0,6.2,12.171,12.171,4.095,7.0,1.0,-1.0,0.0,0.0,-2.617,0.0,2.972,0.0,0.715,0.0,0.633,SBIN,2023-08-23 00:00:00,576.9000244140625,0
9.0,0.0,2.4,5.054,5.054,1.256,1.0,1.0,-1.0,0.0,0.0,-3.764,0.0,4.025,0.0,0.753,0.0,0.339,SBIN,2023-08-30 00:00:00,567.4000244140625,0
9.0,0.0,3.4,5.054,5.054,1.155,1.0,1.0,-1.0,0.0,0.0,-3.43,0.0,4.377,0.0,0.826,0.0,0.327,SBIN,2023-09-06 00:00:00,570.5,0
9.0,0.0,4.4,7.265,7.265,1.0,2.0,1.0,-1.0,0.0,0.0,-6.2,0.0,7.265,0.0,0.953,0.0,0.466,SBIN,2023-09-13 00:00:00,596.4500122070312,1
9.0,0.0,5.4,9.819,9.819,1.03,2.0,1.0,-1.0,0.0,0.0,-8.502,0.0,9.531,0.0,1.261,0.0,0.619,SBIN,2023-09-21 00:00:00,588.1500244140625,0
20.0,1.0,6.4,9.725,9.725,1.559,3.0,1.0,-1.0,0.0,0.0,-6.453,0.0,6.239,0.0,0.6,0.0,0.599,SBIN,2023-09-28 00:00:00,589.9500122070312,0
20.0,1.0,7.4,9.725,9.725,1.557,3.0,1.0,-1.0,0.0,0.0,-6.886,0.0,6.248,0.0,0.798,0.0,0.584,SBIN,2023-10-06 00:00:00,594.25,0
10.0,0.0,3.0,4.141,4.141,1.259,2.0,2.0,1.0,0.0,0.0,-3.388,0.0,3.29,0.0,0.849,0.0,0.254,SBIN,2023-10-13 00:00:00,576.1500244140625,0
10.0,0.0,4.0,6.547,6.547,1.045,2.0,2.0,1.0,0.0,0.0,-5.836,0.0,6.266,0.0,0.829,0.0,0.432,SBIN,2023-10-20 00:00:00,563.0999755859375,1
10.0,0.0,5.0,10.481,10.481,1.155,2.0,1.0,1.0,0.0,0.0,-7.493,0.0,9.076,0.0,0.763,0.0,0.673,SBIN,2023-10-30 00:00:00,565.2000122070312,1
9.0,0.0,6.4,11.152,11.152,37.173,3.0,1.0,-1.0,0.0,0.0,-6.434,0.0,0.3,0.0,0.828,0.0,0.718,SBIN,2023-11-06 00:00:00,574.3499755859375,0
9.0,0.0,7.4,11.152,11.152,37.173,3.0,1.0,-1.0,0.0,0.0,-6.683,0.0,0.3,0.0,0.493,0.0,0.747,SBIN,2023-11-13 00:00:00,581.3499755859375,0
5.0,0.0,12.0,17.76,17.76,7.683,1.0,1.0,1.0,1.0,1.0,-0.637,0.0,2.312,0.0,1.37,0.0,1.0,SBIN,2023-12-20 00:00:00,636.4500122070312,0
5.0,0.0,12.0,18.071,18.071,12.272,2.0,1.0,1.0,1.0,1.0,-1.794,0.0,1.473,0.0,0.976,0.0,1.0,SBIN,2023-12-28 00:00:00,651.4000244140625,0
5.0,0.0,12.0,18.214,18.214,15.32,2.0,1.0,1.0,1.0,1.0,-2.567,0.0,1.189,0.0,1.009,0.0,1.0,SBIN,2024-01-04 00:00:00,642.75,0
5.0,0.0,12.0,18.85,18.85,33.014,2.0,1.0,1.0,1.0,1.0,-5.853,0.0,0.571,0.0,0.865,0.0,1.0,SBIN,2024-01-11 00:00:00,620.2000122070312,0
9.0,0.0,3.0,5.538,5.538,11.898,2.0,3.0,-1.0,1.0,0.0,-1.262,1.0,0.465,0.0,1.932,0.0,0.311,SBIN,2024-01-18 00:00:00,628.2999877929688,0
6.0,0.0,12.0,18.622,18.622,1.796,2.0,2.0,-1.0,0.0,0.0,-10.376,0.0,10.368,0.0,1.436,0.0,0.984,SBIN,2024-01-29 00:00:00,622.9500122070312,0
6.0,0.0,12.0,18.351,18.351,1.223,3.0,1.0,-1.0,1.0,0.0,-17.022,0.0,15.008,0.0,1.642,0.0,0.925,SBIN,2024-02-05 00:00:00,642.9500122070312,0
6.0,0.0,12.0,29.793,29.793,1.178,1.0,1.0,-1.0,1.0,0.0,-30.64,0.0,25.286,0.0,2.283,0.0,1.0,SBIN,2024-02-12 00:00:00,707.9000244140625,0
5.0,0.0,12.0,29.078,29.078,96.926,1.0,1.0,1.0,1.0,1.0,-2.569,0.0,0.3,0.0,1.369,0.0,1.0,SBIN,2024-02-19 00:00:00,759.25,0
5.0,0.0,12.0,28.173,28.173,52.803,2.0,2.0,1.0,1.0,1.0,-2.373,0.0,0.534,0.0,0.69,0.0,1.0,SBIN,2024-02-26 00:00:00,758.9000244140625,0
5.0,0.0,12.0,22.993,22.993,10.282,2.0,2.0,1.0,1.0,1.0,-1.074,0.0,2.236,0.0,0.867,0.0,1.0,SBIN,2024-03-04 00:00:00,772.0499877929688,0
5.0,0.0,12.0,24.913,24.913,61.19,3.0,2.0,1.0,1.0,1.0,-2.483,0.0,0.407,0.0,0.831,0.0,1.0,SBIN,2024-03-12 00:00:00,759.7000122070312,0
5.0,0.0,12.0,26.37,26.37,21.78,3.0,2.0,1.0,1.0,1.0,-7.871,0.0,1.211,0.0,0.884,0.0,1.0,SBIN,2024-03-19 00:00:00,723.7999877929688,0
6.0,0.0,12.0,29.59,29.59,1.998,3.0,2.0,-1.0,1.0,0.0,-23.208,0.0,14.807,0.0,0.712,0.0,1.0,SBIN,2024-03-27 00:00:00,733.2999877929688,0
0.0,0.0,5.6,10.379,10.379,1.159,3.0,4.0,-1.0,1.0,0.0,-7.12,0.0,8.951,0.0,1.042,0.0,0.465,SBIN,2024-04-04 00:00:00,759.2999877929688,0
6.0,0.0,12.0,31.079,31.079,1.201,3.0,2.0,-1.0,1.0,0.0,-29.701,0.0,25.879,0.0,0.697,0.0,1.0,SBIN,2024-04-12 00:00:00,766.2999877929688,0
6.0,0.0,12.0,30.678,30.678,1.558,3.0,2.0,-1.0,1.0,0.0,-24.94,1.0,19.688,0.0,0.535,0.0,1.0,SBIN,2024-04-22 00:00:00,766.0999755859375,0
6.0,0.0,12.0,32.314,32.314,1.038,2.0,1.0,-1.0,1.0,0.0,-30.166,0.0,31.134,0.0,0.741,0.0,1.0,SBIN,2024-04-29 00:00:00,826.5,0
5.0,0.0,12.0,17.0,17.0,13.48,3.0,3.0,1.0,1.0,1.0,-3.674,0.0,1.261,0.0,0.797,0.0,0.776,SBIN,2024-05-14 00:00:00,818.2000122070312,0
5.0,0.0,12.0,14.428,14.428,10.846,4.0,4.0,1.0,1.0,1.0,-1.072,0.0,1.33,0.0,0.778,0.0,0.706,SBIN,2024-05-22 00:00:00,818.75,0
5.0,0.0,12.0,14.612,14.612,15.471,4.0,4.0,1.0,1.0,1.0,-1.201,0.0,0.944,0.0,0.77,0.0,0.715,SBIN,2024-05-29 00:00:00,822.6500244140625,0
9.0,0.0,3.6,22.581,22.581,1.807,1.0,1.0,-1.0,1.0,0.0,-5.909,0.0,12.498,0.0,4.694,0.0,0.652,SBIN,2024-06-05 00:00:00,789.75,0
6.0,0.0,12.0,25.299,25.299,2.406,1.0,4.0,-1.0,1.0,0.0,-16.081,0.0,10.517,0.0,0.666,0.0,0.913,SBIN,2024-06-12 00:00:00,839.0999755859375,0
6.0,0.0,12.0,26.554,26.554,1.405,1.0,2.0,-1.0,1.0,0.0,-18.45,0.0,18.9,0.0,1.519,0.0,0.935,SBIN,2024-06-20 00:00:00,843.75,0
0.0,0.0,6.6,27.691,27.691,0.907,1.0,1.0,-1.0,1.0,0.0,-15.493,0.0,30.544,0.0,0.662,0.0,0.771,SBIN,2024-06-27 00:00:00,844.0,0
1.0,0.0,6.6,22.123,22.123,73.742,1.0,1.0,1.0,1.0,1.0,-7.9,0.0,0.3,0.0,0.966,0.0,0.785,SBIN,2024-07-04 00:00:00,839.2999877929688,0
10.0,0.0,2.6,5.66,5.66,2.385,1.0,3.0,1.0,1.0,1.0,-2.408,0.0,2.373,0.0,0.984,0.0,0.321,SBIN,2024-07-11 00:00:00,856.7000122070312,0
10.0,0.0,3.6,8.547,8.547,28.492,1.0,3.0,1.0,1.0,1.0,-0.151,0.0,0.3,0.0,1.144,0.0,0.487,SBIN,2024-07-19 00:00:00,889.3499755859375,0
10.0,0.0,4.6,9.022,9.022,3.419,3.0,3.0,1.0,0.0,0.0,-5.617,0.0,2.639,0.0,0.573,0.0,0.47,SBIN,2024-07-26 00:00:00,862.4500122070312,0
0.0,0.0,4.8,8.957,8.957,2.195,3.0,2.0,-1.0,0.0,0.0,-4.799,0.0,4.081,0.0,0.73,0.0,0.434,SBIN,2024-08-02 00:00:00,847.8499755859375,1
0.0,0.0,5.8,12.123,12.123,40.411,3.0,1.0,-1.0,0.0,0.0,-1.558,0.0,0.3,0.0,0.895,0.0,0.577,SBIN,2024-08-09 00:00:00,824.2999877929688,0
10.0,0.0,2.6,4.205,4.205,2.259,2.0,2.0,1.0,0.0,0.0,-1.759,0.0,1.862,0.0,0.421,0.0,0.251,SBIN,2024-08-26 00:00:00,815.0499877929688,0
10.0,0.0,3.6,4.205,4.205,2.237,2.0,2.0,1.0,0.0,0.0,-1.729,1.0,1.88,0.0,0.698,0.0,0.28,SBIN,2024-09-02 00:00:00,822.1500244140625,0
9.0,0.0,3.0,6.069,6.069,7.648,8.0,1.0,-1.0,0.0,0.0,-0.708,1.0,0.794,0.0,3.19,0.0,0.455,SBIN,2024-09-09 00:00:00,784.25,0
9.0,0.0,4.0,7.508,7.508,25.026,8.0,1.0,-1.0,-1.0,1.0,-3.325,0.0,0.3,0.0,0.946,0.0,0.506,SBIN,2024-09-16 00:00:00,785.5499877929688,0
9.0,0.0,5.0,7.508,7.508,25.026,8.0,1.0,-1.0,-1.0,1.0,-2.13,0.0,0.3,0.0,1.551,0.0,0.501,SBIN,2024-09-23 00:00:00,801.8499755859375,0
5.0,0.0,12.0,15.918,15.918,3.271,3.0,1.0,1.0,-1.0,0.0,-10.717,0.0,4.867,0.0,1.007,0.0,0.905,SBIN,2024-09-30 00:00:00,787.9000244140625,0
9.0,0.0,4.0,14.718,14.718,1.993,1.0,2.0,-1.0,0.0,0.0,-8.024,0.0,7.385,0.0,2.279,0.0,0.415,ITC,2020-06-29 00:00:00,189.93502807617188,0
20.0,1.0,10.2,33.291,33.291,1.018,2.0,2.0,-1.0,1.0,0.0,-32.113,0.0,32.718,0.0,1.209,0.0,0.79,ITC,2020-07-06 00:00:00,192.39047241210938,0
20.0,1.0,11.2,33.291,33.291,1.327,2.0,2.0,-1.0,1.0,0.0,-23.711,0.0,25.08,0.0,0.527,0.0,0.822,ITC,2020-07-13 00:00:00,190.22390747070312,0
16.0,1.0,5.0,14.211,14.211,3.207,2.0,2.0,1.0,1.0,1.0,-7.33,0.0,4.432,0.0,0.427,0.0,0.486,ITC,2020-07-20 00:00:00,185.55377197265625,0
6.0,0.0,12.0,28.728,28.728,2.662,2.0,2.0,-1.0,1.0,0.0,-27.053,0.0,10.794,0.0,1.938,0.0,0.832,ITC,2020-07-27 00:00:00,189.11654663085938,0
0.0,0.0,9.0,15.054,15.054,4.557,2.0,2.0,-1.0,1.0,0.0,-7.443,0.0,3.304,0.0,0.548,0.0,0.509,ITC,2020-08-03 00:00:00,185.4574737548828,0
0.0,0.0,10.0,15.096,15.096,4.172,2.0,2.0,-1.0,0.0,0.0,-8.495,0.0,3.618,0.0,0.703,0.0,0.537,ITC,2020-08-10 00:00:00,191.47569274902344,0
10.0,0.0,3.8,8.032,8.032,2.613,1.0,3.0,1.0,0.0,0.0,-5.441,0.0,3.074,0.0,1.083,0.0,0.365,ITC,2020-08-17 00:00:00,191.37940979003906,0
13.0,1.0,8.2,8.548,8.548,1.366,2.0,5.0,1.0,0.0,0.0,-6.017,1.0,6.256,0.0,0.617,0.0,0.387,ITC,2020-08-24 00:00:00,189.40542602539062,0
12.0,0.0,5.8,7.8,7.8,1.187,1.0,3.0,1.0,0.0,0.0,-5.85,0.0,6.572,0.0,1.41,0.0,0.41,ITC,2020-08-31 00:00:00,184.0131072998047,0
0.0,0.0,6.2,11.145,11.145,37.15,1.0,1.0,-1.0,0.0,0.0,-0.539,0.0,0.3,0.0,1.537,0.0,0.542,ITC,2020-09-07 00:00:00,182.08726501464844,0
0.0,0.0,7.2,13.538,13.538,45.128,1.0,1.0,-1.0,-1.0,1.0,-1.742,0.0,0.3,0.0,0.724,0.0,0.638,ITC,2020-09-14 00:00:00,176.55050659179688,0
0.0,0.0,8.2,15.351,15.351,51.169,1.0,2.0,-1.0,-1.0,1.0,-1.186,0.0,0.3,0.0,1.077,0.0,0.749,ITC,2020-09-21 00:00:00,169.23236083984375,0
0.0,0.0,9.2,20.642,20.642,68.807,1.0,1.0,-1.0,-1.0,1.0,-2.769,0.0,0.3,0.0,0.945,0.0,0.994,ITC,2020-09-28 00:00:00,166.8732147216797,0
0.0,0.0,10.2,20.51,20.51,68.367,1.0,1.0,-1.0,-1.0,1.0,-1.866,0.0,0.3,0.0,0.88,0.0,0.989,ITC,2020-10-06 00:00:00,163.59930419921875,0
0.0,0.0,11.2,20.38,20.38,67.933,1.0,3.0,-1.0,-1.0,1.0,-3.641,0.0,0.3,0.0,2.378,0.0,1.0,ITC,2020-10-13 00:00:00,163.84002685546875,0
6.0,0.0,12.0,26.092,26.092,67.538,1.0,2.0,-1.0,-1.0,1.0,-2.717,0.0,0.386,0.0,0.696,0.0,1.0,ITC,2020-10-20 00:00:00,161.2401580810547,0
6.0,0.0,12.0,26.046,26.046,14.393,1.0,2.0,-1.0,-1.0,1.0,-2.9,0.0,1.81,0.0,0.588,0.0,1.0,ITC,2020-10-27 00:00:00,160.9994354248047,0
5.0,0.0,12.0,22.303,22.303,1.289,1.0,3.0,1.0,-1.0,0.0,-19.716,0.0,17.299,0.0,0.526,0.0,1.0,ITC,2020-11-03 00:00:00,163.79188537597656,1
5.0,0.0,12.0,19.296,19.296,1.426,1.0,3.0,1.0,-1.0,0.0,-14.328,0.0,13.535,0.0,1.298,0.0,1.0,ITC,2020-11-10 00:00:00,171.73593139648438,1
5.0,0.0,12.0,18.124,18.124,4.121,4.0,3.0,1.0,0.0,0.0,-5.226,1.0,4.398,0.0,0.265,0.0,0.903,ITC,2020-11-17 00:00:00,180.4021759033203,1
5.0,0.0,12.0,18.655,18.655,14.551,1.0,3.0,1.0,0.0,0.0,-4.095,0.0,1.282,0.0,0.776,0.0,0.86,ITC,2020-11-24 00:00:00,188.29808044433594,0
5.0,0.0,12.0,17.798,17.798,17.3,1.0,3.0,1.0,1.0,1.0,-1.793,0.0,1.029,0.0,0.549,0.0,0.845,ITC,2020-12-02 00:00:00,188.68324279785156,1
5.0,0.0,12.0,20.425,20.425,14.259,2.0,3.0,1.0,1.0,1.0,-1.099,1.0,1.432,0.0,1.053,0.0,1.0,ITC,2020-12-09 00:00:00,197.7827911376953,0
5.0,0.0,12.0,25.872,25.872,28.333,2.0,3.0,1.0,1.0,1.0,-2.31,0.0,0.913,0.0,0.777,0.0,1.0,ITC,2020-12-16 00:00:00,206.06385803222656,0
5.0,0.0,12.0,27.163,27.163,8.5,2.0,3.0,1.0,1.0,1.0,-6.953,0.0,3.196,0.0,1.379,0.0,1.0,ITC,2020-12-23 00:00:00,200.04563903808594,0
5.0,0.0,12.0,26.166,26.166,34.531,2.0,3.0,1.0,1.0,1.0,-3.408,0.0,0.758,0.0,0.638,0.0,1.0,ITC,2020-12-31 00:00:00,201.24928283691406,0
6.0,0.0,12.0,32.471,32.471,1.336,2.0,3.0,-1.0,1.0,0.0,-25.742,0.0,24.302,0.0,1.674,0.0,1.0,ITC,2021-01-07 00:00:00,195.27920532226562,0
6.0,0.0,12.0,32.995,32.995,1.213,2.0,2.0,-1.0,1.0,0.0,-29.324,0.0,27.202,0.0,2.071,0.0,1.0,ITC,2021-01-14 00:00:00,206.2082977294922,0
6.0,0.0,12.0,35.078,35.078,1.132,2.0,2.0,-1.0,1.0,0.0,-33.242,0.0,30.981,0.0,1.332,0.0,1.0,ITC,2021-01-21 00:00:00,205.77499389648438,0
6.0,0.0,12.0,32.275,32.275,1.342,2.0,1.0,-1.0,1.0,0.0,-23.639,0.0,24.045,0.0,0.649,0.0,1.0,ITC,2021-01-29 00:00:00,195.7125244140625,0
6.0,0.0,12.0,33.389,33.389,1.123,1.0,1.0,-1.0,1.0,0.0,-33.809,0.0,29.745,0.0,2.888,0.0,1.0,ITC,2021-02-05 00:00:00,225.6591796875,0
6.0,0.0,12.0,30.157,30.157,1.347,3.0,2.0,-1.0,1.0,0.0,-23.946,0.0,22.391,0.0,1.126,0.0,0.955,ITC,2021-02-12 00:00:00,209.38592529296875,0
16.0,1.0,5.0,16.567,16.567,2.206,3.0,2.0,1.0,0.0,0.0,-12.563,0.0,7.508,0.0,0.575,0.0,0.567,ITC,2021-02-26 00:00:00,196.29026794433594,0
10.0,0.0,4.8,15.635,15.635,1.184,3.0,1.0,1.0,0.0,0.0,-12.333,0.0,13.211,0.0,0.55,0.0,0.603,ITC,2021-03-05 00:00:00,200.81597900390625,0
0.0,0.0,7.6,18.372,18.372,8.439,3.0,2.0,-1.0,0.0,0.0,-1.685,0.0,2.177,0.0,0.771,0.0,0.651,ITC,2021-03-15 00:00:00,197.8309326171875,0
0.0,0.0,8.6,18.442,18.442,1.689,3.0,3.0,-1.0,0.0,0.0,-10.59,0.0,10.921,0.0,3.019,0.0,0.647,ITC,2021-03-22 00:00:00,217.6188507080078,0
4.0,0.0,7.8,18.651,18.651,2.926,3.0,2.0,-1.0,0.0,0.0,-4.613,0.0,6.374,0.0,0.573,0.0,0.639,ITC,2021-03-30 00:00:00,206.5934600830078,0
13.0,1.0,7.6,18.651,18.651,2.816,1.0,1.0,-1.0,0.0,0.0,-5.481,0.0,6.622,0.0,0.653,0.0,0.73,ITC,2021-04-07 00:00:00,205.87127685546875,0
0.0,0.0,5.4,12.084,12.084,40.281,1.0,1.0,-1.0,0.0,0.0,-3.522,0.0,0.3,0.0,0.554,0.0,0.529,ITC,2021-04-15 00:00:00,199.03457641601562,0
0.0,0.0,6.4,12.302,12.302,41.006,1.0,1.0,-1.0,-1.0,1.0,-2.668,1.0,0.3,0.0,0.687,0.0,0.568,ITC,2021-04-23 00:00:00,197.73464965820312,0
7.0,0.0,1.0,3.386,3.386,11.287,2.0,3.0,1.0,0.0,0.0,3.059,0.0,0.3,0.0,3.689,0.0,0.226,ITC,2021-05-17 00:00:00,204.7157745361328,0
7.0,0.0,1.0,3.386,3.386,11.287,2.0,3.0,1.0,0.0,0.0,1.505,0.0,0.3,0.0,1.355,0.0,0.226,ITC,2021-05-24 00:00:00,203.6565704345703,0
7.0,0.0,1.0,3.386,3.386,11.287,2.0,3.0,1.0,0.0,0.0,3.375,0.0,0.3,0.0,1.532,0.0,0.226,ITC,2021-05-31 00:00:00,208.56744384765625,0
7.0,0.0,1.0,3.386,3.386,11.287,2.0,3.0,1.0,0.0,0.0,1.36,0.0,0.3,0.0,1.803,0.0,0.226,ITC,2021-06-07 00:00:00,203.60842895507812,0
10.0,0.0,3.4,5.743,5.743,1.082,1.0,5.0,1.0,0.0,0.0,-5.242,0.0,5.31,0.0,0.604,0.0,0.414,ITC,2021-06-14 00:00:00,199.61233520507812,0
0.0,0.0,5.0,8.083,8.083,26.942,1.0,1.0,-1.0,0.0,0.0,-1.012,0.0,0.3,0.0,0.742,0.0,0.53,ITC,2021-06-21 00:00:00,196.86802673339844,0
0.0,0.0,6.0,8.109,8.109,27.031,1.0,3.0,-1.0,0.0,0.0,-1.309,0.0,0.3,0.0,0.473,0.0,0.558,ITC,2021-06-28 00:00:00,196.04954528808594,0
7.0,0.0,1.0,5.418,5.418,1.399,1.0,3.0,1.0,0.0,0.0,-7.748,0.0,3.874,0.0,0.261,0.0,0.381,ITC,2021-07-05 00:00:00,196.09768676757812,1
10.0,0.0,3.0,2.598,2.598,1.07,6.0,2.0,1.0,0.0,0.0,-2.376,0.0,2.428,0.0,0.79,0.0,0.256,ITC,2021-07-12 00:00:00,193.6422576904297,1
10.0,0.0,2.4,4.264,4.264,14.214,1.0,5.0,1.0,0.0,0.0,-0.835,0.0,0.3,0.0,1.767,0.0,0.388,ITC,2021-07-19 00:00:00,200.04563903808594,0
10.0,0.0,3.4,7.042,7.042,23.473,1.0,5.0,1.0,0.0,0.0,-1.95,1.0,0.3,0.0,2.313,0.0,0.521,ITC,2021-07-27 00:00:00,200.91226196289062,0
10.0,0.0,2.6,5.828,5.828,4.736,2.0,2.0,1.0,0.0,0.0,-1.543,0.0,1.231,0.0,0.854,0.0,0.292,ITC,2021-08-10 00:00:00,202.06776428222656,0
5.0,0.0,12.0,8.747,8.747,18.5,1.0,5.0,1.0,0.0,0.0,-3.874,0.0,0.473,0.0,0.471,0.0,0.588,ITC,2021-08-17 00:00:00,201.44186401367188,0
9.0,0.0,4.2,6.134,6.134,5.229,2.0,3.0,-1.0,0.0,0.0,-0.562,0.0,1.173,0.0,0.657,0.0,0.316,ITC,2021-08-25 00:00:00,198.74571228027344,0
10.0,0.0,4.4,5.895,5.895,1.293,2.0,4.0,1.0,0.0,0.0,-2.694,0.0,4.559,0.0,1.531,0.0,0.353,ITC,2021-09-01 00:00:00,201.73074340820312,1
10.0,0.0,5.4,5.895,5.895,1.829,2.0,4.0,1.0,0.0,0.0,-2.487,0.0,3.224,0.0,2.202,0.0,0.371,ITC,2021-09-08 00:00:00,203.4158477783203,1
10.0,0.0,6.4,5.941,5.941,6.973,4.0,4.0,1.0,0.0,0.0,-0.575,0.0,0.852,0.0,1.174,0.0,0.382,ITC,2021-09-16 00:00:00,222.19268798828125,1
10.0,0.0,7.4,19.088,19.088,63.627,1.0,4.0,1.0,1.0,1.0,-0.936,1.0,0.3,0.0,2.028,0.0,0.968,ITC,2021-09-23 00:00:00,233.50694274902344,0
10.0,0.0,8.4,19.088,19.088,63.627,2.0,4.0,1.0,1.0,1.0,-3.133,0.0,0.3,0.0,0.612,0.0,0.936,ITC,2021-09-30 00:00:00,227.39244079589844,0
10.0,0.0,9.4,19.088,19.088,63.627,2.0,4.0,1.0,1.0,1.0,-5.919,0.0,0.3,0.0,0.728,0.0,0.941,ITC,2021-10-07 00:00:00,224.3111114501953,0
5.0,0.0,12.0,18.68,18.68,5.144,1.0,4.0,1.0,1.0,1.0,-0.678,0.0,3.632,0.0,2.067,0.0,1.0,ITC,2021-10-14 00:00:00,247.03590393066406,0
5.0,0.0,12.0,24.908,24.908,38.094,1.0,4.0,1.0,1.0,1.0,-7.765,0.0,0.654,0.0,0.854,0.0,1.0,ITC,2021-10-22 00:00:00,227.82574462890625,0
5.0,0.0,12.0,27.077,27.077,64.157,1.0,3.0,1.0,1.0,1.0,-15.153,0.0,0.422,0.0,1.682,0.0,1.0,ITC,2021-10-29 00:00:00,214.9226837158203,0
6.0,0.0,12.0,29.045,29.045,3.493,1.0,3.0,-1.0,1.0,0.0,-10.864,0.0,8.315,0.0,0.26,0.0,1.0,ITC,2021-11-08 00:00:00,221.27792358398438,0
6.0,0.0,12.0,29.135,29.135,2.463,1.0,3.0,-1.0,1.0,0.0,-13.971,0.0,11.831,0.0,0.446,0.0,1.0,ITC,2021-11-15 00:00:00,229.27012634277344,0
6.0,0.0,12.0,29.53,29.53,1.774,1.0,2.0,-1.0,1.0,0.0,-12.992,0.0,16.642,0.0,0.808,0.0,1.0,ITC,2021-11-23 00:00:00,223.01116943359375,0
0.0,0.0,9.2,21.055,21.055,4.775,1.0,1.0,-1.0,0.0,0.0,-0.59,1.0,4.409,0.0,0.873,0.0,0.733,ITC,2021-11-30 00:00:00,212.94869995117188,0
0.0,0.0,10.2,22.562,22.562,4.624,1.0,1.0,-1.0,-1.0,1.0,-0.184,0.0,4.879,0.0,0.538,0.0,0.798,ITC,2021-12-07 00:00:00,212.46725463867188,0
12.0,0.0,5.4,11.315,11.315,2.5,1.0,2.0,1.0,0.0,0.0,-4.343,0.0,4.526,0.0,1.129,0.0,0.506,ITC,2021-12-14 00:00:00,220.12242126464844,0
12.0,0.0,6.4,14.455,14.455,1.0,1.0,1.0,1.0,-1.0,0.0,-13.394,0.0,14.455,0.0,1.73,0.0,0.615,ITC,2021-12-21 00:00:00,204.61949157714844,1
21.0,1.0,5.6,14.836,14.836,1.521,1.0,1.0,1.0,-1.0,0.0,-11.295,0.0,9.751,0.0,0.362,0.0,0.607,ITC,2021-12-28 00:00:00,211.88949584960938,1
0.0,0.0,4.4,14.424,14.424,1.642,2.0,1.0,-1.0,-1.0,1.0,-4.433,0.0,8.783,0.0,0.392,0.0,0.575,ITC,2022-01-04 00:00:00,212.0820770263672,0
5.0,0.0,12.0,21.633,21.633,1.474,1.0,1.0,1.0,0.0,0.0,-15.831,0.0,14.675,0.0,0.697,0.0,0.977,ITC,2022-01-11 00:00:00,213.7190399169922,0
9.0,0.0,3.0,4.78,4.78,1.02,4.0,3.0,-1.0,0.0,0.0,-4.223,0.0,4.687,0.0,1.172,0.0,0.336,ITC,2022-01-18 00:00:00,212.56353759765625,1
10.0,0.0,3.6,7.397,7.397,1.519,1.0,1.0,1.0,0.0,0.0,-6.819,0.0,4.871,0.0,1.475,0.0,0.45,ITC,2022-01-25 00:00:00,206.3527374267578,1
1.0,0.0,6.4,11.594,11.594,0.789,1.0,1.0,1.0,0.0,0.0,-9.916,0.0,14.698,0.0,1.375,0.0,0.646,ITC,2022-02-23 00:00:00,207.94154357910156,1
10.0,0.0,5.0,13.208,13.208,1.209,1.0,1.0,1.0,0.0,0.0,-9.727,0.0,10.922,0.0,0.866,0.0,0.668,ITC,2022-03-03 00:00:00,211.26361083984375,1
10.0,0.0,6.0,13.208,13.208,2.54,1.0,1.0,1.0,0.0,0.0,-3.878,0.0,5.199,0.0,1.634,0.0,0.633,ITC,2022-03-10 00:00:00,223.39633178710938,1
10.0,0.0,7.0,15.094,15.094,50.314,1.0,1.0,1.0,1.0,1.0,-0.165,0.0,0.3,0.0,0.802,0.0,0.722,ITC,2022-03-17 00:00:00,235.8179473876953,0
10.0,0.0,8.0,20.755,20.755,69.182,1.0,1.0,1.0,1.0,1.0,-0.643,0.0,0.3,0.0,1.364,0.0,0.997,ITC,2022-03-25 00:00:00,243.95457458496094,0
5.0,0.0,12.0,20.347,20.347,44.348,2.0,1.0,1.0,1.0,1.0,-2.849,0.0,0.459,0.0,1.081,0.0,1.0,ITC,2022-04-01 00:00:00,243.90643310546875,0
5.0,0.0,12.0,21.956,21.956,66.294,2.0,1.0,1.0,1.0,1.0,-2.544,0.0,0.331,0.0,0.659,0.0,1.0,ITC,2022-04-08 00:00:00,257.86871337890625,0
5.0,0.0,12.0,24.491,24.491,23.211,2.0,1.0,1.0,1.0,1.0,-1.117,0.0,1.055,0.0,0.938,0.0,1.0,ITC,2022-04-19 00:00:00,251.85047912597656,0
5.0,0.0,12.0,25.916,25.916,24.054,3.0,1.0,1.0,1.0,1.0,-6.553,0.0,1.077,0.0,0.911,0.0,1.0,ITC,2022-04-26 00:00:00,249.34690856933594,0
5.0,0.0,12.0,25.138,25.138,10.844,3.0,1.0,1.0,1.0,1.0,-3.661,0.0,2.318,0.0,0.718,0.0,1.0,ITC,2022-05-04 00:00:00,250.1172332763672,0
6.0,0.0,12.0,28.742,28.742,1.805,3.0,1.0,-1.0,1.0,0.0,-25.483,0.0,15.924,0.0,0.704,0.0,1.0,ITC,2022-05-11 00:00:00,246.16928100585938,0
0.0,0.0,6.8,9.566,9.566,2.609,3.0,4.0,-1.0,1.0,0.0,-6.455,0.0,3.667,0.0,0.816,0.0,0.362,ITC,2022-05-18 00:00:00,256.9057922363281,0
0.0,0.0,7.8,13.097,13.097,1.905,1.0,4.0,-1.0,1.0,0.0,-8.928,0.0,6.874,0.0,0.667,0.0,0.489,ITC,2022-05-25 00:00:00,262.58697509765625,0
1.0,0.0,5.2,11.337,11.337,1.255,1.0,1.0,1.0,1.0,1.0,-4.144,0.0,9.032,0.0,1.055,0.0,0.505,ITC,2022-06-01 00:00:00,261.7685241699219,1
1.0,0.0,6.2,11.054,11.054,1.181,1.0,1.0,1.0,1.0,1.0,-2.993,0.0,9.356,0.0,0.528,0.0,0.53,ITC,2022-06-08 00:00:00,257.9649963378906,1
1.0,0.0,7.2,10.784,10.784,0.741,1.0,1.0,1.0,0.0,0.0,-5.985,0.0,14.553,0.0,0.389,0.0,0.54,ITC,2022-06-15 00:00:00,253.6318817138672,1
1.0,0.0,8.2,10.528,10.528,0.648,1.0,1.0,1.0,0.0,0.0,-4.409,0.0,16.252,0.0,0.756,0.0,0.542,ITC,2022-06-22 00:00:00,255.46141052246094,1
13.0,1.0,6.8,11.758,11.758,2.406,1.0,1.0,1.0,0.0,0.0,-3.719,0.0,4.888,0.0,0.713,0.0,0.574,ITC,2022-06-29 00:00:00,263.8869323730469,1
13.0,1.0,7.8,15.637,15.637,52.122,2.0,1.0,1.0,1.0,1.0,-2.182,0.0,0.3,0.0,1.089,0.0,0.733,ITC,2022-07-06 00:00:00,278.5713806152344,1
5.0,0.0,12.0,16.331,16.331,26.555,1.0,1.0,1.0,1.0,1.0,-1.431,0.0,0.615,0.0,0.778,0.0,0.788,ITC,2022-07-13 00:00:00,283.1452331542969,0
5.0,0.0,12.0,16.225,16.225,25.158,4.0,1.0,1.0,1.0,1.0,-0.791,0.0,0.645,0.0,0.536,0.0,0.829,ITC,2022-07-20 00:00:00,287.1413269042969,1
5.0,0.0,12.0,18.053,18.053,27.3,3.0,1.0,1.0,1.0,1.0,-0.428,0.0,0.661,0.0,0.592,0.0,0.955,ITC,2022-07-27 00:00:00,292.87066650390625,0
5.0,0.0,12.0,21.778,21.778,38.572,1.0,1.0,1.0,1.0,1.0,-2.116,1.0,0.565,0.0,2.435,0.0,1.0,ITC,2022-08-03 00:00:00,296.7223205566406,0
5.0,0.0,12.0,18.67,18.67,62.232,1.0,2.0,1.0,1.0,1.0,-1.721,0.0,0.3,0.0,0.566,0.0,1.0,ITC,2022-08-11 00:00:00,294.8927917480469,0
5.0,0.0,12.0,18.406,18.406,19.049,2.0,2.0,1.0,1.0,1.0,-0.316,0.0,0.966,0.0,0.722,0.0,1.0,ITC,2022-08-19 00:00:00,300.4295654296875,0
5.0,0.0,12.0,19.497,19.497,64.991,1.0,2.0,1.0,1.0,1.0,-2.223,0.0,0.3,0.0,0.589,0.0,1.0,ITC,2022-08-26 00:00:00,301.2961730957031,0
6.0,0.0,12.0,24.524,24.524,1.166,1.0,2.0,-1.0,1.0,0.0,-24.985,0.0,21.034,0.0,1.927,0.0,1.0,ITC,2022-09-05 00:00:00,316.6546630859375,0
6.0,0.0,12.0,28.379,28.379,1.069,1.0,2.0,-1.0,1.0,0.0,-27.828,0.0,26.538,0.0,0.698,0.0,1.0,ITC,2022-09-12 00:00:00,318.628662109375,0
6.0,0.0,12.0,28.873,28.873,1.105,1.0,1.0,-1.0,1.0,0.0,-26.258,1.0,26.121,0.0,0.944,0.0,1.0,ITC,2022-09-19 00:00:00,323.15435791015625,0
5.0,0.0,12.0,23.21,23.21,25.936,2.0,1.0,1.0,1.0,1.0,-0.901,0.0,0.895,0.0,1.633,0.0,1.0,ITC,2022-09-26 00:00:00,320.265625,0
6.0,0.0,12.0,22.209,22.209,1.383,2.0,1.0,-1.0,1.0,0.0,-16.439,0.0,16.056,0.0,0.953,0.0,1.0,ITC,2022-10-03 00:00:00,312.36968994140625,0
6.0,0.0,12.0,20.541,20.541,1.615,2.0,2.0,-1.0,1.0,0.0,-13.384,1.0,12.719,0.0,0.729,0.0,1.0,ITC,2022-10-11 00:00:00,314.1992492675781,0
0.0,0.0,4.6,8.271,8.271,1.569,2.0,3.0,-1.0,1.0,0.0,-2.784,0.0,5.272,0.0,0.533,0.0,0.398,ITC,2022-10-18 00:00:00,327.6800537109375,0
0.0,0.0,5.6,9.506,9.506,0.865,1.0,3.0,-1.0,1.0,0.0,-7.564,0.0,10.995,0.0,0.23,0.0,0.455,ITC,2022-10-25 00:00:00,333.4575500488281,0
6.0,0.0,12.0,16.08,16.08,1.17,1.0,2.0,-1.0,1.0,0.0,-15.1,0.0,13.743,0.0,1.523,0.0,0.901,ITC,2022-11-02 00:00:00,341.4978942871094,0
6.0,0.0,12.0,18.596,18.596,1.032,1.0,2.0,-1.0,1.0,0.0,-18.456,0.0,18.024,0.0,1.584,0.0,1.0,ITC,2022-11-10 00:00:00,342.7978210449219,0
6.0,0.0,12.0,16.859,16.859,1.509,3.0,1.0,-1.0,1.0,0.0,-11.413,0.0,11.17,0.0,0.565,0.0,0.885,ITC,2022-11-17 00:00:00,330.9539794921875,0
6.0,0.0,12.0,16.81,16.81,1.808,3.0,1.0,-1.0,0.0,0.0,-10.021,0.0,9.3,0.0,0.584,0.0,0.887,ITC,2022-11-24 00:00:00,328.1133728027344,0
0.0,0.0,6.4,8.342,8.342,2.007,3.0,4.0,-1.0,0.0,0.0,-1.796,0.0,4.157,0.0,0.784,0.0,0.506,ITC,2022-12-08 00:00:00,325.85052490234375,0
0.0,0.0,7.4,8.411,8.411,1.232,3.0,4.0,-1.0,0.0,0.0,-3.382,0.0,6.828,0.0,0.615,0.0,0.523,ITC,2022-12-15 00:00:00,326.2838439941406,0
9.0,0.0,3.4,4.804,4.804,2.245,3.0,1.0,-1.0,0.0,0.0,-1.162,0.0,2.14,0.0,0.712,0.0,0.315,ITC,2022-12-22 00:00:00,320.1211853027344,0
9.0,0.0,4.4,6.585,6.585,21.949,3.0,2.0,-1.0,0.0,0.0,-2.782,0.0,0.3,0.0,0.815,0.0,0.403,ITC,2022-12-29 00:00:00,322.91363525390625,0
21.0,1.0,6.6,6.334,6.334,1.03,3.0,3.0,1.0,0.0,0.0,-5.859,0.0,6.147,0.0,0.759,0.0,0.422,ITC,2023-01-05 00:00:00,321.0840759277344,1
10.0,0.0,2.8,4.736,4.736,2.927,1.0,3.0,1.0,0.0,0.0,-2.783,0.0,1.618,0.0,0.603,0.0,0.297,ITC,2023-01-12 00:00:00,317.6175842285156,1
10.0,0.0,2.2,4.483,4.483,1.719,1.0,3.0,1.0,-1.0,0.0,-1.948,1.0,2.608,0.0,1.369,0.0,0.301,ITC,2023-01-19 00:00:00,319.8323059082031,1
10.0,0.0,3.2,4.483,4.483,2.529,3.0,3.0,1.0,0.0,0.0,-0.601,0.0,1.773,0.0,1.296,0.0,0.306,ITC,2023-01-27 00:00:00,333.1686706542969,1
10.0,0.0,4.2,17.199,17.199,57.33,1.0,3.0,1.0,0.0,0.0,-1.586,0.0,0.3,0.0,3.582,0.0,0.716,ITC,2023-02-03 00:00:00,366.53369140625,0
10.0,0.0,5.2,18.224,18.224,60.748,1.0,3.0,1.0,1.0,1.0,-3.594,0.0,0.3,0.0,0.738,0.0,0.735,ITC,2023-02-10 00:00:00,357.5785827636719,0
5.0,0.0,12.0,16.429,16.429,40.548,2.0,4.0,1.0,1.0,1.0,-1.455,0.0,0.405,0.0,0.782,0.0,0.933,ITC,2023-02-17 00:00:00,369.18170166015625,0
5.0,0.0,12.0,17.712,17.712,15.256,1.0,4.0,1.0,1.0,1.0,-1.624,0.0,1.161,0.0,1.519,0.0,0.996,ITC,2023-02-24 00:00:00,370.81866455078125,0
5.0,0.0,12.0,18.28,18.28,60.933,1.0,4.0,1.0,1.0,1.0,-4.683,0.0,0.3,0.0,0.405,0.0,0.961,ITC,2023-03-03 00:00:00,370.6742248535156,0
5.0,0.0,12.0,17.693,17.693,15.256,4.0,4.0,1.0,1.0,1.0,-1.523,0.0,1.16,0.0,0.673,0.0,0.92,ITC,2023-03-13 00:00:00,369.42242431640625,0
9.0,0.0,3.2,6.518,6.518,2.136,4.0,1.0,-1.0,1.0,0.0,-1.596,0.0,3.051,0.0,3.782,0.0,0.293,ITC,2023-03-20 00:00:00,364.7522888183594,0
9.0,0.0,4.2,6.518,6.518,2.59,4.0,1.0,-1.0,1.0,0.0,-2.448,0.0,2.516,0.0,0.824,0.0,0.314,ITC,2023-03-27 00:00:00,366.1003723144531,0
9.0,0.0,5.2,6.518,6.518,2.341,4.0,1.0,-1.0,1.0,0.0,-2.502,0.0,2.784,0.0,0.612,0.0,0.33,ITC,2023-04-05 00:00:00,372.0704650878906,0
9.0,0.0,6.2,7.615,7.615,1.176,2.0,1.0,-1.0,1.0,0.0,-6.466,0.0,6.478,0.0,0.841,0.0,0.388,ITC,2023-04-13 00:00:00,380.92926025390625,0
9.0,0.0,7.2,8.833,8.833,1.136,4.0,1.0,-1.0,1.0,0.0,-8.292,0.0,7.776,0.0,0.597,0.0,0.467,ITC,2023-04-21 00:00:00,393.1101379394531,0
9.0,0.0,8.2,12.781,12.781,1.09,1.0,1.0,-1.0,1.0,0.0,-12.539,0.0,11.724,0.0,1.146,0.0,0.683,ITC,2023-04-28 00:00:00,409.7685852050781,0
5.0,0.0,12.0,14.799,14.799,14.42,1.0,3.0,1.0,1.0,1.0,-0.729,0.0,1.026,0.0,1.068,0.0,0.892,ITC,2023-05-08 00:00:00,415.44976806640625,0
5.0,0.0,12.0,15.174,15.174,14.5,3.0,3.0,1.0,1.0,1.0,-2.999,0.0,1.047,0.0,1.012,0.0,0.925,ITC,2023-05-15 00:00:00,411.9351501464844,0
5.0,0.0,12.0,15.196,15.196,7.506,4.0,1.0,1.0,1.0,1.0,-3.138,0.0,2.025,0.0,2.324,0.0,0.894,ITC,2023-05-22 00:00:00,408.9982604980469,1
5.0,0.0,12.0,16.93,16.93,18.317,1.0,1.0,1.0,1.0,1.0,-0.259,1.0,0.924,0.0,1.146,0.0,1.0,ITC,2023-05-29 00:00:00,432.4452209472656,0
5.0,0.0,12.0,18.572,18.572,22.875,3.0,1.0,1.0,1.0,1.0,-1.903,0.0,0.812,0.0,0.787,0.0,1.0,ITC,2023-06-05 00:00:00,424.30859375,0
6.0,0.0,12.0,21.465,21.465,1.349,3.0,1.0,-1.0,1.0,0.0,-18.612,1.0,15.913,0.0,0.613,0.0,1.0,ITC,2023-06-12 00:00:00,420.7458190917969,0
1.0,0.0,5.2,9.256,9.256,1.467,1.0,1.0,1.0,1.0,1.0,-0.549,1.0,6.31,0.0,0.973,0.0,0.614,ITC,2023-06-19 00:00:00,436.7783508300781,1
1.0,0.0,6.2,9.112,9.112,0.964,4.0,1.0,1.0,1.0,1.0,-2.446,0.0,9.455,0.0,0.554,0.0,0.646,ITC,2023-06-26 00:00:00,429.17132568359375,1
6.0,0.0,12.0,22.528,22.528,1.094,1.0,1.0,-1.0,1.0,0.0,-22.262,0.0,20.587,0.0,1.022,0.0,1.0,ITC,2023-07-04 00:00:00,449.0555114746094,0
6.0,0.0,12.0,22.181,22.181,1.165,1.0,2.0,-1.0,1.0,0.0,-18.567,0.0,19.034,0.0,0.635,0.0,1.0,ITC,2023-07-11 00:00:00,455.6033630371094,0
5.0,0.0,12.0,17.275,17.275,46.629,1.0,1.0,1.0,1.0,1.0,-1.727,0.0,0.37,0.0,0.596,0.0,1.0,ITC,2023-07-18 00:00:00,454.9774475097656,0
5.0,0.0,12.0,18.744,18.744,27.609,2.0,1.0,1.0,1.0,1.0,-5.673,0.0,0.679,0.0,3.563,0.0,1.0,ITC,2023-07-25 00:00:00,445.1557312011719,0
6.0,0.0,12.0,20.477,20.477,2.31,2.0,1.0,-1.0,1.0,0.0,-13.213,0.0,8.865,0.0,0.703,0.0,1.0,ITC,2023-08-01 00:00:00,447.5630187988281,0
6.0,0.0,12.0,20.652,20.652,3.073,2.0,1.0,-1.0,0.0,0.0,-10.587,1.0,6.72,0.0,0.798,0.0,1.0,ITC,2023-08-08 00:00:00,435.57470703125,0
6.0,0.0,12.0,18.976,18.976,3.042,2.0,1.0,-1.0,0.0,0.0,-7.182,0.0,6.239,0.0,0.687,0.0,1.0,ITC,2023-08-16 00:00:00,433.5525817871094,0
0.0,0.0,6.8,14.278,14.278,3.983,2.0,3.0,-1.0,0.0,0.0,-0.365,0.0,3.585,0.0,0.768,0.0,0.702,ITC,2023-08-30 00:00:00,426.3788757324219,0
0.0,0.0,7.8,15.086,15.086,2.776,2.0,2.0,-1.0,0.0,0.0,-1.605,0.0,5.435,0.0,0.68,0.0,0.756,ITC,2023-09-06 00:00:00,430.8564147949219,0
0.0,0.0,8.8,15.342,15.342,1.6,2.0,2.0,-1.0,0.0,0.0,-3.451,0.0,9.592,0.0,1.185,0.0,0.779,ITC,2023-09-13 00:00:00,436.68206787109375,0
9.0,0.0,4.0,4.792,4.792,1.1,4.0,2.0,-1.0,0.0,0.0,-3.864,0.0,4.357,0.0,0.927,0.0,0.33,ITC,2023-09-21 00:00:00,430.9045715332031,1
5.0,0.0,12.0,13.638,13.638,2.309,2.0,2.0,1.0,0.0,0.0,-10.116,0.0,5.908,0.0,0.912,0.0,0.787,ITC,2023-09-28 00:00:00,424.4049072265625,0
5.0,0.0,12.0,14.034,14.034,1.743,2.0,2.0,1.0,-1.0,0.0,-12.738,0.0,8.052,0.0,0.87,0.0,0.843,ITC,2023-10-06 00:00:00,425.7529602050781,0
5.0,0.0,12.0,14.053,14.053,2.52,2.0,2.0,1.0,0.0,0.0,-9.806,1.0,5.577,0.0,1.023,0.0,0.847,ITC,2023-10-13 00:00:00,431.7230529785156,0
5.0,0.0,12.0,9.053,9.053,2.709,2.0,2.0,1.0,0.0,0.0,-5.209,0.0,3.342,0.0,0.897,0.0,0.59,ITC,2023-10-20 00:00:00,422.0457458496094,1
12.0,0.0,7.8,6.816,6.816,1.256,2.0,1.0,1.0,0.0,0.0,-5.336,0.0,5.427,0.0,1.302,0.0,0.46,ITC,2023-10-30 00:00:00,414.48687744140625,1
11.0,0.0,7.0,7.547,7.547,25.156,2.0,2.0,-1.0,0.0,0.0,-1.821,0.0,0.3,0.0,1.457,0.0,0.494,ITC,2023-11-06 00:00:00,419.20513916015625,0
11.0,0.0,8.0,7.547,7.547,6.957,2.0,2.0,-1.0,0.0,0.0,-2.597,0.0,1.085,0.0,0.45,0.0,0.516,ITC,2023-11-13 00:00:00,419.8310546875,0
11.0,0.0,9.0,7.547,7.547,4.671,2.0,2.0,-1.0,0.0,0.0,-2.656,0.0,1.616,0.0,0.493,0.0,0.53,ITC,2023-11-21 00:00:00,420.07177734375,0
1.0,0.0,7.4,7.441,7.441,7.183,1.0,2.0,1.0,0.0,0.0,-5.009,0.0,1.036,0.0,1.066,0.0,0.577,ITC,2023-11-29 00:00:00,420.9865417480469,1
1.0,0.0,8.4,7.503,7.503,25.009,3.0,2.0,1.0,0.0,0.0,-1.408,0.0,0.3,0.0,1.353,0.0,0.561,ITC,2023-12-06 00:00:00,446.07049560546875,0
1.0,0.0,9.4,9.092,9.092,30.307,2.0,2.0,1.0,0.0,0.0,-2.517,1.0,0.3,0.0,1.076,0.0,0.638,ITC,2023-12-13 00:00:00,438.7523193359375,0
20.0,1.0,8.4,9.052,9.052,1.648,3.0,2.0,-1.0,0.0,0.0,-7.192,0.0,5.493,0.0,1.01,0.0,0.613,ITC,2023-12-20 00:00:00,434.2747802734375,0
9.0,0.0,2.8,4.537,4.537,2.035,2.0,1.0,-1.0,0.0,0.0,-2.846,0.0,2.23,0.0,0.675,0.0,0.277,ITC,2023-12-28 00:00:00,446.88897705078125,0
5.0,0.0,12.0,11.566,11.566,6.987,1.0,2.0,1.0,0.0,0.0,-0.718,0.0,1.655,0.0,2.374,0.0,0.854,ITC,2024-01-04 00:00:00,458.7328186035156,0
5.0,0.0,12.0,12.076,12.076,17.215,3.0,2.0,1.0,1.0,1.0,-3.77,0.0,0.701,0.0,0.58,0.0,0.843,ITC,2024-01-11 00:00:00,445.49273681640625,0
5.0,0.0,12.0,11.991,11.991,39.964,3.0,2.0,1.0,1.0,1.0,-3.084,0.0,0.3,0.0,1.074,0.0,0.824,ITC,2024-01-18 00:00:00,448.237060546875,0
6.0,0.0,12.0,12.998,12.998,1.622,3.0,1.0,-1.0,0.0,0.0,-7.086,0.0,8.015,0.0,1.879,0.0,0.789,ITC,2024-01-29 00:00:00,433.1192626953125,0
6.0,0.0,12.0,11.324,11.324,4.16,3.0,6.0,-1.0,0.0,0.0,-1.84,0.0,2.722,0.0,1.471,0.0,0.665,ITC,2024-02-05 00:00:00,421.8050231933594,0
6.0,0.0,12.0,17.533,17.533,8.374,3.0,2.0,-1.0,0.0,0.0,-1.689,0.0,2.094,0.0,2.443,0.0,0.908,ITC,2024-02-12 00:00:00,391.7620544433594,0
6.0,0.0,12.0,20.279,20.279,16.576,3.0,1.0,-1.0,-1.0,1.0,-1.302,0.0,1.223,0.0,2.629,0.0,0.973,ITC,2024-02-19 00:00:00,394.07305908203125,0
6.0,0.0,12.0,19.944,19.944,18.233,3.0,2.0,-1.0,-1.0,1.0,-3.005,0.0,1.094,0.0,0.74,0.0,0.941,ITC,2024-02-26 00:00:00,394.0249328613281,0
6.0,0.0,12.0,20.037,20.037,22.479,3.0,2.0,-1.0,-1.0,1.0,-2.529,0.0,0.891,0.0,0.843,0.0,0.954,ITC,2024-03-04 00:00:00,393.9286193847656,0
6.0,0.0,12.0,20.042,20.042,9.219,3.0,3.0,-1.0,-1.0,1.0,-2.504,0.0,2.174,0.0,1.197,0.0,0.958,ITC,2024-03-12 00:00:00,389.4510803222656,0
10.0,0.0,4.2,9.293,9.293,30.977,1.0,4.0,1.0,-1.0,0.0,-4.692,0.0,0.3,0.0,0.677,0.0,0.479,ITC,2024-03-19 00:00:00,394.3619384765625,0
5.0,0.0,12.0,17.69,17.69,2.13,3.0,4.0,1.0,-1.0,0.0,-11.175,0.0,8.306,0.0,0.541,0.0,0.933,ITC,2024-03-27 00:00:00,412.1277160644531,0
5.0,0.0,12.0,17.233,17.233,1.482,2.0,4.0,1.0,-1.0,0.0,-11.683,0.0,11.629,0.0,0.671,0.0,0.961,ITC,2024-04-04 00:00:00,407.0724182128906,0
5.0,0.0,12.0,16.784,16.784,2.104,2.0,4.0,1.0,-1.0,0.0,-8.396,0.0,7.976,0.0,0.727,0.0,0.905,ITC,2024-04-12 00:00:00,414.14984130859375,0
5.0,0.0,12.0,15.983,15.983,1.503,2.0,4.0,1.0,0.0,0.0,-10.343,0.0,10.634,0.0,0.84,0.0,0.872,ITC,2024-04-22 00:00:00,409.5278625488281,0
3.0,0.0,5.8,7.9,7.9,21.625,1.0,2.0,1.0,0.0,0.0,-0.744,1.0,0.365,0.0,0.704,0.0,0.479,ITC,2024-04-29 00:00:00,421.949462890625,0
5.0,0.0,12.0,10.113,10.113,9.426,4.0,4.0,1.0,1.0,1.0,-2.006,0.0,1.073,0.0,0.543,0.0,0.563,ITC,2024-05-07 00:00:00,424.01971435546875,0
6.0,0.0,12.0,11.466,11.466,1.631,2.0,4.0,-1.0,0.0,0.0,-8.138,0.0,7.03,0.0,0.398,0.0,0.603,ITC,2024-05-14 00:00:00,413.7646789550781,0
6.0,0.0,12.0,11.399,11.399,1.675,2.0,3.0,-1.0,0.0,0.0,-8.877,0.0,6.805,0.0,0.604,0.0,0.623,ITC,2024-05-22 00:00:00,423.58642578125,0
9.0,0.0,3.0,5.462,5.462,2.406,3.0,2.0,-1.0,0.0,0.0,-1.442,0.0,2.27,0.0,0.647,0.0,0.291,ITC,2024-05-29 00:00:00,414.96832275390625,1
9.0,0.0,4.0,10.203,10.203,12.691,3.0,1.0,-1.0,0.0,0.0,-3.066,1.0,0.804,0.0,2.736,0.0,0.509,ITC,2024-06-05 00:00:00,414.3424377441406,0
9.0,0.0,5.0,10.203,10.203,2.896,3.0,1.0,-1.0,0.0,0.0,-7.484,0.0,3.523,0.0,0.708,0.0,0.501,ITC,2024-06-12 00:00:00,416.26824951171875,0
9.0,0.0,3.8,10.438,10.438,1.507,1.0,1.0,-1.0,0.0,0.0,-5.163,0.0,6.926,0.0,0.6,0.0,0.525,ITC,2024-06-20 00:00:00,407.6020202636719,0
1.0,0.0,5.6,9.598,9.598,2.619,1.0,1.0,1.0,0.0,0.0,-4.709,0.0,3.665,0.0,0.658,0.0,0.574,ITC,2024-06-27 00:00:00,409.8167419433594,1
1.0,0.0,6.6,9.631,9.631,3.779,1.0,1.0,1.0,0.0,0.0,-3.731,0.0,2.548,0.0,0.424,0.0,0.594,ITC,2024-07-04 00:00:00,413.1387939453125,1
1.0,0.0,7.6,12.065,12.065,40.216,2.0,1.0,1.0,0.0,0.0,-0.856,0.0,0.3,0.0,0.692,0.0,0.725,ITC,2024-07-11 00:00:00,441.6410827636719,0
1.0,0.0,8.6,15.692,15.692,52.305,1.0,1.0,1.0,1.0,1.0,-0.138,0.0,0.3,0.0,1.249,0.0,0.925,ITC,2024-07-19 00:00:00,456.951416015625,0
1.0,0.0,9.6,24.942,24.942,83.141,1.0,1.0,1.0,1.0,1.0,-4.054,0.0,0.3,0.0,0.971,0.0,1.0,ITC,2024-07-26 00:00:00,483.5760498046875,0
1.0,0.0,10.6,25.028,25.028,83.427,1.0,1.0,1.0,1.0,1.0,-3.319,0.0,0.3,0.0,0.649,0.0,1.0,ITC,2024-08-02 00:00:00,470.96185302734375,0
5.0,0.0,12.0,21.789,21.789,47.911,1.0,1.0,1.0,1.0,1.0,-3.114,0.0,0.455,0.0,1.161,0.0,1.0,ITC,2024-08-09 00:00:00,477.5096740722656,0
5.0,0.0,12.0,21.446,21.446,10.78,1.0,1.0,1.0,1.0,1.0,-1.567,0.0,1.989,0.0,0.753,0.0,1.0,ITC,2024-08-19 00:00:00,482.8538513183594,0
5.0,0.0,12.0,21.313,21.313,18.427,4.0,1.0,1.0,1.0,1.0,-0.95,0.0,1.157,0.0,0.465,0.0,1.0,ITC,2024-08-26 00:00:00,486.94622802734375,0
9.0,0.0,5.4,6.485,6.485,1.051,5.0,1.0,-1.0,1.0,0.0,-4.661,0.0,6.172,0.0,1.098,0.0,0.331,ITC,2024-09-02 00:00:00,491.1349182128906,1
6.0,0.0,12.0,22.531,22.531,1.222,1.0,3.0,-1.0,1.0,0.0,-19.866,0.0,18.436,0.0,0.91,0.0,1.0,ITC,2024-09-09 00:00:00,492.7718811035156,0
10.0,0.0,2.6,4.652,4.652,6.076,3.0,3.0,1.0,1.0,1.0,-1.278,0.0,0.766,0.0,0.678,0.0,0.263,ITC,2024-09-16 00:00:00,492.14599609375,0
10.0,0.0,3.6,4.652,4.652,3.019,3.0,3.0,1.0,1.0,1.0,-1.172,0.0,1.541,0.0,1.861,0.0,0.275,ITC,2024-09-23 00:00:00,497.7790222167969,0
6.0,0.0,12.0,23.645,23.645,1.02,1.0,2.0,-1.0,1.0,0.0,-22.398,0.0,23.179,0.0,1.179,0.0,1.0,ITC,2024-09-30 00:00:00,498.9345397949219,0
9.0,0.0,4.0,13.844,13.844,1.486,1.0,1.0,-1.0,0.0,0.0,-8.038,0.0,9.314,0.0,0.617,0.0,0.417,LT,2020-07-06 00:00:00,951.2000122070312,0
9.0,0.0,5.0,13.844,13.844,1.551,1.0,1.0,-1.0,1.0,0.0,-6.653,0.0,8.924,0.0,0.762,0.0,0.448,LT,2020-07-13 00:00:00,928.1500244140625,0
13.0,1.0,8.6,20.432,20.432,2.64,1.0,1.0,1.0,1.0,1.0,-6.98,0.0,7.739,0.0,0.354,0.0,0.711,LT,2020-07-20 00:00:00,919.5999755859375,0
6.0,0.0,12.0,22.651,22.651,11.994,1.0,1.0,-1.0,1.0,0.0,-14.235,0.0,1.888,0.0,1.079,0.0,0.72,LT,2020-07-27 00:00:00,903.7999877929688,0
10.0,0.0,2.4,4.882,4.882,1.305,4.0,4.0,1.0,1.0,1.0,-3.062,0.0,3.741,0.0,0.654,0.0,0.217,LT,2020-08-03 00:00:00,915.9000244140625,1
9.0,0.0,2.8,5.132,5.132,1.506,4.0,3.0,-1.0,0.0,0.0,-2.159,0.0,3.408,0.0,0.565,0.0,0.239,LT,2020-08-10 00:00:00,960.0499877929688,0
9.0,0.0,3.8,13.466,13.466,1.0,1.0,3.0,-1.0,0.0,0.0,-9.651,0.0,13.466,0.0,2.452,0.0,0.528,LT,2020-08-17 00:00:00,1000.7999877929688,1
9.0,0.0,4.8,14.353,14.353,1.131,1.0,3.0,-1.0,1.0,0.0,-10.917,0.0,12.685,0.0,0.536,0.0,0.585,LT,2020-08-24 00:00:00,991.3499755859375,1
10.0,0.0,5.0,13.674,13.674,45.579,1.0,2.0,1.0,1.0,1.0,-4.205,1.0,0.3,0.0,1.595,0.0,0.607,LT,2020-08-31 00:00:00,944.9500122070312,0
16.0,1.0,5.0,12.083,12.083,1.876,1.0,1.0,1.0,0.0,0.0,-8.044,0.0,6.44,0.0,0.632,0.0,0.554,LT,2020-09-07 00:00:00,932.1500244140625,0
0.0,0.0,8.6,18.654,18.654,62.179,1.0,1.0,-1.0,0.0,0.0,-5.486,0.0,0.3,0.0,1.012,0.0,0.827,LT,2020-09-28 00:00:00,902.8499755859375,0
9.0,0.0,2.6,9.609,9.609,1.236,1.0,1.0,-1.0,0.0,0.0,-6.4,0.0,7.776,0.0,0.588,0.0,0.377,LT,2020-10-06 00:00:00,892.5999755859375,0
9.0,0.0,3.6,9.816,9.816,1.0,2.0,1.0,-1.0,0.0,0.0,-7.444,0.0,9.816,0.0,1.238,0.0,0.389,LT,2020-10-13 00:00:00,896.4500122070312,0
9.0,0.0,3.0,5.673,5.673,1.659,1.0,2.0,-1.0,0.0,0.0,-3.065,0.0,3.419,0.0,1.291,0.0,0.232,LT,2020-10-20 00:00:00,917.2999877929688,0
9.0,0.0,4.0,9.497,9.497,1.0,1.0,2.0,-1.0,0.0,0.0,-8.641,0.0,9.497,0.0,1.326,0.0,0.395,LT,2020-10-27 00:00:00,981.9500122070312,0
5.0,0.0,12.0,18.952,18.952,4.618,1.0,1.0,1.0,0.0,0.0,-9.332,0.0,4.104,0.0,0.68,0.0,0.806,LT,2020-11-03 00:00:00,947.75,1
5.0,0.0,12.0,18.18,18.18,4.738,1.0,1.0,1.0,0.0,0.0,-5.766,1.0,3.837,0.0,0.612,0.0,0.855,LT,2020-11-10 00:00:00,1033.699951171875,1
5.0,0.0,12.0,21.984,21.984,44.779,1.0,1.0,1.0,1.0,1.0,-1.548,0.0,0.491,0.0,0.176,0.0,1.0,LT,2020-11-17 00:00:00,1080.9000244140625,1
5.0,0.0,12.0,29.666,29.666,98.888,1.0,1.0,1.0,1.0,1.0,-4.346,0.0,0.3,0.0,0.898,0.0,1.0,LT,2020-11-24 00:00:00,1135.5,0
5.0,0.0,12.0,29.93,29.93,70.316,1.0,1.0,1.0,1.0,1.0,-5.187,1.0,0.426,0.0,0.607,0.0,1.0,LT,2020-12-02 00:00:00,1113.75,1
5.0,0.0,12.0,28.982,28.982,14.54,2.0,1.0,1.0,1.0,1.0,-0.939,1.0,1.993,0.0,0.835,0.0,1.0,LT,2020-12-09 00:00:00,1181.0,0
5.0,0.0,12.0,33.773,33.773,13.96,1.0,1.0,1.0,1.0,1.0,-1.396,0.0,2.419,0.0,1.141,0.0,1.0,LT,2020-12-16 00:00:00,1268.25,0
5.0,0.0,12.0,36.624,36.624,9.409,1.0,2.0,1.0,1.0,1.0,-5.663,0.0,3.892,0.0,1.243,0.0,1.0,LT,2020-12-23 00:00:00,1264.800048828125,0
5.0,0.0,12.0,35.792,35.792,21.969,1.0,2.0,1.0,1.0,1.0,-3.47,0.0,1.629,0.0,0.444,0.0,1.0,LT,2020-12-31 00:00:00,1287.5999755859375,0
6.0,0.0,12.0,50.7,50.7,1.048,1.0,3.0,-1.0,1.0,0.0,-48.643,0.0,48.363,0.0,0.736,0.0,1.0,LT,2021-01-07 00:00:00,1338.949951171875,0
6.0,0.0,12.0,51.924,51.924,1.045,2.0,2.0,-1.0,1.0,0.0,-48.847,0.0,49.678,0.0,0.706,0.0,1.0,LT,2021-01-14 00:00:00,1376.5999755859375,0
6.0,0.0,12.0,48.108,48.108,1.149,2.0,2.0,-1.0,1.0,0.0,-50.182,0.0,41.866,0.0,0.67,0.0,1.0,LT,2021-01-21 00:00:00,1371.300048828125,0
6.0,0.0,12.0,49.211,49.211,1.118,5.0,2.0,-1.0,1.0,0.0,-44.661,0.0,44.036,0.0,0.523,0.0,1.0,LT,2021-01-29 00:00:00,1334.699951171875,0
10.0,0.0,2.6,19.185,19.185,63.95,1.0,3.0,1.0,1.0,1.0,-3.967,0.0,0.3,0.0,0.686,0.0,0.507,LT,2021-02-05 00:00:00,1516.5,0
5.0,0.0,12.0,34.757,34.757,115.855,1.0,1.0,1.0,1.0,1.0,-3.923,0.0,0.3,0.0,0.471,0.0,1.0,LT,2021-02-12 00:00:00,1521.3499755859375,0
5.0,0.0,12.0,32.861,32.861,53.016,1.0,1.0,1.0,1.0,1.0,-4.294,0.0,0.62,0.0,0.466,0.0,1.0,LT,2021-02-19 00:00:00,1508.800048828125,0
6.0,0.0,12.0,43.897,43.897,1.145,1.0,1.0,-1.0,1.0,0.0,-36.441,0.0,38.325,0.0,0.646,0.0,1.0,LT,2021-02-26 00:00:00,1442.5,0
6.0,0.0,12.0,37.172,37.172,1.401,1.0,1.0,-1.0,1.0,0.0,-26.742,1.0,26.533,0.0,0.744,0.0,1.0,LT,2021-03-05 00:00:00,1463.550048828125,0
6.0,0.0,12.0,34.615,34.615,1.479,1.0,1.0,-1.0,1.0,0.0,-31.196,0.0,23.398,0.0,1.084,0.0,1.0,LT,2021-03-15 00:00:00,1483.75,0
6.0,0.0,12.0,27.249,27.249,2.195,1.0,2.0,-1.0,1.0,0.0,-13.049,1.0,12.417,0.0,2.431,0.0,0.86,LT,2021-03-22 00:00:00,1400.050048828125,0
6.0,0.0,12.0,24.153,24.153,2.583,1.0,2.0,-1.0,0.0,0.0,-9.072,0.0,9.351,0.0,0.76,0.0,0.771,LT,2021-03-30 00:00:00,1423.550048828125,0
6.0,0.0,12.0,20.016,20.016,3.465,1.0,4.0,-1.0,0.0,0.0,-5.736,0.0,5.777,0.0,0.46,0.0,0.65,LT,2021-04-07 00:00:00,1404.1500244140625,0
1.0,0.0,6.0,16.826,16.826,6.21,1.0,1.0,1.0,0.0,0.0,-12.224,0.0,2.709,0.0,0.631,0.0,0.603,LT,2021-04-15 00:00:00,1374.6500244140625,0
6.0,0.0,12.0,21.469,21.469,71.564,1.0,2.0,-1.0,-1.0,1.0,-2.358,1.0,0.3,0.0,0.635,0.0,0.693,LT,2021-04-23 00:00:00,1322.9000244140625,0
6.0,0.0,12.0,21.503,21.503,5.232,1.0,2.0,-1.0,-1.0,1.0,-4.031,0.0,4.11,0.0,0.615,0.0,0.704,LT,2021-04-30 00:00:00,1340.449951171875,0
5.0,0.0,12.0,17.705,17.705,1.485,4.0,2.0,1.0,-1.0,0.0,-14.9,0.0,11.919,0.0,0.754,0.0,0.736,LT,2021-05-07 00:00:00,1342.699951171875,1
5.0,0.0,12.0,17.616,17.616,1.819,2.0,2.0,1.0,-1.0,0.0,-10.07,0.0,9.682,0.0,1.477,0.0,0.731,LT,2021-05-17 00:00:00,1386.75,1
5.0,0.0,12.0,17.166,17.166,2.547,1.0,2.0,1.0,0.0,0.0,-9.39,0.0,6.74,0.0,0.679,0.0,0.7,LT,2021-05-24 00:00:00,1443.25,0
5.0,0.0,12.0,17.522,17.522,58.408,1.0,2.0,1.0,0.0,0.0,-5.553,1.0,0.3,0.0,0.725,0.0,0.731,LT,2021-05-31 00:00:00,1467.699951171875,0
5.0,0.0,12.0,16.845,16.845,12.542,1.0,2.0,1.0,0.0,0.0,-1.754,1.0,1.343,0.0,1.779,0.0,0.754,LT,2021-06-07 00:00:00,1557.800048828125,0
5.0,0.0,12.0,18.424,18.424,57.709,1.0,2.0,1.0,1.0,1.0,-5.025,0.0,0.319,0.0,0.613,0.0,0.833,LT,2021-06-14 00:00:00,1515.75,0
5.0,0.0,12.0,18.767,18.767,17.421,1.0,2.0,1.0,0.0,0.0,-6.759,0.0,1.077,0.0,1.607,0.0,0.887,LT,2021-06-21 00:00:00,1467.050048828125,0
5.0,0.0,12.0,18.178,18.178,16.942,1.0,2.0,1.0,1.0,1.0,-3.737,0.0,1.073,0.0,0.744,0.0,0.889,LT,2021-06-28 00:00:00,1514.449951171875,0
0.0,0.0,5.2,9.415,9.415,2.309,1.0,1.0,-1.0,1.0,0.0,-2.653,0.0,4.078,0.0,0.725,0.0,0.491,LT,2021-07-05 00:00:00,1507.949951171875,0
0.0,0.0,6.2,9.435,9.435,2.121,1.0,1.0,-1.0,1.0,0.0,-3.617,0.0,4.448,0.0,0.541,0.0,0.505,LT,2021-07-12 00:00:00,1500.75,0
9.0,0.0,2.8,10.132,10.132,1.015,2.0,2.0,-1.0,1.0,0.0,-9.709,0.0,9.983,0.0,1.724,0.0,0.525,LT,2021-07-19 00:00:00,1609.5999755859375,0
9.0,0.0,3.8,11.633,11.633,1.131,3.0,2.0,-1.0,1.0,0.0,-8.275,0.0,10.288,0.0,0.91,0.0,0.534,LT,2021-07-27 00:00:00,1608.25,0
6.0,0.0,12.0,22.95,22.95,1.119,3.0,1.0,-1.0,1.0,0.0,-20.534,0.0,20.503,0.0,0.385,0.0,0.987,LT,2021-08-03 00:00:00,1634.3499755859375,0
9.0,0.0,2.6,6.062,6.062,1.326,4.0,1.0,-1.0,1.0,0.0,-2.862,0.0,4.572,0.0,0.545,0.0,0.28,LT,2021-08-10 00:00:00,1588.449951171875,0
9.0,0.0,3.6,7.988,7.988,1.0,2.0,1.0,-1.0,1.0,0.0,-6.639,0.0,7.988,0.0,0.79,0.0,0.354,LT,2021-08-17 00:00:00,1638.75,0
5.0,0.0,12.0,14.311,14.311,9.991,2.0,1.0,1.0,0.0,0.0,-4.249,0.0,1.432,0.0,0.661,0.0,0.729,LT,2021-08-25 00:00:00,1593.800048828125,1
5.0,0.0,12.0,14.215,14.215,8.739,3.0,1.0,1.0,1.0,1.0,-0.757,0.0,1.627,0.0,1.368,0.0,0.733,LT,2021-09-01 00:00:00,1686.4000244140625,0
10.0,0.0,3.8,9.257,9.257,30.858,3.0,2.0,1.0,1.0,1.0,-2.113,0.0,0.3,0.0,0.704,0.0,0.424,LT,2021-09-08 00:00:00,1666.550048828125,0
6.0,0.0,12.0,18.905,18.905,1.077,3.0,1.0,-1.0,1.0,0.0,-18.639,0.0,17.556,0.0,1.196,0.0,0.858,LT,2021-09-16 00:00:00,1721.25,0
6.0,0.0,12.0,17.577,17.577,1.235,2.0,2.0,-1.0,1.0,0.0,-15.954,0.0,14.233,0.0,0.652,0.0,0.819,LT,2021-09-23 00:00:00,1769.699951171875,0
5.0,0.0,12.0,18.855,18.855,62.851,1.0,3.0,1.0,1.0,1.0,-4.917,0.0,0.3,0.0,0.73,0.0,0.945,LT,2021-09-30 00:00:00,1702.949951171875,0
5.0,0.0,12.0,18.784,18.784,62.614,1.0,1.0,1.0,0.0,0.0,-6.351,0.0,0.3,0.0,0.782,0.0,0.897,LT,2021-10-07 00:00:00,1712.449951171875,0
5.0,0.0,12.0,14.669,14.669,9.179,1.0,1.0,1.0,1.0,1.0,-3.202,1.0,1.598,0.0,0.965,0.0,0.736,LT,2021-10-14 00:00:00,1789.300048828125,0
5.0,0.0,12.0,18.386,18.386,22.585,1.0,1.0,1.0,1.0,1.0,-4.204,0.0,0.814,0.0,1.211,0.0,0.926,LT,2021-10-22 00:00:00,1792.25,0
5.0,0.0,12.0,17.762,17.762,13.86,1.0,2.0,1.0,1.0,1.0,-3.753,0.0,1.282,0.0,2.779,0.0,0.865,LT,2021-10-29 00:00:00,1766.6500244140625,0
0.0,0.0,5.8,13.127,13.127,2.026,2.0,3.0,-1.0,1.0,0.0,-13.355,0.0,6.48,0.0,0.282,0.0,0.527,LT,2021-11-08 00:00:00,1924.550048828125,0
0.0,0.0,6.8,16.257,16.257,2.225,1.0,3.0,-1.0,1.0,0.0,-16.383,0.0,7.307,0.0,0.703,0.0,0.678,LT,2021-11-15 00:00:00,1947.050048828125,0
5.0,0.0,12.0,21.279,21.279,14.887,4.0,2.0,1.0,1.0,1.0,-5.916,0.0,1.429,0.0,0.912,0.0,0.987,LT,2021-11-23 00:00:00,1886.3499755859375,0
1.0,0.0,4.8,11.588,11.588,0.628,4.0,2.0,1.0,1.0,1.0,-10.824,0.0,18.465,0.0,0.702,0.0,0.509,LT,2021-11-30 00:00:00,1764.75,1
10.0,0.0,5.0,12.444,12.444,1.21,4.0,2.0,1.0,0.0,0.0,-10.047,0.0,10.281,0.0,0.539,0.0,0.526,LT,2021-12-07 00:00:00,1798.0999755859375,1
0.0,0.0,6.2,14.215,14.215,1.527,4.0,2.0,-1.0,1.0,0.0,-7.282,0.0,9.306,0.0,0.626,0.0,0.528,LT,2021-12-14 00:00:00,1865.699951171875,0
0.0,0.0,7.2,14.216,14.216,2.595,4.0,2.0,-1.0,1.0,0.0,-3.7,1.0,5.477,0.0,0.868,0.0,0.537,LT,2021-12-21 00:00:00,1827.550048828125,0
0.0,0.0,8.2,14.218,14.218,1.747,4.0,2.0,-1.0,1.0,0.0,-7.553,0.0,8.14,0.0,0.421,0.0,0.55,LT,2021-12-28 00:00:00,1899.5,0
9.0,0.0,2.6,9.368,9.368,1.0,1.0,1.0,-1.0,0.0,0.0,-8.544,0.0,9.368,0.0,1.07,0.0,0.46,LT,2022-01-04 00:00:00,1937.550048828125,1
9.0,0.0,3.6,10.638,10.638,1.0,3.0,1.0,-1.0,1.0,0.0,-10.251,0.0,10.638,0.0,1.36,0.0,0.526,LT,2022-01-11 00:00:00,1961.1500244140625,1
9.0,0.0,4.6,16.96,16.96,1.0,1.0,1.0,-1.0,1.0,0.0,-16.816,0.0,16.96,0.0,0.996,0.0,0.835,LT,2022-01-18 00:00:00,2022.199951171875,1
0.0,0.0,6.0,12.704,12.704,2.807,2.0,3.0,-1.0,0.0,0.0,-1.494,0.0,4.526,0.0,0.916,0.0,0.5,LT,2022-02-09 00:00:00,1888.800048828125,1
0.0,0.0,7.0,15.795,15.795,3.267,2.0,1.0,-1.0,0.0,0.0,-4.515,0.0,4.835,0.0,1.196,0.0,0.618,LT,2022-02-16 00:00:00,1860.699951171875,1
0.0,0.0,8.0,15.969,15.969,3.571,2.0,2.0,-1.0,0.0,0.0,-2.755,1.0,4.471,0.0,1.077,0.0,0.629,LT,2022-02-23 00:00:00,1820.300048828125,1
6.0,0.0,12.0,18.355,18.355,7.716,2.0,2.0,-1.0,0.0,0.0,-1.913,0.0,2.379,0.0,1.452,0.0,0.743,LT,2022-03-03 00:00:00,1752.300048828125,0
6.0,0.0,12.0,28.596,28.596,54.638,2.0,1.0,-1.0,-1.0,1.0,-6.016,0.0,0.523,0.0,1.442,0.0,1.0,LT,2022-03-10 00:00:00,1728.199951171875,0
6.0,0.0,12.0,27.534,27.534,33.464,2.0,1.0,-1.0,-1.0,1.0,-10.107,0.0,0.823,0.0,0.924,0.0,1.0,LT,2022-03-17 00:00:00,1787.9000244140625,0
6.0,0.0,12.0,27.295,27.295,59.332,2.0,1.0,-1.0,-1.0,1.0,-11.069,1.0,0.46,0.0,0.67,0.0,1.0,LT,2022-03-25 00:00:00,1751.0999755859375,0
1.0,0.0,4.8,12.955,12.955,7.166,2.0,1.0,1.0,-1.0,0.0,-3.246,1.0,1.808,0.0,0.531,0.0,0.534,LT,2022-04-01 00:00:00,1790.0999755859375,0
1.0,0.0,5.8,14.765,14.765,49.217,2.0,1.0,1.0,-1.0,0.0,-1.706,0.0,0.3,0.0,0.792,0.0,0.623,LT,2022-04-08 00:00:00,1830.75,0
1.0,0.0,6.8,14.841,14.841,4.608,2.0,1.0,1.0,-1.0,0.0,-6.44,0.0,3.221,0.0,0.722,0.0,0.636,LT,2022-04-19 00:00:00,1705.75,0
1.0,0.0,7.8,14.918,14.918,2.371,2.0,1.0,1.0,-1.0,0.0,-10.799,0.0,6.292,0.0,0.79,0.0,0.643,LT,2022-04-26 00:00:00,1699.949951171875,0
0.0,0.0,6.8,16.46,16.46,29.535,2.0,1.0,-1.0,-1.0,1.0,-1.049,0.0,0.557,0.0,0.573,0.0,0.728,LT,2022-05-11 00:00:00,1570.800048828125,0
0.0,0.0,7.8,22.183,22.183,73.942,2.0,1.0,-1.0,-1.0,1.0,-6.798,0.0,0.3,0.0,0.748,0.0,0.923,LT,2022-05-18 00:00:00,1572.5,0
0.0,0.0,8.8,22.402,22.402,5.514,2.0,1.0,-1.0,0.0,0.0,-8.276,0.0,4.063,0.0,0.894,0.0,0.903,LT,2022-05-25 00:00:00,1574.75,0
6.0,0.0,12.0,21.517,21.517,17.889,2.0,1.0,-1.0,-1.0,1.0,-10.153,0.0,1.203,0.0,1.487,0.0,0.859,LT,2022-06-01 00:00:00,1648.0,0
6.0,0.0,12.0,22.398,22.398,7.273,2.0,1.0,-1.0,-1.0,1.0,-5.822,1.0,3.08,0.0,0.979,0.0,0.912,LT,2022-06-08 00:00:00,1584.550048828125,0
5.0,0.0,12.0,19.912,19.912,1.355,2.0,1.0,1.0,-1.0,0.0,-16.865,0.0,14.693,0.0,0.905,0.0,0.911,LT,2022-06-15 00:00:00,1560.3499755859375,1
5.0,0.0,12.0,22.937,22.937,1.465,2.0,1.0,1.0,-1.0,0.0,-19.252,0.0,15.659,0.0,0.672,0.0,1.0,LT,2022-06-22 00:00:00,1478.75,1
5.0,0.0,12.0,22.437,22.437,1.51,2.0,1.0,1.0,-1.0,0.0,-16.496,0.0,14.86,0.0,0.944,0.0,1.0,LT,2022-06-29 00:00:00,1547.9000244140625,1
5.0,0.0,12.0,20.896,20.896,1.421,2.0,1.0,1.0,-1.0,0.0,-14.9,0.0,14.702,0.0,0.664,0.0,0.981,LT,2022-07-06 00:00:00,1556.1500244140625,1
9.0,0.0,7.4,15.986,15.986,1.803,1.0,1.0,-1.0,0.0,0.0,-13.554,0.0,8.867,0.0,0.36,0.0,0.636,LT,2022-07-13 00:00:00,1647.25,0
20.0,1.0,8.4,19.13,19.13,1.0,2.0,1.0,-1.0,0.0,0.0,-18.776,0.0,19.13,0.0,0.636,0.0,0.729,LT,2022-07-20 00:00:00,1739.949951171875,0
20.0,1.0,9.4,22.601,22.601,1.015,3.0,1.0,-1.0,1.0,0.0,-20.249,0.0,22.275,0.0,0.755,0.0,0.875,LT,2022-07-27 00:00:00,1796.6500244140625,0
5.0,0.0,12.0,20.978,20.978,21.68,1.0,1.0,1.0,1.0,1.0,-2.153,0.0,0.968,0.0,0.797,0.0,0.957,LT,2022-08-03 00:00:00,1789.800048828125,0
5.0,0.0,12.0,22.136,22.136,12.482,1.0,1.0,1.0,1.0,1.0,-0.635,0.0,1.773,0.0,1.601,0.0,1.0,LT,2022-08-11 00:00:00,1867.1500244140625,0
5.0,0.0,12.0,23.341,23.341,9.926,1.0,1.0,1.0,1.0,1.0,-0.211,0.0,2.351,0.0,1.221,0.0,1.0,LT,2022-08-19 00:00:00,1936.050048828125,0
5.0,0.0,12.0,25.968,25.968,86.559,2.0,1.0,1.0,1.0,1.0,-3.4,1.0,0.3,0.0,0.544,0.0,1.0,LT,2022-08-26 00:00:00,1905.4000244140625,0
5.0,0.0,12.0,25.893,25.893,12.483,1.0,1.0,1.0,1.0,1.0,-0.934,0.0,2.074,0.0,1.566,0.0,1.0,LT,2022-09-05 00:00:00,1968.3499755859375,0
6.0,0.0,12.0,34.034,34.034,1.244,2.0,1.0,-1.0,1.0,0.0,-33.879,0.0,27.369,0.0,0.487,0.0,1.0,LT,2022-09-12 00:00:00,1961.9000244140625,0
6.0,0.0,12.0,35.638,35.638,1.102,3.0,1.0,-1.0,1.0,0.0,-30.79,1.0,32.335,0.0,1.947,0.0,1.0,LT,2022-09-19 00:00:00,1910.699951171875,0
6.0,0.0,12.0,30.338,30.338,1.351,3.0,1.0,-1.0,1.0,0.0,-21.729,0.0,22.453,0.0,0.987,0.0,1.0,LT,2022-09-26 00:00:00,1851.449951171875,0
6.0,0.0,12.0,28.481,28.481,1.356,3.0,1.0,-1.0,1.0,0.0,-19.068,0.0,21.001,0.0,1.177,0.0,1.0,LT,2022-10-03 00:00:00,1819.300048828125,0
6.0,0.0,12.0,21.879,21.879,1.336,3.0,1.0,-1.0,1.0,0.0,-16.827,0.0,16.376,0.0,0.858,0.0,0.962,LT,2022-10-11 00:00:00,1878.949951171875,0
1.0,0.0,7.4,10.369,10.369,7.255,3.0,1.0,1.0,0.0,0.0,-5.604,0.0,1.429,0.0,1.454,0.0,0.508,LT,2022-10-18 00:00:00,1918.0999755859375,0
1.0,0.0,8.4,10.476,10.476,34.92,3.0,1.0,1.0,0.0,0.0,-4.273,0.0,0.3,0.0,0.156,0.0,0.508,LT,2022-10-25 00:00:00,1949.0999755859375,1
10.0,0.0,2.8,10.167,10.167,33.89,1.0,2.0,1.0,1.0,1.0,-1.535,0.0,0.3,0.0,2.188,0.0,0.463,LT,2022-11-02 00:00:00,2013.300048828125,0
10.0,0.0,3.8,10.167,10.167,33.89,1.0,2.0,1.0,1.0,1.0,-2.554,0.0,0.3,0.0,0.677,0.0,0.486,LT,2022-11-10 00:00:00,1977.6500244140625,1
16.0,1.0,5.0,9.694,9.694,3.476,1.0,2.0,1.0,0.0,0.0,-2.549,0.0,2.789,0.0,0.682,0.0,0.507,LT,2022-11-17 00:00:00,2029.550048828125,1
9.0,0.0,3.2,4.507,4.507,1.203,3.0,2.0,-1.0,0.0,0.0,-2.781,0.0,3.746,0.0,0.624,0.0,0.255,LT,2022-11-24 00:00:00,2052.199951171875,0
5.0,0.0,12.0,14.382,14.382,9.997,2.0,1.0,1.0,0.0,0.0,-1.0,0.0,1.439,0.0,1.186,0.0,0.801,LT,2022-12-01 00:00:00,2104.25,0
5.0,0.0,12.0,16.318,16.318,12.513,1.0,1.0,1.0,1.0,1.0,-0.933,0.0,1.304,0.0,1.87,0.0,0.928,LT,2022-12-08 00:00:00,2167.699951171875,0
5.0,0.0,12.0,18.793,18.793,20.226,1.0,1.0,1.0,1.0,1.0,-0.658,1.0,0.929,0.0,0.823,0.0,1.0,LT,2022-12-15 00:00:00,2177.550048828125,0
5.0,0.0,12.0,19.298,19.298,64.328,3.0,1.0,1.0,1.0,1.0,-2.953,0.0,0.3,0.0,1.068,0.0,1.0,LT,2022-12-22 00:00:00,2109.949951171875,0
6.0,0.0,12.0,21.855,21.855,1.255,3.0,1.0,-1.0,1.0,0.0,-16.929,0.0,17.408,0.0,0.635,0.0,1.0,LT,2022-12-29 00:00:00,2110.89990234375,0
0.0,0.0,5.0,7.918,7.918,2.615,3.0,3.0,-1.0,1.0,0.0,-0.998,0.0,3.027,0.0,0.57,0.0,0.418,LT,2023-01-05 00:00:00,2087.35009765625,0
0.0,0.0,6.0,7.943,7.943,1.512,3.0,3.0,-1.0,0.0,0.0,-3.671,0.0,5.253,0.0,0.823,0.0,0.421,LT,2023-01-12 00:00:00,2159.75,0
0.0,0.0,7.0,11.087,11.087,0.906,1.0,3.0,-1.0,1.0,0.0,-10.556,0.0,12.242,0.0,2.115,0.0,0.55,LT,2023-01-19 00:00:00,2273.10009765625,0
10.0,0.0,4.8,11.589,11.589,38.631,1.0,3.0,1.0,1.0,1.0,-5.351,0.0,0.3,0.0,1.189,0.0,0.558,LT,2023-01-27 00:00:00,2159.85009765625,0
10.0,0.0,5.8,11.589,11.589,8.794,1.0,3.0,1.0,0.0,0.0,-6.648,0.0,1.318,0.0,1.604,0.0,0.486,LT,2023-02-03 00:00:00,2166.550048828125,0
0.0,0.0,6.2,11.531,11.531,3.256,1.0,2.0,-1.0,0.0,0.0,-4.344,0.0,3.541,0.0,0.731,0.0,0.495,LT,2023-02-10 00:00:00,2163.85009765625,0
0.0,0.0,7.2,11.508,11.508,1.999,1.0,2.0,-1.0,0.0,0.0,-5.845,0.0,5.757,0.0,1.152,0.0,0.514,LT,2023-02-17 00:00:00,2226.35009765625,0
0.0,0.0,8.2,11.486,11.486,1.969,1.0,2.0,-1.0,0.0,0.0,-4.915,0.0,5.833,0.0,0.926,0.0,0.502,LT,2023-02-24 00:00:00,2134.050048828125,0
4.0,0.0,5.8,10.856,10.856,2.947,1.0,3.0,-1.0,0.0,0.0,-2.362,0.0,3.684,0.0,0.778,0.0,0.438,LT,2023-03-03 00:00:00,2152.050048828125,0
4.0,0.0,6.8,10.856,10.856,2.058,1.0,3.0,-1.0,0.0,0.0,-4.111,0.0,5.276,0.0,0.864,0.0,0.453,LT,2023-03-13 00:00:00,2133.85009765625,0
0.0,0.0,6.4,8.913,8.913,0.955,2.0,3.0,-1.0,0.0,0.0,-5.55,0.0,9.332,0.0,1.44,0.0,0.382,LT,2023-03-20 00:00:00,2177.550048828125,0
0.0,0.0,7.4,8.986,8.986,0.92,2.0,3.0,-1.0,0.0,0.0,-4.127,0.0,9.763,0.0,0.638,0.0,0.381,LT,2023-03-27 00:00:00,2154.0,0
1.0,0.0,7.4,8.537,8.537,28.456,2.0,2.0,1.0,0.0,0.0,-4.061,1.0,0.3,0.0,0.588,0.0,0.406,LT,2023-04-05 00:00:00,2257.75,0
10.0,0.0,4.0,9.928,9.928,33.092,2.0,1.0,1.0,0.0,0.0,-1.781,0.0,0.3,0.0,0.537,0.0,0.478,LT,2023-04-13 00:00:00,2258.75,0
10.0,0.0,5.0,9.928,9.928,9.292,2.0,1.0,1.0,0.0,0.0,-4.174,0.0,1.068,0.0,0.845,0.0,0.482,LT,2023-04-21 00:00:00,2215.199951171875,0
5.0,0.0,12.0,14.059,14.059,16.305,2.0,2.0,1.0,1.0,1.0,-1.608,0.0,0.862,0.0,1.208,0.0,0.753,LT,2023-05-08 00:00:00,2365.39990234375,0
5.0,0.0,12.0,15.049,15.049,14.074,2.0,2.0,1.0,0.0,0.0,-8.08,0.0,1.069,0.0,2.429,0.0,0.741,LT,2023-05-15 00:00:00,2246.85009765625,0
10.0,0.0,3.8,10.257,10.257,1.0,2.0,1.0,1.0,0.0,0.0,-9.365,0.0,10.257,0.0,0.718,0.0,0.581,LT,2023-05-22 00:00:00,2216.60009765625,1
10.0,0.0,4.8,10.257,10.257,1.151,2.0,4.0,1.0,0.0,0.0,-8.19,1.0,8.912,0.0,0.547,0.0,0.613,LT,2023-05-29 00:00:00,2224.550048828125,1
0.0,0.0,7.4,11.483,11.483,3.144,2.0,4.0,-1.0,0.0,0.0,-3.046,0.0,3.652,0.0,0.652,0.0,0.642,LT,2023-06-05 00:00:00,2268.300048828125,0
0.0,0.0,8.4,11.509,11.509,1.151,2.0,4.0,-1.0,0.0,0.0,-8.969,0.0,10.002,0.0,1.159,0.0,0.658,LT,2023-06-12 00:00:00,2339.949951171875,0
12.0,0.0,7.8,10.257,10.257,3.867,2.0,4.0,1.0,1.0,1.0,-2.051,0.0,2.653,0.0,0.848,0.0,0.701,LT,2023-06-19 00:00:00,2366.35009765625,1
12.0,0.0,8.8,10.698,10.698,7.81,4.0,4.0,1.0,0.0,0.0,-1.543,0.0,1.37,0.0,0.58,0.0,0.715,LT,2023-06-26 00:00:00,2377.550048828125,1
13.0,1.0,8.8,13.405,13.405,44.682,2.0,4.0,1.0,1.0,1.0,-1.539,0.0,0.3,0.0,0.523,0.0,0.9,LT,2023-07-04 00:00:00,2461.85009765625,0
5.0,0.0,12.0,13.757,13.757,17.893,3.0,4.0,1.0,1.0,1.0,-2.606,0.0,0.769,0.0,0.586,0.0,0.889,LT,2023-07-11 00:00:00,2474.550048828125,0
5.0,0.0,12.0,13.59,13.59,45.299,4.0,4.0,1.0,0.0,0.0,-1.406,0.0,0.3,0.0,0.464,0.0,0.912,LT,2023-07-18 00:00:00,2474.699951171875,1
5.0,0.0,12.0,18.021,18.021,21.991,1.0,4.0,1.0,1.0,1.0,-1.241,1.0,0.82,0.0,1.106,0.0,1.0,LT,2023-07-25 00:00:00,2560.89990234375,1
5.0,0.0,12.0,19.449,19.449,10.378,1.0,4.0,1.0,1.0,1.0,-0.322,0.0,1.874,0.0,0.642,0.0,1.0,LT,2023-08-01 00:00:00,2666.64990234375,0
5.0,0.0,12.0,19.785,19.785,40.743,2.0,4.0,1.0,1.0,1.0,-2.011,0.0,0.486,0.0,0.651,0.0,1.0,LT,2023-08-08 00:00:00,2632.199951171875,0
6.0,0.0,12.0,23.189,23.189,1.15,2.0,3.0,-1.0,1.0,0.0,-22.238,0.0,20.164,0.0,0.807,0.0,1.0,LT,2023-08-16 00:00:00,2691.050048828125,0
9.0,0.0,3.2,4.203,4.203,1.094,5.0,2.0,-1.0,1.0,0.0,-3.577,0.0,3.841,0.0,1.117,0.0,0.275,LT,2023-08-23 00:00:00,2717.60009765625,0
6.0,0.0,12.0,23.224,23.224,1.161,1.0,1.0,-1.0,1.0,0.0,-21.382,0.0,20.006,0.0,0.655,0.0,1.0,LT,2023-08-30 00:00:00,2709.0,0
6.0,0.0,12.0,18.791,18.791,1.102,1.0,2.0,-1.0,1.0,0.0,-17.44,0.0,17.054,0.0,0.653,0.0,1.0,LT,2023-09-06 00:00:00,2730.449951171875,0
5.0,0.0,12.0,22.233,22.233,56.184,1.0,2.0,1.0,1.0,1.0,-2.157,1.0,0.396,0.0,4.304,0.0,1.0,LT,2023-09-13 00:00:00,2906.75,0
5.0,0.0,12.0,22.182,22.182,73.939,1.0,2.0,1.0,1.0,1.0,-3.955,0.0,0.3,0.0,0.782,0.0,1.0,LT,2023-09-21 00:00:00,2899.35009765625,0
5.0,0.0,12.0,19.865,19.865,11.03,2.0,1.0,1.0,1.0,1.0,-1.461,0.0,1.801,0.0,1.594,0.0,1.0,LT,2023-09-28 00:00:00,3010.0,0
5.0,0.0,12.0,21.597,21.597,10.53,1.0,4.0,1.0,1.0,1.0,-0.605,0.0,2.051,0.0,1.73,0.0,1.0,LT,2023-10-06 00:00:00,3093.699951171875,0
5.0,0.0,12.0,21.045,21.045,44.119,4.0,3.0,1.0,1.0,1.0,-1.066,0.0,0.477,0.0,0.927,0.0,1.0,LT,2023-10-13 00:00:00,3089.60009765625,0
5.0,0.0,12.0,18.398,18.398,11.893,6.0,1.0,1.0,1.0,1.0,-1.944,0.0,1.547,0.0,0.812,0.0,1.0,LT,2023-10-20 00:00:00,3012.35009765625,0
6.0,0.0,12.0,19.824,19.824,2.167,6.0,2.0,-1.0,1.0,0.0,-12.203,0.0,9.146,0.0,1.235,0.0,1.0,LT,2023-10-30 00:00:00,2926.35009765625,0
10.0,0.0,6.0,8.633,8.633,1.281,6.0,4.0,1.0,1.0,1.0,-6.539,0.0,6.74,0.0,0.547,0.0,0.494,LT,2023-11-06 00:00:00,2975.449951171875,1
0.0,0.0,8.2,9.403,9.403,1.46,6.0,4.0,-1.0,1.0,0.0,-6.578,0.0,6.442,0.0,0.461,0.0,0.525,LT,2023-11-13 00:00:00,3048.5,0
0.0,0.0,9.2,9.414,9.414,1.077,8.0,4.0,-1.0,1.0,0.0,-8.529,0.0,8.741,0.0,0.629,0.0,0.544,LT,2023-11-21 00:00:00,3074.85009765625,0
9.0,0.0,7.0,9.079,9.079,1.277,7.0,3.0,-1.0,0.0,0.0,-6.787,0.0,7.107,0.0,0.772,0.0,0.586,LT,2023-11-29 00:00:00,3083.75,0
9.0,0.0,8.0,17.205,17.205,1.048,1.0,3.0,-1.0,1.0,0.0,-16.081,0.0,16.415,0.0,0.995,0.0,1.0,LT,2023-12-06 00:00:00,3392.300048828125,0
9.0,0.0,9.0,20.092,20.092,1.106,1.0,3.0,-1.0,1.0,0.0,-17.025,0.0,18.166,0.0,1.107,0.0,1.0,LT,2023-12-13 00:00:00,3399.800048828125,0
5.0,0.0,12.0,19.404,19.404,29.649,1.0,4.0,1.0,1.0,1.0,-0.739,0.0,0.654,0.0,0.701,0.0,1.0,LT,2023-12-20 00:00:00,3418.5,0
5.0,0.0,12.0,19.55,19.55,17.386,1.0,3.0,1.0,1.0,1.0,-0.141,1.0,1.124,0.0,0.749,0.0,1.0,LT,2023-12-28 00:00:00,3518.050048828125,0
10.0,0.0,3.2,6.467,6.467,2.01,2.0,3.0,1.0,1.0,1.0,-3.36,0.0,3.217,0.0,0.74,0.0,0.377,LT,2024-01-04 00:00:00,3458.699951171875,1
5.0,0.0,12.0,20.804,20.804,28.925,1.0,3.0,1.0,1.0,1.0,-1.343,0.0,0.719,0.0,0.893,0.0,1.0,LT,2024-01-11 00:00:00,3504.85009765625,0
6.0,0.0,12.0,25.173,25.173,1.259,2.0,3.0,-1.0,1.0,0.0,-25.027,0.0,19.988,0.0,1.539,0.0,1.0,LT,2024-01-18 00:00:00,3596.0,0
6.0,0.0,12.0,27.516,27.516,1.164,2.0,1.0,-1.0,1.0,0.0,-25.814,0.0,23.644,0.0,1.251,0.0,1.0,LT,2024-01-29 00:00:00,3708.0,0
6.0,0.0,12.0,27.245,27.245,1.759,2.0,1.0,-1.0,1.0,0.0,-15.332,0.0,15.49,0.0,3.696,0.0,1.0,LT,2024-02-05 00:00:00,3341.75,0
6.0,0.0,12.0,23.187,23.187,2.07,2.0,6.0,-1.0,1.0,0.0,-9.683,0.0,11.202,0.0,1.428,0.0,1.0,LT,2024-02-12 00:00:00,3299.550048828125,0
6.0,0.0,12.0,22.988,22.988,2.187,2.0,3.0,-1.0,0.0,0.0,-11.735,0.0,10.509,0.0,1.215,0.0,1.0,LT,2024-02-19 00:00:00,3339.85009765625,0
6.0,0.0,12.0,22.34,22.34,2.179,2.0,2.0,-1.0,0.0,0.0,-11.117,0.0,10.252,0.0,0.903,0.0,0.963,LT,2024-02-26 00:00:00,3470.14990234375,0
10.0,0.0,2.6,11.599,11.599,38.664,1.0,2.0,1.0,0.0,0.0,-0.679,1.0,0.3,0.0,1.815,0.0,0.539,LT,2024-03-04 00:00:00,3644.449951171875,0
10.0,0.0,3.6,12.972,12.972,43.241,2.0,2.0,1.0,0.0,0.0,-1.742,0.0,0.3,0.0,0.778,0.0,0.631,LT,2024-03-12 00:00:00,3621.64990234375,0
16.0,1.0,5.0,11.932,11.932,2.477,2.0,2.0,1.0,0.0,0.0,-3.885,0.0,4.816,0.0,0.58,0.0,0.617,LT,2024-03-19 00:00:00,3501.699951171875,0
13.0,1.0,7.8,12.704,12.704,3.443,1.0,2.0,1.0,0.0,0.0,-1.814,0.0,3.689,0.0,0.837,0.0,0.607,LT,2024-03-27 00:00:00,3706.39990234375,0
13.0,1.0,8.8,15.97,15.97,53.234,2.0,2.0,1.0,1.0,1.0,-2.009,0.0,0.3,0.0,0.607,0.0,0.77,LT,2024-04-04 00:00:00,3797.85009765625,0
5.0,0.0,12.0,15.905,15.905,53.017,2.0,2.0,1.0,0.0,0.0,-2.767,0.0,0.3,0.0,0.76,0.0,0.773,LT,2024-04-12 00:00:00,3679.25,0
9.0,0.0,2.4,10.43,10.43,34.766,1.0,1.0,-1.0,0.0,0.0,-1.323,1.0,0.3,0.0,1.191,0.0,0.511,LT,2024-04-22 00:00:00,3612.699951171875,0
9.0,0.0,3.4,10.43,10.43,34.766,1.0,1.0,-1.0,1.0,0.0,-3.824,0.0,0.3,0.0,0.889,0.0,0.541,LT,2024-04-29 00:00:00,3634.300048828125,1
6.0,0.0,12.0,17.863,17.863,3.222,2.0,2.0,-1.0,0.0,0.0,-6.137,0.0,5.544,0.0,1.097,0.0,0.807,LT,2024-05-07 00:00:00,3427.75,0
6.0,0.0,12.0,19.272,19.272,30.014,2.0,2.0,-1.0,0.0,0.0,-2.129,0.0,0.642,0.0,1.367,0.0,0.853,LT,2024-05-14 00:00:00,3379.449951171875,0
6.0,0.0,12.0,19.007,19.007,4.866,2.0,2.0,-1.0,0.0,0.0,-6.69,0.0,3.906,0.0,0.795,0.0,0.842,LT,2024-05-22 00:00:00,3460.85009765625,0
21.0,1.0,7.4,16.583,16.583,3.49,1.0,2.0,1.0,0.0,0.0,-5.228,0.0,4.752,0.0,0.508,0.0,0.833,LT,2024-05-29 00:00:00,3634.800048828125,0
9.0,0.0,5.4,21.54,21.54,1.033,1.0,2.0,-1.0,0.0,0.0,-5.519,0.0,20.861,0.0,2.736,0.0,0.715,LT,2024-06-05 00:00:00,3409.0,0
10.0,0.0,4.2,19.002,19.002,2.02,1.0,1.0,1.0,0.0,0.0,-8.194,0.0,9.406,0.0,0.617,0.0,0.653,LT,2024-06-12 00:00:00,3630.300048828125,0
10.0,0.0,5.2,19.002,19.002,2.16,1.0,1.0,1.0,0.0,0.0,-8.417,0.0,8.799,0.0,0.775,0.0,0.704,LT,2024-06-20 00:00:00,3594.449951171875,0
0.0,0.0,8.4,23.788,23.788,1.509,1.0,1.0,-1.0,0.0,0.0,-13.477,0.0,15.768,0.0,0.676,0.0,0.791,LT,2024-06-27 00:00:00,3564.39990234375,0
13.0,1.0,7.2,19.002,19.002,2.365,1.0,1.0,1.0,0.0,0.0,-7.795,1.0,8.033,0.0,0.528,0.0,0.809,LT,2024-07-04 00:00:00,3573.300048828125,0
10.0,0.0,2.6,5.214,5.214,7.908,2.0,2.0,1.0,0.0,0.0,-1.19,1.0,0.659,0.0,0.818,0.0,0.327,LT,2024-07-11 00:00:00,3621.10009765625,0
10.0,0.0,3.6,5.214,5.214,7.2,4.0,2.0,1.0,0.0,0.0,-1.023,0.0,0.724,0.0,1.246,0.0,0.328,LT,2024-07-19 00:00:00,3618.5,0
10.0,0.0,4.6,7.007,7.007,2.736,1.0,1.0,1.0,1.0,1.0,-2.554,0.0,2.561,0.0,1.594,0.0,0.368,LT,2024-07-26 00:00:00,3679.89990234375,0
10.0,0.0,5.6,10.454,10.454,34.847,2.0,1.0,1.0,1.0,1.0,-1.554,0.0,0.3,0.0,0.689,0.0,0.534,LT,2024-08-02 00:00:00,3665.699951171875,0
10.0,0.0,5.6,9.871,9.871,1.3,2.0,1.0,1.0,0.0,0.0,-7.434,0.0,7.593,0.0,0.744,0.0,0.495,LT,2024-08-09 00:00:00,3592.050048828125,0
10.0,0.0,6.6,9.871,9.871,1.239,2.0,1.0,1.0,0.0,0.0,-7.049,0.0,7.97,0.0,1.087,0.0,0.527,LT,2024-08-19 00:00:00,3555.050048828125,0
10.0,0.0,7.6,9.871,9.871,1.504,2.0,1.0,1.0,0.0,0.0,-6.262,0.0,6.562,0.0,0.74,0.0,0.564,LT,2024-08-26 00:00:00,3641.89990234375,0
10.0,0.0,8.6,9.871,9.871,2.196,2.0,1.0,1.0,0.0,0.0,-3.498,1.0,4.495,0.0,1.065,0.0,0.565,LT,2024-09-02 00:00:00,3683.10009765625,0
0.0,0.0,10.2,10.799,10.799,3.304,2.0,1.0,-1.0,0.0,0.0,-3.316,0.0,3.269,0.0,1.251,0.0,0.585,LT,2024-09-09 00:00:00,3578.300048828125,0
0.0,0.0,11.2,10.801,10.801,3.004,2.0,1.0,-1.0,0.0,0.0,-4.422,0.0,3.596,0.0,0.72,0.0,0.585,LT,2024-09-16 00:00:00,3662.25,0
0.0,0.0,12.2,10.802,10.802,1.255,2.0,1.0,-1.0,0.0,0.0,-9.65,0.0,8.604,0.0,2.226,0.0,0.577,LT,2024-09-23 00:00:00,3787.699951171875,1
10.0,0.0,7.8,8.74,8.74,3.482,2.0,2.0,1.0,0.0,0.0,-3.469,0.0,2.51,0.0,1.939,0.0,0.534,LT,2024-09-30 00:00:00,3675.550048828125,0
6.0,0.0,12.0,44.459,44.459,1.699,1.0,1.0,-1.0,1.0,0.0,-35.887,0.0,26.161,0.0,0.514,0.0,0.925,BHARTIARTL,2020-06-29 00:00:00,556.64892578125,0
1.0,0.0,5.2,9.728,9.728,2.546,2.0,1.0,1.0,1.0,1.0,-2.063,0.0,3.821,0.0,0.922,0.0,0.304,BHARTIARTL,2020-07-06 00:00:00,565.9738159179688,0
1.0,0.0,6.2,9.776,9.776,3.946,2.0,1.0,1.0,1.0,1.0,-3.2,0.0,2.477,0.0,0.642,0.0,0.317,BHARTIARTL,2020-07-13 00:00:00,575.98583984375,0
6.0,0.0,12.0,25.786,25.786,1.642,1.0,2.0,-1.0,1.0,0.0,-17.073,0.0,15.706,0.0,0.558,0.0,0.671,BHARTIARTL,2020-07-20 00:00:00,565.1395263671875,1
0.0,0.0,3.0,7.944,7.944,2.197,1.0,2.0,-1.0,0.0,0.0,-1.112,0.0,3.616,0.0,0.724,0.0,0.284,BHARTIARTL,2020-07-27 00:00:00,549.18896484375,0
0.0,0.0,4.0,9.901,9.901,3.267,1.0,2.0,-1.0,0.0,0.0,-2.173,0.0,3.03,0.0,0.925,0.0,0.328,BHARTIARTL,2020-08-03 00:00:00,537.2628784179688,0
0.0,0.0,5.0,9.989,9.989,2.125,1.0,2.0,-1.0,0.0,0.0,-3.269,0.0,4.702,0.0,0.52,0.0,0.354,BHARTIARTL,2020-08-10 00:00:00,548.5509643554688,1
0.0,0.0,6.0,13.603,13.603,7.637,1.0,2.0,-1.0,0.0,0.0,-0.83,0.0,1.781,0.0,1.266,0.0,0.476,BHARTIARTL,2020-08-17 00:00:00,511.7911071777344,0
0.0,0.0,7.0,15.286,15.286,50.952,1.0,2.0,-1.0,0.0,0.0,-0.824,0.0,0.3,0.0,1.48,0.0,0.545,BHARTIARTL,2020-08-24 00:00:00,517.1897583007812,0
6.0,0.0,12.0,16.964,16.964,14.557,1.0,2.0,-1.0,-1.0,1.0,-3.041,0.0,1.165,0.0,1.329,0.0,0.557,BHARTIARTL,2020-08-31 00:00:00,503.6440734863281,0
6.0,0.0,12.0,16.974,16.974,5.98,1.0,3.0,-1.0,0.0,0.0,-2.982,1.0,2.839,0.0,1.367,0.0,0.556,BHARTIARTL,2020-09-07 00:00:00,505.9507751464844,1
6.0,0.0,12.0,22.018,22.018,10.023,1.0,1.0,-1.0,-1.0,1.0,-0.635,0.0,2.197,0.0,0.757,0.0,0.682,BHARTIARTL,2020-09-14 00:00:00,465.3628234863281,0
6.0,0.0,12.0,25.983,25.983,41.452,1.0,2.0,-1.0,-1.0,1.0,-5.605,0.0,0.627,0.0,2.456,0.0,0.802,BHARTIARTL,2020-09-21 00:00:00,459.12982177734375,0
6.0,0.0,12.0,41.09,41.09,34.085,1.0,1.0,-1.0,-1.0,1.0,-5.647,0.0,1.206,0.0,1.38,0.0,1.0,BHARTIARTL,2020-09-28 00:00:00,435.4739685058594,0
6.0,0.0,12.0,42.561,42.561,13.843,1.0,2.0,-1.0,-1.0,1.0,-1.994,0.0,3.075,0.0,0.602,0.0,1.0,BHARTIARTL,2020-10-06 00:00:00,418.88543701171875,0
6.0,0.0,12.0,41.429,41.429,11.058,2.0,1.0,-1.0,-1.0,1.0,-0.777,0.0,3.747,0.0,0.571,0.0,1.0,BHARTIARTL,2020-10-13 00:00:00,407.64642333984375,0
6.0,0.0,12.0,46.882,46.882,26.827,1.0,2.0,-1.0,-1.0,1.0,-0.939,0.0,1.748,0.0,0.661,0.0,1.0,BHARTIARTL,2020-10-20 00:00:00,397.5362548828125,0
6.0,0.0,12.0,39.396,39.396,31.667,2.0,2.0,-1.0,-1.0,1.0,-10.165,0.0,1.244,0.0,0.455,0.0,1.0,BHARTIARTL,2020-10-27 00:00:00,425.3638000488281,0
5.0,0.0,12.0,30.599,30.599,1.381,1.0,2.0,1.0,-1.0,0.0,-19.044,0.0,22.162,0.0,0.989,0.0,1.0,BHARTIARTL,2020-11-03 00:00:00,446.22216796875,1
5.0,0.0,12.0,31.646,31.646,2.397,1.0,2.0,1.0,-1.0,0.0,-15.599,0.0,13.205,0.0,0.866,0.0,0.981,BHARTIARTL,2020-11-10 00:00:00,457.8047180175781,1
5.0,0.0,12.0,31.315,31.315,3.445,1.0,2.0,1.0,-1.0,0.0,-13.864,1.0,9.091,0.0,0.142,0.0,0.991,BHARTIARTL,2020-11-17 00:00:00,475.6202392578125,0
5.0,0.0,12.0,32.157,32.157,4.342,1.0,2.0,1.0,0.0,0.0,-14.624,1.0,7.406,0.0,0.373,0.0,0.995,BHARTIARTL,2020-11-24 00:00:00,465.5100402832031,0
1.0,0.0,11.0,20.967,20.967,3.061,3.0,2.0,1.0,0.0,0.0,-3.657,0.0,6.849,0.0,0.825,0.0,0.651,BHARTIARTL,2020-12-02 00:00:00,475.9637756347656,1
1.0,0.0,12.0,24.746,24.746,82.485,1.0,2.0,1.0,1.0,1.0,-2.45,1.0,0.3,0.0,0.874,0.0,0.771,BHARTIARTL,2020-12-09 00:00:00,493.779296875,0
5.0,0.0,12.0,24.246,24.246,20.041,1.0,2.0,1.0,1.0,1.0,-2.334,0.0,1.21,0.0,0.64,0.0,0.8,BHARTIARTL,2020-12-16 00:00:00,506.68695068359375,0
5.0,0.0,12.0,25.685,25.685,8.712,1.0,2.0,1.0,1.0,1.0,-4.249,0.0,2.948,0.0,1.143,0.0,0.887,BHARTIARTL,2020-12-23 00:00:00,497.8528137207031,0
6.0,0.0,12.0,31.166,31.166,1.376,2.0,2.0,-1.0,1.0,0.0,-31.003,0.0,22.648,0.0,0.578,0.0,0.942,BHARTIARTL,2020-12-31 00:00:00,500.3067321777344,0
1.0,0.0,3.8,9.695,9.695,2.695,1.0,1.0,1.0,1.0,1.0,-1.213,0.0,3.598,0.0,2.007,0.0,0.407,BHARTIARTL,2021-01-07 00:00:00,535.2015991210938,1
1.0,0.0,4.8,22.677,22.677,75.591,1.0,1.0,1.0,1.0,1.0,-3.897,1.0,0.3,0.0,4.29,0.0,0.829,BHARTIARTL,2021-01-14 00:00:00,569.85107421875,0
1.0,0.0,5.8,24.178,24.178,80.593,1.0,1.0,1.0,1.0,1.0,-2.375,0.0,0.3,0.0,0.648,0.0,0.886,BHARTIARTL,2021-01-21 00:00:00,570.6362915039062,0
1.0,0.0,6.8,24.011,24.011,80.037,1.0,1.0,1.0,1.0,1.0,-6.509,0.0,0.3,0.0,0.771,0.0,0.853,BHARTIARTL,2021-01-29 00:00:00,543.397705078125,0
5.0,0.0,12.0,27.364,27.364,33.202,2.0,3.0,1.0,1.0,1.0,-3.596,0.0,0.824,0.0,2.76,0.0,1.0,BHARTIARTL,2021-02-05 00:00:00,570.3909301757812,0
5.0,0.0,12.0,27.479,27.479,18.06,2.0,3.0,1.0,1.0,1.0,-3.997,0.0,1.521,0.0,0.958,0.0,0.996,BHARTIARTL,2021-02-12 00:00:00,575.4459838867188,0
6.0,0.0,12.0,34.655,34.655,1.328,2.0,3.0,-1.0,1.0,0.0,-28.431,0.0,26.094,0.0,1.083,0.0,1.0,BHARTIARTL,2021-02-19 00:00:00,570.6362915039062,0
6.0,0.0,12.0,30.728,30.728,1.497,2.0,2.0,-1.0,1.0,0.0,-22.184,0.0,20.53,0.0,0.781,0.0,0.924,BHARTIARTL,2021-02-26 00:00:00,546.0479736328125,0
6.0,0.0,12.0,28.397,28.397,3.326,2.0,1.0,-1.0,1.0,0.0,-12.382,0.0,8.538,0.0,0.728,0.0,0.859,BHARTIARTL,2021-03-05 00:00:00,522.9810180664062,0
6.0,0.0,12.0,27.673,27.673,8.631,2.0,1.0,-1.0,0.0,0.0,-9.174,0.0,3.206,0.0,0.473,0.0,0.847,BHARTIARTL,2021-03-15 00:00:00,513.2144165039062,0
6.0,0.0,12.0,24.566,24.566,4.523,2.0,1.0,-1.0,0.0,0.0,-6.33,0.0,5.432,0.0,2.007,0.0,0.76,BHARTIARTL,2021-03-22 00:00:00,518.2694702148438,0
6.0,0.0,12.0,24.22,24.22,8.122,2.0,1.0,-1.0,-1.0,1.0,-4.594,0.0,2.982,0.0,0.452,0.0,0.74,BHARTIARTL,2021-03-30 00:00:00,511.8892822265625,0
6.0,0.0,12.0,23.196,23.196,21.849,2.0,1.0,-1.0,-1.0,1.0,-6.536,0.0,1.062,0.0,0.543,0.0,0.736,BHARTIARTL,2021-04-07 00:00:00,531.6188354492188,0
5.0,0.0,12.0,21.264,21.264,2.149,2.0,1.0,1.0,-1.0,0.0,-13.941,0.0,9.896,0.0,0.302,0.0,0.768,BHARTIARTL,2021-04-15 00:00:00,529.4103393554688,0
1.0,0.0,5.6,8.999,8.999,1.58,2.0,1.0,1.0,-1.0,0.0,-3.438,0.0,5.697,0.0,0.519,0.0,0.396,BHARTIARTL,2021-04-23 00:00:00,512.968994140625,1
1.0,0.0,6.6,8.951,8.951,2.06,4.0,1.0,1.0,-1.0,0.0,-1.664,1.0,4.346,0.0,0.722,0.0,0.407,BHARTIARTL,2021-04-30 00:00:00,526.8582153320312,0
1.0,0.0,7.6,11.662,11.662,3.961,3.0,1.0,1.0,-1.0,0.0,-1.272,0.0,2.945,0.0,0.753,0.0,0.506,BHARTIARTL,2021-05-07 00:00:00,558.0231323242188,0
1.0,0.0,8.6,13.466,13.466,4.08,2.0,1.0,1.0,0.0,0.0,-2.877,0.0,3.301,0.0,0.653,0.0,0.598,BHARTIARTL,2021-05-17 00:00:00,539.5205078125,0
1.0,0.0,9.6,13.333,13.333,1.315,2.0,1.0,1.0,0.0,0.0,-7.981,0.0,10.14,0.0,0.84,0.0,0.59,BHARTIARTL,2021-05-24 00:00:00,517.0916137695312,1
10.0,0.0,6.4,10.139,10.139,1.034,2.0,5.0,1.0,0.0,0.0,-9.255,0.0,9.809,0.0,0.94,0.0,0.467,BHARTIARTL,2021-05-31 00:00:00,525.0423583984375,1
0.0,0.0,7.6,11.277,11.277,3.429,2.0,5.0,-1.0,0.0,0.0,-2.739,0.0,3.289,0.0,0.46,0.0,0.495,BHARTIARTL,2021-06-07 00:00:00,526.5637817382812,0
0.0,0.0,8.6,11.277,11.277,1.889,2.0,5.0,-1.0,0.0,0.0,-4.311,0.0,5.971,0.0,0.738,0.0,0.499,BHARTIARTL,2021-06-14 00:00:00,529.4103393554688,0
0.0,0.0,9.6,11.276,11.276,2.533,2.0,6.0,-1.0,0.0,0.0,-3.905,0.0,4.451,0.0,1.435,0.0,0.495,BHARTIARTL,2021-06-21 00:00:00,529.6557006835938,0
10.0,0.0,4.4,5.947,5.947,1.481,3.0,3.0,1.0,0.0,0.0,-2.974,0.0,4.016,0.0,0.589,0.0,0.339,BHARTIARTL,2021-06-28 00:00:00,521.4105224609375,1
10.0,0.0,5.4,5.947,5.947,1.041,3.0,4.0,1.0,0.0,0.0,-4.805,0.0,5.712,0.0,1.464,0.0,0.346,BHARTIARTL,2021-07-05 00:00:00,514.2941284179688,1
10.0,0.0,6.4,5.947,5.947,1.151,3.0,5.0,1.0,0.0,0.0,-2.765,0.0,5.168,0.0,0.83,0.0,0.351,BHARTIARTL,2021-07-12 00:00:00,519.8890991210938,1
10.0,0.0,7.4,5.947,5.947,1.284,3.0,5.0,1.0,0.0,0.0,-1.877,0.0,4.633,0.0,1.287,0.0,0.35,BHARTIARTL,2021-07-19 00:00:00,528.5269165039062,1
9.0,0.0,6.6,8.025,8.025,1.195,1.0,3.0,-1.0,0.0,0.0,-4.827,0.0,6.715,0.0,0.573,0.0,0.376,BHARTIARTL,2021-07-27 00:00:00,530.5881958007812,0
9.0,0.0,7.6,11.118,11.118,1.132,1.0,3.0,-1.0,1.0,0.0,-8.892,0.0,9.817,0.0,0.652,0.0,0.497,BHARTIARTL,2021-08-03 00:00:00,569.5075073242188,0
5.0,0.0,12.0,16.738,16.738,55.792,2.0,6.0,1.0,1.0,1.0,-3.191,0.0,0.3,0.0,0.817,0.0,0.826,BHARTIARTL,2021-08-10 00:00:00,610.7334594726562,0
5.0,0.0,12.0,19.762,19.762,61.121,1.0,5.0,1.0,1.0,1.0,-1.545,0.0,0.323,0.0,0.851,0.0,1.0,BHARTIARTL,2021-08-17 00:00:00,614.8070068359375,0
5.0,0.0,12.0,20.158,20.158,40.984,1.0,3.0,1.0,1.0,1.0,-3.711,0.0,0.492,0.0,0.481,0.0,0.941,BHARTIARTL,2021-08-25 00:00:00,601.1631469726562,0
5.0,0.0,12.0,22.453,22.453,3.818,1.0,3.0,1.0,1.0,1.0,-0.606,1.0,5.881,0.0,4.321,0.0,0.995,BHARTIARTL,2021-09-01 00:00:00,654.118896484375,0
5.0,0.0,12.0,24.085,24.085,7.162,1.0,3.0,1.0,1.0,1.0,-1.462,0.0,3.363,0.0,1.9,0.0,1.0,BHARTIARTL,2021-09-08 00:00:00,655.5421752929688,0
5.0,0.0,12.0,29.628,29.628,7.324,1.0,3.0,1.0,1.0,1.0,-1.286,0.0,4.045,0.0,3.511,0.0,1.0,BHARTIARTL,2021-09-16 00:00:00,705.35693359375,0
5.0,0.0,12.0,30.375,30.375,83.301,1.0,3.0,1.0,1.0,1.0,-1.89,0.0,0.365,0.0,0.929,0.0,1.0,BHARTIARTL,2021-09-23 00:00:00,713.4058227539062,0
5.0,0.0,12.0,32.794,32.794,45.986,1.0,7.0,1.0,1.0,1.0,-6.091,0.0,0.713,0.0,0.862,0.0,1.0,BHARTIARTL,2021-09-30 00:00:00,688.2999877929688,0
6.0,0.0,12.0,43.425,43.425,1.2,1.0,3.0,-1.0,1.0,0.0,-34.681,0.0,36.173,0.0,0.519,0.0,1.0,BHARTIARTL,2021-10-07 00:00:00,692.5,0
6.0,0.0,12.0,42.715,42.715,1.342,1.0,2.0,-1.0,1.0,0.0,-34.389,0.0,31.838,0.0,0.353,0.0,1.0,BHARTIARTL,2021-10-14 00:00:00,685.7999877929688,0
6.0,0.0,12.0,40.117,40.117,1.171,1.0,2.0,-1.0,1.0,0.0,-32.261,0.0,34.257,0.0,0.453,0.0,1.0,BHARTIARTL,2021-10-22 00:00:00,694.5,0
6.0,0.0,12.0,32.902,32.902,1.372,1.0,1.0,-1.0,1.0,0.0,-25.013,0.0,23.976,0.0,0.461,0.0,0.947,BHARTIARTL,2021-10-29 00:00:00,685.3499755859375,0
6.0,0.0,12.0,27.113,27.113,1.76,1.0,2.0,-1.0,1.0,0.0,-22.243,0.0,15.402,0.0,0.06,0.0,0.842,BHARTIARTL,2021-11-08 00:00:00,709.0,0
6.0,0.0,12.0,27.89,27.89,1.317,1.0,2.0,-1.0,1.0,0.0,-29.635,0.0,21.176,0.0,0.546,0.0,0.873,BHARTIARTL,2021-11-15 00:00:00,737.5499877929688,0
6.0,0.0,12.0,30.344,30.344,1.179,1.0,2.0,-1.0,1.0,0.0,-29.391,0.0,25.748,0.0,2.169,0.0,0.934,BHARTIARTL,2021-11-23 00:00:00,758.9000244140625,0
10.0,0.0,3.4,11.25,11.25,1.054,1.0,2.0,1.0,0.0,0.0,-10.067,0.0,10.674,0.0,0.784,0.0,0.427,BHARTIARTL,2021-12-14 00:00:00,691.5999755859375,0
0.0,0.0,5.0,20.074,20.074,66.913,1.0,1.0,-1.0,0.0,0.0,-2.038,1.0,0.3,0.0,1.036,0.0,0.722,BHARTIARTL,2021-12-21 00:00:00,667.0,0
0.0,0.0,6.0,20.265,20.265,36.016,1.0,1.0,-1.0,0.0,0.0,-4.751,0.0,0.563,0.0,0.349,0.0,0.763,BHARTIARTL,2021-12-28 00:00:00,680.0499877929688,0
17.0,1.0,5.0,15.944,15.944,3.147,1.0,1.0,-1.0,0.0,0.0,-7.162,0.0,5.067,0.0,0.366,0.0,0.681,BHARTIARTL,2022-01-04 00:00:00,697.4500122070312,0
17.0,1.0,5.0,11.695,11.695,2.122,2.0,1.0,-1.0,0.0,0.0,-9.278,0.0,5.51,0.0,0.481,0.0,0.585,BHARTIARTL,2022-01-11 00:00:00,703.4500122070312,0
1.0,0.0,6.2,12.589,12.589,41.963,3.0,1.0,1.0,0.0,0.0,-0.958,0.0,0.3,0.0,0.579,0.0,0.63,BHARTIARTL,2022-01-18 00:00:00,714.3499755859375,0
1.0,0.0,7.2,12.604,12.604,2.204,3.0,1.0,1.0,0.0,0.0,-6.219,0.0,5.718,0.0,1.505,0.0,0.597,BHARTIARTL,2022-01-25 00:00:00,711.8499755859375,0
20.0,1.0,7.6,16.077,16.077,1.889,1.0,1.0,-1.0,0.0,0.0,-12.083,0.0,8.511,0.0,0.614,0.0,0.66,BHARTIARTL,2022-02-02 00:00:00,725.0499877929688,0
1.0,0.0,5.0,9.877,9.877,0.857,1.0,1.0,1.0,0.0,0.0,-5.63,0.0,11.523,0.0,0.613,0.0,0.397,BHARTIARTL,2022-02-16 00:00:00,721.7999877929688,0
13.0,1.0,4.2,11.316,11.316,3.048,1.0,1.0,-1.0,0.0,0.0,-3.233,1.0,3.713,0.0,1.22,0.0,0.401,BHARTIARTL,2022-02-23 00:00:00,704.4000244140625,0
21.0,1.0,4.6,14.907,14.907,1.745,1.0,1.0,1.0,0.0,0.0,-10.577,0.0,8.542,0.0,1.411,0.0,0.58,BHARTIARTL,2022-03-03 00:00:00,672.0499877929688,1
6.0,0.0,12.0,16.631,16.631,17.692,1.0,1.0,-1.0,0.0,0.0,-8.216,0.0,0.94,0.0,1.323,0.0,0.663,BHARTIARTL,2022-03-10 00:00:00,697.75,0
21.0,1.0,6.6,15.792,15.792,4.957,1.0,1.0,1.0,0.0,0.0,-5.57,1.0,3.186,0.0,0.541,0.0,0.62,BHARTIARTL,2022-03-17 00:00:00,722.9000244140625,0
9.0,0.0,5.0,13.959,13.959,1.277,3.0,1.0,-1.0,0.0,0.0,-10.54,1.0,10.931,0.0,0.535,0.0,0.511,BHARTIARTL,2022-03-25 00:00:00,709.3499755859375,0
1.0,0.0,6.4,17.985,17.985,59.949,1.0,1.0,1.0,0.0,0.0,-1.942,0.0,0.3,0.0,1.052,0.0,0.713,BHARTIARTL,2022-04-01 00:00:00,758.5,0
1.0,0.0,7.4,19.47,19.47,64.901,2.0,1.0,1.0,1.0,1.0,-2.344,0.0,0.3,0.0,0.85,0.0,0.779,BHARTIARTL,2022-04-08 00:00:00,762.0999755859375,0
1.0,0.0,8.4,19.472,19.472,32.858,2.0,1.0,1.0,0.0,0.0,-6.558,0.0,0.593,0.0,1.328,0.0,0.796,BHARTIARTL,2022-04-19 00:00:00,723.5,0
20.0,1.0,9.0,20.305,20.305,3.138,2.0,1.0,-1.0,0.0,0.0,-15.704,0.0,6.47,0.0,0.531,0.0,0.813,BHARTIARTL,2022-04-26 00:00:00,756.2999877929688,0
0.0,0.0,6.0,11.388,11.388,5.375,2.0,1.0,-1.0,0.0,0.0,-6.233,1.0,2.118,0.0,0.622,0.0,0.492,BHARTIARTL,2022-05-04 00:00:00,722.4000244140625,1
0.0,0.0,7.0,11.296,11.296,37.652,2.0,1.0,-1.0,0.0,0.0,-3.124,0.0,0.3,0.0,1.077,0.0,0.486,BHARTIARTL,2022-05-11 00:00:00,722.8499755859375,0
0.0,0.0,8.0,13.666,13.666,45.554,2.0,1.0,-1.0,0.0,0.0,-4.031,0.0,0.3,0.0,0.76,0.0,0.576,BHARTIARTL,2022-05-18 00:00:00,696.1500244140625,0
0.0,0.0,9.0,15.141,15.141,50.468,2.0,1.0,-1.0,0.0,0.0,-1.55,0.0,0.3,0.0,0.619,0.0,0.634,BHARTIARTL,2022-05-25 00:00:00,688.2000122070312,0
0.0,0.0,10.0,15.021,15.021,50.07,2.0,1.0,-1.0,0.0,0.0,-4.844,0.0,0.3,0.0,6.174,0.0,0.634,BHARTIARTL,2022-06-01 00:00:00,694.6500244140625,0
6.0,0.0,12.0,16.467,16.467,54.891,2.0,1.0,-1.0,0.0,0.0,-2.613,0.0,0.3,0.0,1.213,0.0,0.657,BHARTIARTL,2022-06-08 00:00:00,663.2999877929688,0
6.0,0.0,12.0,18.415,18.415,17.088,2.0,2.0,-1.0,-1.0,1.0,-4.114,0.0,1.078,0.0,1.243,0.0,0.713,BHARTIARTL,2022-06-15 00:00:00,682.0999755859375,0
6.0,0.0,12.0,22.39,22.39,38.052,2.0,1.0,-1.0,-1.0,1.0,-3.169,0.0,0.588,0.0,0.487,0.0,0.811,BHARTIARTL,2022-06-22 00:00:00,642.8499755859375,0
5.0,0.0,12.0,19.314,19.314,1.782,2.0,1.0,1.0,-1.0,0.0,-12.751,0.0,10.837,0.0,0.468,0.0,0.844,BHARTIARTL,2022-06-29 00:00:00,687.7999877929688,0
5.0,0.0,12.0,17.603,17.603,1.635,2.0,1.0,1.0,-1.0,0.0,-10.919,0.0,10.766,0.0,0.515,0.0,0.78,BHARTIARTL,2022-07-06 00:00:00,693.9500122070312,0
1.0,0.0,4.8,9.003,9.003,1.887,3.0,1.0,1.0,-1.0,0.0,-4.823,0.0,4.771,0.0,1.25,0.0,0.407,BHARTIARTL,2022-07-13 00:00:00,643.5,1
5.0,0.0,12.0,17.559,17.559,1.425,3.0,1.0,1.0,-1.0,0.0,-11.641,1.0,12.323,0.0,1.097,0.0,0.769,BHARTIARTL,2022-07-20 00:00:00,670.6500244140625,1
9.0,0.0,3.8,10.188,10.188,3.506,3.0,1.0,-1.0,0.0,0.0,-8.803,0.0,2.905,0.0,0.795,0.0,0.468,BHARTIARTL,2022-07-27 00:00:00,674.9000244140625,0
1.0,0.0,4.6,10.506,10.506,35.019,2.0,1.0,1.0,0.0,0.0,-1.928,1.0,0.3,0.0,0.958,0.0,0.481,BHARTIARTL,2022-08-03 00:00:00,693.1500244140625,0
1.0,0.0,5.6,13.193,13.193,43.976,1.0,1.0,1.0,0.0,0.0,-0.383,1.0,0.3,0.0,1.844,0.0,0.615,BHARTIARTL,2022-08-11 00:00:00,709.7999877929688,0
1.0,0.0,6.6,15.961,15.961,53.205,1.0,1.0,1.0,0.0,0.0,-0.38,1.0,0.3,0.0,1.534,0.0,0.739,BHARTIARTL,2022-08-19 00:00:00,732.2999877929688,0
1.0,0.0,7.6,18.798,18.798,62.659,2.0,1.0,1.0,1.0,1.0,-1.75,0.0,0.3,0.0,1.348,0.0,0.829,BHARTIARTL,2022-08-26 00:00:00,730.8499755859375,0
1.0,0.0,8.6,18.927,18.927,63.091,2.0,1.0,1.0,1.0,1.0,-2.546,0.0,0.3,0.0,0.775,0.0,0.82,BHARTIARTL,2022-09-05 00:00:00,740.4000244140625,0
5.0,0.0,12.0,19.23,19.23,51.667,2.0,1.0,1.0,1.0,1.0,-1.321,0.0,0.372,0.0,0.514,0.0,0.894,BHARTIARTL,2022-09-12 00:00:00,769.1500244140625,0
5.0,0.0,12.0,20.766,20.766,50.594,4.0,1.0,1.0,1.0,1.0,-1.391,0.0,0.41,0.0,2.207,0.0,1.0,BHARTIARTL,2022-09-19 00:00:00,782.75,0
5.0,0.0,12.0,21.812,21.812,63.491,3.0,1.0,1.0,1.0,1.0,-3.218,0.0,0.344,0.0,0.981,0.0,1.0,BHARTIARTL,2022-09-26 00:00:00,755.0499877929688,0
5.0,0.0,12.0,22.534,22.534,4.688,1.0,1.0,1.0,1.0,1.0,-1.125,0.0,4.807,0.0,0.771,0.0,1.0,BHARTIARTL,2022-10-03 00:00:00,803.3499755859375,0
6.0,0.0,12.0,29.215,29.215,1.243,3.0,1.0,-1.0,1.0,0.0,-26.02,0.0,23.512,0.0,0.365,0.0,1.0,BHARTIARTL,2022-10-11 00:00:00,780.2999877929688,0
6.0,0.0,12.0,22.747,22.747,1.52,3.0,1.0,-1.0,1.0,0.0,-15.327,1.0,14.963,0.0,0.495,0.0,0.932,BHARTIARTL,2022-10-18 00:00:00,783.1500244140625,0
6.0,0.0,12.0,22.603,22.603,1.15,3.0,1.0,-1.0,1.0,0.0,-20.762,0.0,19.647,0.0,0.056,0.0,0.922,BHARTIARTL,2022-10-25 00:00:00,802.2999877929688,0
6.0,0.0,12.0,23.191,23.191,1.084,1.0,1.0,-1.0,1.0,0.0,-22.749,0.0,21.395,0.0,1.145,0.0,0.978,BHARTIARTL,2022-11-02 00:00:00,809.8499755859375,0
6.0,0.0,12.0,21.872,21.872,1.342,1.0,1.0,-1.0,1.0,0.0,-19.36,0.0,16.3,0.0,0.436,0.0,0.928,BHARTIARTL,2022-11-10 00:00:00,825.75,0
6.0,0.0,12.0,21.555,21.555,1.413,2.0,1.0,-1.0,1.0,0.0,-22.588,0.0,15.26,0.0,0.384,0.0,0.944,BHARTIARTL,2022-11-17 00:00:00,846.1500244140625,0
5.0,0.0,12.0,20.676,20.676,68.92,1.0,1.0,1.0,1.0,1.0,-2.01,0.0,0.3,0.0,0.538,0.0,1.0,BHARTIARTL,2022-11-24 00:00:00,848.3499755859375,0
5.0,0.0,12.0,20.542,20.542,10.796,2.0,1.0,1.0,1.0,1.0,-1.371,0.0,1.903,0.0,0.835,0.0,1.0,BHARTIARTL,2022-12-01 00:00:00,848.5999755859375,0
5.0,0.0,12.0,12.872,12.872,42.906,2.0,2.0,1.0,1.0,1.0,-3.085,0.0,0.3,0.0,0.63,0.0,0.718,BHARTIARTL,2022-12-08 00:00:00,832.5999755859375,0
6.0,0.0,12.0,13.714,13.714,1.812,2.0,2.0,-1.0,1.0,0.0,-10.09,0.0,7.569,0.0,1.324,0.0,0.709,BHARTIARTL,2022-12-15 00:00:00,826.3499755859375,0
6.0,0.0,12.0,14.218,14.218,1.376,2.0,2.0,-1.0,0.0,0.0,-8.072,0.0,10.33,0.0,0.951,0.0,0.709,BHARTIARTL,2022-12-22 00:00:00,816.5999755859375,0
6.0,0.0,12.0,12.535,12.535,9.545,2.0,2.0,-1.0,0.0,0.0,-5.784,0.0,1.313,0.0,0.581,0.0,0.688,BHARTIARTL,2022-12-29 00:00:00,820.75,0
6.0,0.0,12.0,12.905,12.905,2.508,2.0,3.0,-1.0,0.0,0.0,-6.837,0.0,5.145,0.0,0.634,0.0,0.661,BHARTIARTL,2023-01-05 00:00:00,807.0999755859375,0
6.0,0.0,12.0,14.225,14.225,7.723,2.0,1.0,-1.0,0.0,0.0,-1.849,1.0,1.842,0.0,5.492,0.0,0.676,BHARTIARTL,2023-01-12 00:00:00,756.9000244140625,0
6.0,0.0,12.0,14.024,14.024,31.565,2.0,4.0,-1.0,-1.0,1.0,-3.313,0.0,0.444,0.0,1.043,0.0,0.672,BHARTIARTL,2023-01-19 00:00:00,772.0,0
6.0,0.0,12.0,14.024,14.024,27.225,2.0,4.0,-1.0,-1.0,1.0,-3.306,0.0,0.515,0.0,1.203,0.0,0.674,BHARTIARTL,2023-01-27 00:00:00,774.5,0
9.0,0.0,2.2,3.699,3.699,1.236,2.0,2.0,-1.0,-1.0,1.0,-2.795,0.0,2.994,0.0,0.534,0.0,0.189,BHARTIARTL,2023-02-03 00:00:00,792.9000244140625,1
9.0,0.0,3.2,5.176,5.176,2.336,3.0,2.0,-1.0,-1.0,1.0,-1.328,0.0,2.215,0.0,1.095,0.0,0.264,BHARTIARTL,2023-02-10 00:00:00,771.9500122070312,0
5.0,0.0,12.0,12.772,12.772,1.599,1.0,4.0,1.0,-1.0,0.0,-8.785,1.0,7.986,0.0,0.66,0.0,0.68,BHARTIARTL,2023-02-17 00:00:00,776.7999877929688,0
5.0,0.0,12.0,11.967,11.967,1.171,3.0,4.0,1.0,-1.0,0.0,-10.578,0.0,10.223,0.0,0.796,0.0,0.639,BHARTIARTL,2023-02-24 00:00:00,757.0999755859375,0
5.0,0.0,12.0,13.122,13.122,1.129,2.0,2.0,1.0,-1.0,0.0,-12.419,0.0,11.626,0.0,0.933,0.0,0.672,BHARTIARTL,2023-03-03 00:00:00,764.4000244140625,1
5.0,0.0,12.0,13.221,13.221,1.879,1.0,2.0,1.0,0.0,0.0,-8.437,0.0,7.037,0.0,0.784,0.0,0.667,BHARTIARTL,2023-03-13 00:00:00,765.2999877929688,1
9.0,0.0,3.8,8.046,8.046,2.503,2.0,3.0,-1.0,-1.0,1.0,-2.915,0.0,3.214,0.0,1.784,0.0,0.382,BHARTIARTL,2023-03-20 00:00:00,754.7999877929688,0
9.0,0.0,4.8,8.046,8.046,1.897,2.0,3.0,-1.0,0.0,0.0,-3.622,0.0,4.24,0.0,0.486,0.0,0.414,BHARTIARTL,2023-03-27 00:00:00,761.75,0
10.0,0.0,4.2,7.447,7.447,1.378,1.0,3.0,1.0,0.0,0.0,-4.333,1.0,5.403,0.0,0.465,0.0,0.43,BHARTIARTL,2023-04-05 00:00:00,763.4500122070312,1
10.0,0.0,3.2,4.866,4.866,8.141,3.0,3.0,1.0,0.0,0.0,-0.67,0.0,0.598,0.0,1.031,0.0,0.319,BHARTIARTL,2023-04-13 00:00:00,767.0499877929688,0
10.0,0.0,4.2,6.516,6.516,7.063,1.0,3.0,1.0,0.0,0.0,-2.117,0.0,0.922,0.0,0.603,0.0,0.401,BHARTIARTL,2023-04-21 00:00:00,765.2000122070312,0
12.0,0.0,5.2,6.382,6.382,2.853,2.0,3.0,1.0,0.0,0.0,-0.342,0.0,2.237,0.0,1.005,0.0,0.395,BHARTIARTL,2023-04-28 00:00:00,799.2999877929688,0
12.0,0.0,6.2,8.612,8.612,7.766,1.0,3.0,1.0,0.0,0.0,-2.417,0.0,1.109,0.0,0.35,0.0,0.512,BHARTIARTL,2023-05-08 00:00:00,793.75,0
0.0,0.0,3.8,6.909,6.909,6.352,1.0,4.0,-1.0,0.0,0.0,-5.236,0.0,1.088,0.0,0.616,0.0,0.389,BHARTIARTL,2023-05-15 00:00:00,797.0499877929688,0
0.0,0.0,4.8,7.021,7.021,4.103,2.0,4.0,-1.0,1.0,0.0,-7.069,0.0,1.711,0.0,0.728,0.0,0.403,BHARTIARTL,2023-05-22 00:00:00,801.8499755859375,0
0.0,0.0,5.8,9.548,9.548,3.071,2.0,4.0,-1.0,0.0,0.0,-8.69,0.0,3.109,0.0,1.154,0.0,0.557,BHARTIARTL,2023-05-29 00:00:00,821.25,0
5.0,0.0,12.0,17.92,17.92,15.696,1.0,3.0,1.0,1.0,1.0,-5.879,0.0,1.142,0.0,1.219,0.0,1.0,BHARTIARTL,2023-06-05 00:00:00,834.5,0
5.0,0.0,12.0,17.984,17.984,32.945,1.0,3.0,1.0,1.0,1.0,-6.217,0.0,0.546,0.0,0.601,0.0,1.0,BHARTIARTL,2023-06-12 00:00:00,836.3499755859375,0
5.0,0.0,12.0,17.892,17.892,8.818,1.0,2.0,1.0,1.0,1.0,-5.733,0.0,2.029,0.0,0.922,0.0,1.0,BHARTIARTL,2023-06-19 00:00:00,828.1500244140625,0
5.0,0.0,12.0,17.536,17.536,11.145,1.0,2.0,1.0,1.0,1.0,-3.82,1.0,1.573,0.0,1.421,0.0,1.0,BHARTIARTL,2023-06-26 00:00:00,851.9500122070312,0
5.0,0.0,12.0,15.492,15.492,29.934,1.0,5.0,1.0,1.0,1.0,-1.08,0.0,0.518,0.0,0.607,0.0,0.979,BHARTIARTL,2023-07-04 00:00:00,865.1500244140625,0
5.0,0.0,12.0,15.479,15.479,6.718,2.0,4.0,1.0,1.0,1.0,-0.472,0.0,2.304,0.0,0.726,0.0,0.94,BHARTIARTL,2023-07-11 00:00:00,891.9000244140625,0
5.0,0.0,12.0,16.057,16.057,53.525,4.0,1.0,1.0,1.0,1.0,-2.069,0.0,0.3,0.0,0.953,0.0,0.983,BHARTIARTL,2023-07-18 00:00:00,875.4500122070312,0
5.0,0.0,12.0,13.849,13.849,16.735,5.0,2.0,1.0,1.0,1.0,-0.948,0.0,0.828,0.0,0.698,0.0,0.852,BHARTIARTL,2023-07-25 00:00:00,883.6500244140625,0
6.0,0.0,12.0,14.828,14.828,1.131,3.0,5.0,-1.0,1.0,0.0,-13.551,0.0,13.109,0.0,0.757,0.0,0.83,BHARTIARTL,2023-08-01 00:00:00,891.6500244140625,0
6.0,0.0,12.0,14.742,14.742,1.135,5.0,2.0,-1.0,1.0,0.0,-13.713,0.0,12.985,0.0,0.687,0.0,0.792,BHARTIARTL,2023-08-08 00:00:00,885.4000244140625,0
9.0,0.0,2.6,5.063,5.063,7.964,6.0,1.0,-1.0,0.0,0.0,-1.102,0.0,0.636,0.0,0.741,0.0,0.296,BHARTIARTL,2023-08-16 00:00:00,856.9500122070312,0
9.0,0.0,3.6,5.942,5.942,3.461,6.0,4.0,-1.0,0.0,0.0,-3.253,0.0,1.717,0.0,0.92,0.0,0.347,BHARTIARTL,2023-08-23 00:00:00,868.1500244140625,0
6.0,0.0,12.0,9.874,9.874,2.321,6.0,2.0,-1.0,0.0,0.0,-4.42,0.0,4.254,0.0,3.149,0.0,0.586,BHARTIARTL,2023-08-30 00:00:00,857.75,0
10.0,0.0,2.8,3.739,3.739,1.527,4.0,3.0,1.0,0.0,0.0,-1.597,0.0,2.449,0.0,0.477,0.0,0.267,BHARTIARTL,2023-09-06 00:00:00,880.2999877929688,1
10.0,0.0,3.8,5.62,5.62,18.732,2.0,3.0,1.0,0.0,0.0,-0.68,1.0,0.3,0.0,0.925,0.0,0.404,BHARTIARTL,2023-09-13 00:00:00,915.1500244140625,0
10.0,0.0,4.8,11.552,11.552,38.506,1.0,3.0,1.0,0.0,0.0,-4.005,0.0,0.3,0.0,1.072,0.0,0.704,BHARTIARTL,2023-09-21 00:00:00,917.9500122070312,0
10.0,0.0,5.8,11.552,11.552,38.506,1.0,3.0,1.0,0.0,0.0,-2.999,0.0,0.3,0.0,0.951,0.0,0.702,BHARTIARTL,2023-09-28 00:00:00,925.6500244140625,0
5.0,0.0,12.0,10.944,10.944,10.757,1.0,3.0,1.0,0.0,0.0,-2.092,0.0,1.017,0.0,1.528,0.0,0.713,BHARTIARTL,2023-10-06 00:00:00,926.0499877929688,0
5.0,0.0,12.0,11.548,11.548,32.761,3.0,3.0,1.0,0.0,0.0,-0.674,0.0,0.352,0.0,1.184,0.0,0.764,BHARTIARTL,2023-10-13 00:00:00,954.2000122070312,0
5.0,0.0,12.0,12.005,12.005,40.016,6.0,3.0,1.0,1.0,1.0,-1.802,0.0,0.3,0.0,0.952,0.0,0.804,BHARTIARTL,2023-10-20 00:00:00,945.2000122070312,0
5.0,0.0,12.0,12.377,12.377,13.89,6.0,3.0,1.0,0.0,0.0,-4.754,0.0,0.891,0.0,0.761,0.0,0.789,BHARTIARTL,2023-10-30 00:00:00,926.25,0
6.0,0.0,12.0,12.785,12.785,2.344,6.0,3.0,-1.0,0.0,0.0,-9.881,0.0,5.455,0.0,0.834,0.0,0.803,BHARTIARTL,2023-11-06 00:00:00,939.2000122070312,0
6.0,0.0,12.0,13.21,13.21,1.414,6.0,3.0,-1.0,1.0,0.0,-10.442,1.0,9.341,0.0,0.29,0.0,0.833,BHARTIARTL,2023-11-13 00:00:00,935.0,0
0.0,0.0,6.8,7.827,7.827,0.813,2.0,1.0,-1.0,1.0,0.0,-7.365,0.0,9.626,0.0,1.106,0.0,0.55,BHARTIARTL,2023-11-21 00:00:00,970.8499755859375,0
0.0,0.0,7.8,10.601,10.601,0.805,1.0,1.0,-1.0,1.0,0.0,-9.989,0.0,13.169,0.0,1.227,0.0,0.734,BHARTIARTL,2023-11-29 00:00:00,995.4000244140625,0
0.0,0.0,8.8,17.37,17.37,0.838,2.0,1.0,-1.0,1.0,0.0,-15.149,0.0,20.718,0.0,0.975,0.0,1.0,BHARTIARTL,2023-12-06 00:00:00,1024.449951171875,0
1.0,0.0,8.8,16.453,16.453,54.843,2.0,1.0,1.0,1.0,1.0,-4.847,0.0,0.3,0.0,1.525,0.0,1.0,BHARTIARTL,2023-12-13 00:00:00,999.9000244140625,0
5.0,0.0,12.0,15.226,15.226,50.753,2.0,1.0,1.0,1.0,1.0,-5.497,0.0,0.3,0.0,0.797,0.0,1.0,BHARTIARTL,2023-12-20 00:00:00,971.5499877929688,0
5.0,0.0,12.0,14.738,14.738,6.487,2.0,1.0,1.0,0.0,0.0,-2.366,0.0,2.272,0.0,0.997,0.0,1.0,BHARTIARTL,2023-12-28 00:00:00,1036.699951171875,0
5.0,0.0,12.0,14.538,14.538,10.866,4.0,1.0,1.0,1.0,1.0,-1.028,1.0,1.338,0.0,0.765,0.0,1.0,BHARTIARTL,2024-01-04 00:00:00,1047.9000244140625,1
5.0,0.0,12.0,16.736,16.736,24.034,1.0,1.0,1.0,1.0,1.0,-0.988,0.0,0.696,0.0,0.67,0.0,1.0,BHARTIARTL,2024-01-11 00:00:00,1062.8499755859375,0
5.0,0.0,12.0,20.415,20.415,34.349,1.0,1.0,1.0,1.0,1.0,-2.842,0.0,0.594,0.0,0.977,0.0,1.0,BHARTIARTL,2024-01-18 00:00:00,1087.050048828125,0
5.0,0.0,12.0,26.298,26.298,87.2,1.0,1.0,1.0,1.0,1.0,-3.34,0.0,0.302,0.0,2.182,0.0,1.0,BHARTIARTL,2024-01-29 00:00:00,1162.1500244140625,0
5.0,0.0,12.0,23.605,23.605,49.391,1.0,4.0,1.0,1.0,1.0,-4.152,0.0,0.478,0.0,0.956,0.0,1.0,BHARTIARTL,2024-02-05 00:00:00,1113.550048828125,0
5.0,0.0,12.0,23.821,23.821,66.713,1.0,2.0,1.0,1.0,1.0,-6.696,0.0,0.357,0.0,0.765,0.0,1.0,BHARTIARTL,2024-02-12 00:00:00,1118.699951171875,0
5.0,0.0,12.0,21.487,21.487,71.622,1.0,3.0,1.0,1.0,1.0,-6.717,0.0,0.3,0.0,0.562,0.0,1.0,BHARTIARTL,2024-02-19 00:00:00,1142.199951171875,0
6.0,0.0,12.0,24.176,24.176,1.764,1.0,1.0,-1.0,1.0,0.0,-17.266,0.0,13.708,0.0,1.182,0.0,1.0,BHARTIARTL,2024-02-26 00:00:00,1110.050048828125,0
6.0,0.0,12.0,23.491,23.491,2.069,1.0,1.0,-1.0,1.0,0.0,-17.573,0.0,11.352,0.0,1.029,0.0,1.0,BHARTIARTL,2024-03-04 00:00:00,1133.5,0
10.0,0.0,2.4,10.467,10.467,34.891,2.0,3.0,1.0,1.0,1.0,-1.781,0.0,0.3,0.0,0.966,0.0,0.402,BHARTIARTL,2024-03-12 00:00:00,1204.25,0
6.0,0.0,12.0,27.847,27.847,1.045,1.0,1.0,-1.0,1.0,0.0,-27.635,0.0,26.658,0.0,0.722,0.0,1.0,BHARTIARTL,2024-03-19 00:00:00,1228.3499755859375,0
6.0,0.0,12.0,22.957,22.957,1.206,4.0,1.0,-1.0,1.0,0.0,-20.467,0.0,19.032,0.0,1.782,0.0,0.895,BHARTIARTL,2024-03-27 00:00:00,1224.800048828125,0
5.0,0.0,12.0,17.741,17.741,5.999,5.0,1.0,1.0,1.0,1.0,-1.55,0.0,2.957,0.0,1.515,0.0,0.795,BHARTIARTL,2024-04-04 00:00:00,1206.8499755859375,1
5.0,0.0,12.0,15.731,15.731,9.366,5.0,1.0,1.0,0.0,0.0,-1.253,0.0,1.68,0.0,1.006,0.0,0.701,BHARTIARTL,2024-04-12 00:00:00,1225.550048828125,1
5.0,0.0,12.0,17.168,17.168,6.208,1.0,1.0,1.0,1.0,1.0,-0.578,0.0,2.766,0.0,1.891,0.0,0.784,BHARTIARTL,2024-04-22 00:00:00,1297.550048828125,0
5.0,0.0,12.0,19.333,19.333,64.087,2.0,3.0,1.0,1.0,1.0,-2.068,0.0,0.302,0.0,0.793,0.0,0.948,BHARTIARTL,2024-04-29 00:00:00,1332.449951171875,0
5.0,0.0,12.0,19.974,19.974,25.132,2.0,3.0,1.0,1.0,1.0,-5.214,0.0,0.795,0.0,0.81,0.0,0.933,BHARTIARTL,2024-05-07 00:00:00,1286.1500244140625,0
6.0,0.0,12.0,22.915,22.915,1.392,2.0,3.0,-1.0,1.0,0.0,-17.155,0.0,16.466,0.0,0.552,0.0,0.949,BHARTIARTL,2024-05-14 00:00:00,1284.300048828125,0
6.0,0.0,12.0,23.21,23.21,1.202,3.0,3.0,-1.0,1.0,0.0,-22.471,0.0,19.309,0.0,0.781,0.0,0.95,BHARTIARTL,2024-05-22 00:00:00,1347.9000244140625,0
6.0,0.0,12.0,27.746,27.746,1.112,1.0,3.0,-1.0,1.0,0.0,-24.754,0.0,24.945,0.0,0.302,0.0,1.0,BHARTIARTL,2024-05-29 00:00:00,1377.0999755859375,0
5.0,0.0,12.0,22.194,22.194,3.577,1.0,2.0,1.0,1.0,1.0,-8.501,0.0,6.205,0.0,2.729,0.0,0.935,BHARTIARTL,2024-06-05 00:00:00,1344.3499755859375,0
5.0,0.0,12.0,19.965,19.965,19.996,3.0,1.0,1.0,1.0,1.0,-0.654,0.0,0.998,0.0,0.588,0.0,0.894,BHARTIARTL,2024-06-12 00:00:00,1438.4000244140625,0
5.0,0.0,12.0,19.596,19.596,65.321,1.0,2.0,1.0,1.0,1.0,-4.368,0.0,0.3,0.0,1.152,0.0,0.86,BHARTIARTL,2024-06-20 00:00:00,1381.1500244140625,0
6.0,0.0,12.0,24.237,24.237,1.163,1.0,2.0,-1.0,1.0,0.0,-23.362,0.0,20.832,0.0,1.193,0.0,0.892,BHARTIARTL,2024-06-27 00:00:00,1475.800048828125,0
6.0,0.0,12.0,29.262,29.262,1.566,1.0,2.0,-1.0,1.0,0.0,-20.011,0.0,18.689,0.0,0.958,0.0,1.0,BHARTIARTL,2024-07-04 00:00:00,1423.050048828125,0
6.0,0.0,12.0,26.592,26.592,1.46,1.0,3.0,-1.0,1.0,0.0,-19.391,0.0,18.212,0.0,0.398,0.0,0.937,BHARTIARTL,2024-07-11 00:00:00,1437.949951171875,0
6.0,0.0,12.0,24.446,24.446,1.684,1.0,1.0,-1.0,1.0,0.0,-21.705,0.0,14.52,0.0,0.789,0.0,0.935,BHARTIARTL,2024-07-19 00:00:00,1461.75,0
0.0,0.0,5.8,11.076,11.076,36.922,1.0,2.0,-1.0,1.0,0.0,-5.558,0.0,0.3,0.0,0.505,0.0,0.504,BHARTIARTL,2024-07-26 00:00:00,1514.4000244140625,0
6.0,0.0,12.0,24.663,24.663,1.411,1.0,1.0,-1.0,1.0,0.0,-23.498,0.0,17.482,0.0,0.583,0.0,0.904,BHARTIARTL,2024-08-02 00:00:00,1493.800048828125,0
6.0,0.0,12.0,24.698,24.698,1.741,1.0,1.0,-1.0,0.0,0.0,-19.093,0.0,14.187,0.0,0.76,0.0,0.881,BHARTIARTL,2024-08-09 00:00:00,1464.0999755859375,0
10.0,0.0,3.6,6.715,6.715,1.8,2.0,2.0,1.0,1.0,1.0,-2.718,0.0,3.731,0.0,1.375,0.0,0.3,BHARTIARTL,2024-08-19 00:00:00,1469.6500244140625,1
0.0,0.0,5.2,7.228,7.228,1.098,2.0,2.0,-1.0,0.0,0.0,-5.915,0.0,6.582,0.0,1.147,0.0,0.317,BHARTIARTL,2024-08-26 00:00:00,1513.550048828125,0
0.0,0.0,6.2,13.139,13.139,0.956,1.0,2.0,-1.0,1.0,0.0,-11.7,0.0,13.741,0.0,5.81,0.0,0.578,BHARTIARTL,2024-09-02 00:00:00,1571.3499755859375,0
5.0,0.0,12.0,15.303,15.303,26.027,2.0,2.0,1.0,1.0,1.0,-4.299,0.0,0.588,0.0,0.729,0.0,0.736,BHARTIARTL,2024-09-09 00:00:00,1542.6500244140625,1
5.0,0.0,12.0,17.257,17.257,57.522,2.0,2.0,1.0,1.0,1.0,-1.236,0.0,0.3,0.0,0.745,0.0,0.868,BHARTIARTL,2024-09-16 00:00:00,1635.449951171875,0
5.0,0.0,12.0,18.399,18.399,6.884,1.0,2.0,1.0,1.0,1.0,-0.676,0.0,2.673,0.0,3.103,0.0,0.978,BHARTIARTL,2024-09-23 00:00:00,1750.449951171875,0
5.0,0.0,12.0,21.186,21.186,30.372,1.0,2.0,1.0,1.0,1.0,-2.496,0.0,0.698,0.0,1.127,0.0,1.0,BHARTIARTL,2024-09-30 00:00:00,1709.550048828125,0
5.0,0.0,12.0,34.859,34.859,33.491,1.0,1.0,1.0,1.0,1.0,-4.2,0.0,1.041,0.0,0.555,0.0,0.793,MARUTI,2020-06-29 00:00:00,5678.7001953125,0
1.0,0.0,4.4,13.17,13.17,3.381,2.0,1.0,1.0,1.0,1.0,-1.25,0.0,3.896,0.0,0.692,0.0,0.432,MARUTI,2020-07-06 00:00:00,6123.60009765625,0
1.0,0.0,5.4,16.939,16.939,3.857,2.0,1.0,1.0,1.0,1.0,-4.71,0.0,4.392,0.0,0.783,0.0,0.563,MARUTI,2020-07-13 00:00:00,5988.85009765625,1
6.0,0.0,12.0,31.272,31.272,2.017,2.0,1.0,-1.0,1.0,0.0,-27.644,0.0,15.508,0.0,0.471,0.0,0.798,MARUTI,2020-07-20 00:00:00,5867.5,0
0.0,0.0,4.8,10.304,10.304,2.671,2.0,2.0,-1.0,1.0,0.0,-6.207,0.0,3.858,0.0,0.642,0.0,0.371,MARUTI,2020-07-27 00:00:00,6043.2998046875,0
0.0,0.0,5.8,12.673,12.673,1.453,2.0,2.0,-1.0,1.0,0.0,-10.845,0.0,8.719,0.0,1.225,0.0,0.443,MARUTI,2020-08-03 00:00:00,6165.2001953125,0
0.0,0.0,6.8,18.593,18.593,1.315,1.0,2.0,-1.0,1.0,0.0,-18.212,0.0,14.135,0.0,1.15,0.0,0.622,MARUTI,2020-08-10 00:00:00,6608.89990234375,0
0.0,0.0,7.8,18.93,18.93,1.435,4.0,2.0,-1.0,1.0,0.0,-16.605,0.0,13.191,0.0,0.68,0.0,0.65,MARUTI,2020-08-17 00:00:00,6768.39990234375,0
0.0,0.0,8.8,23.565,23.565,1.334,1.0,2.0,-1.0,1.0,0.0,-23.416,0.0,17.661,0.0,0.743,0.0,0.831,MARUTI,2020-08-24 00:00:00,7082.5,0
5.0,0.0,12.0,27.797,27.797,26.103,3.0,1.0,1.0,1.0,1.0,-0.998,0.0,1.065,0.0,0.75,0.0,1.0,MARUTI,2020-08-31 00:00:00,6839.9501953125,0
5.0,0.0,12.0,26.883,26.883,8.589,1.0,2.0,1.0,1.0,1.0,-1.828,0.0,3.13,0.0,1.63,0.0,1.0,MARUTI,2020-09-07 00:00:00,7209.14990234375,0
5.0,0.0,12.0,23.631,23.631,78.769,2.0,2.0,1.0,1.0,1.0,-2.127,0.0,0.3,0.0,1.078,0.0,0.98,MARUTI,2020-09-14 00:00:00,7128.85009765625,0
6.0,0.0,12.0,29.935,29.935,1.156,2.0,1.0,-1.0,1.0,0.0,-23.27,0.0,25.891,0.0,0.908,0.0,0.979,MARUTI,2020-09-21 00:00:00,6626.9501953125,0
6.0,0.0,12.0,26.127,26.127,4.051,2.0,3.0,-1.0,1.0,0.0,-13.003,0.0,6.45,0.0,1.031,0.0,0.872,MARUTI,2020-09-28 00:00:00,6703.0,0
6.0,0.0,12.0,26.715,26.715,1.8,2.0,3.0,-1.0,1.0,0.0,-18.589,0.0,14.84,0.0,0.665,0.0,0.89,MARUTI,2020-10-06 00:00:00,6892.39990234375,0
6.0,0.0,12.0,26.21,26.21,1.194,2.0,1.0,-1.0,1.0,0.0,-22.792,0.0,21.943,0.0,0.65,0.0,0.856,MARUTI,2020-10-13 00:00:00,7032.89990234375,0
16.0,1.0,5.0,12.733,12.733,3.66,4.0,1.0,1.0,0.0,0.0,-1.812,0.0,3.479,0.0,1.472,0.0,0.51,MARUTI,2020-10-27 00:00:00,7158.39990234375,0
13.0,1.0,14.0,19.345,19.345,2.844,3.0,1.0,1.0,0.0,0.0,-6.552,0.0,6.801,0.0,0.879,0.0,0.783,MARUTI,2020-11-03 00:00:00,6913.35009765625,1
10.0,0.0,2.8,7.738,7.738,1.097,1.0,2.0,1.0,0.0,0.0,-6.272,0.0,7.051,0.0,1.197,0.0,0.299,MARUTI,2020-11-10 00:00:00,6793.4501953125,1
0.0,0.0,5.0,8.321,8.321,27.738,1.0,5.0,-1.0,0.0,0.0,-1.468,0.0,0.3,0.0,0.118,0.0,0.346,MARUTI,2020-11-17 00:00:00,6981.4501953125,0
0.0,0.0,6.0,8.258,8.258,17.042,1.0,5.0,-1.0,0.0,0.0,-3.475,0.0,0.485,0.0,0.674,0.0,0.355,MARUTI,2020-11-24 00:00:00,7158.39990234375,0
4.0,0.0,5.8,8.572,8.572,1.489,1.0,5.0,-1.0,0.0,0.0,-5.162,0.0,5.756,0.0,0.874,0.0,0.342,MARUTI,2020-12-02 00:00:00,7206.5,0
1.0,0.0,5.2,17.203,17.203,57.344,1.0,3.0,1.0,1.0,1.0,-3.125,0.0,0.3,0.0,1.389,0.0,0.705,MARUTI,2020-12-09 00:00:00,7709.25,0
1.0,0.0,6.2,17.098,17.098,56.992,1.0,3.0,1.0,1.0,1.0,-3.094,0.0,0.3,0.0,0.692,0.0,0.735,MARUTI,2020-12-16 00:00:00,7796.35009765625,0
1.0,0.0,7.2,16.994,16.994,6.008,1.0,3.0,1.0,0.0,0.0,-7.709,0.0,2.829,0.0,0.914,0.0,0.71,MARUTI,2020-12-23 00:00:00,7449.9501953125,0
5.0,0.0,12.0,16.552,16.552,6.889,1.0,5.0,1.0,1.0,1.0,-4.995,0.0,2.402,0.0,0.913,0.0,0.73,MARUTI,2020-12-31 00:00:00,7649.60009765625,0
5.0,0.0,12.0,16.517,16.517,17.237,1.0,5.0,1.0,1.0,1.0,-4.799,0.0,0.958,0.0,0.753,0.0,0.74,MARUTI,2021-01-07 00:00:00,7566.0498046875,0
5.0,0.0,12.0,19.36,19.36,54.624,2.0,5.0,1.0,1.0,1.0,-2.271,0.0,0.354,0.0,0.738,0.0,0.876,MARUTI,2021-01-14 00:00:00,8149.4501953125,0
5.0,0.0,12.0,19.348,19.348,5.535,2.0,3.0,1.0,1.0,1.0,-2.21,0.0,3.495,0.0,0.859,0.0,0.861,MARUTI,2021-01-21 00:00:00,8076.75,0
9.0,0.0,2.4,9.903,9.903,3.202,2.0,1.0,-1.0,1.0,0.0,-0.35,0.0,3.093,0.0,2.039,0.0,0.316,MARUTI,2021-01-29 00:00:00,7206.64990234375,0
9.0,0.0,3.4,15.197,15.197,50.656,2.0,2.0,-1.0,1.0,0.0,-6.823,0.0,0.3,0.0,0.954,0.0,0.444,MARUTI,2021-02-05 00:00:00,7494.14990234375,0
9.0,0.0,4.4,15.197,15.197,50.656,2.0,2.0,-1.0,1.0,0.0,-7.206,0.0,0.3,0.0,0.689,0.0,0.48,MARUTI,2021-02-12 00:00:00,7568.5,0
9.0,0.0,5.4,15.197,15.197,50.656,2.0,2.0,-1.0,0.0,0.0,-4.832,0.0,0.3,0.0,0.726,0.0,0.519,MARUTI,2021-02-19 00:00:00,7323.0,0
21.0,1.0,7.0,17.471,17.471,1.042,3.0,1.0,1.0,-1.0,0.0,-16.793,1.0,16.767,0.0,1.417,0.0,0.627,MARUTI,2021-02-26 00:00:00,6866.14990234375,0
6.0,0.0,12.0,21.128,21.128,34.56,3.0,1.0,-1.0,0.0,0.0,-4.535,1.0,0.611,0.0,0.811,0.0,0.75,MARUTI,2021-03-05 00:00:00,7249.0,0
21.0,1.0,8.4,18.137,18.137,1.209,2.0,1.0,1.0,0.0,0.0,-14.801,0.0,15.005,0.0,0.797,0.0,0.718,MARUTI,2021-03-15 00:00:00,7089.2998046875,0
1.0,0.0,6.8,13.506,13.506,2.987,3.0,1.0,1.0,-1.0,0.0,-8.789,0.0,4.521,0.0,0.74,0.0,0.536,MARUTI,2021-03-22 00:00:00,7101.25,0
6.0,0.0,12.0,23.196,23.196,13.745,3.0,2.0,-1.0,-1.0,1.0,-0.432,0.0,1.688,0.0,0.817,0.0,0.788,MARUTI,2021-03-30 00:00:00,6851.7998046875,0
5.0,0.0,12.0,21.266,21.266,1.902,3.0,3.0,1.0,-1.0,0.0,-18.942,0.0,11.182,0.0,0.562,0.0,0.798,MARUTI,2021-04-07 00:00:00,6865.0,0
5.0,0.0,12.0,22.568,22.568,1.094,2.0,1.0,1.0,-1.0,0.0,-17.961,0.0,20.623,0.0,0.946,0.0,0.943,MARUTI,2021-04-15 00:00:00,6644.25,0
5.0,0.0,12.0,23.438,23.438,1.236,2.0,1.0,1.0,-1.0,0.0,-19.955,0.0,18.965,0.0,0.629,0.0,0.994,MARUTI,2021-04-23 00:00:00,6676.10009765625,0
6.0,0.0,12.0,21.079,21.079,16.919,3.0,1.0,-1.0,-1.0,1.0,-2.348,0.0,1.246,0.0,0.717,0.0,0.778,MARUTI,2021-04-30 00:00:00,6455.64990234375,0
5.0,0.0,12.0,18.668,18.668,1.523,1.0,3.0,1.0,-1.0,0.0,-14.519,0.0,12.256,0.0,0.543,0.0,0.852,MARUTI,2021-05-07 00:00:00,6703.0498046875,0
5.0,0.0,12.0,18.485,18.485,1.611,1.0,3.0,1.0,0.0,0.0,-13.625,0.0,11.473,0.0,0.698,0.0,0.876,MARUTI,2021-05-17 00:00:00,6717.85009765625,0
10.0,0.0,4.6,6.835,6.835,10.369,6.0,3.0,1.0,0.0,0.0,-0.719,0.0,0.659,0.0,0.584,0.0,0.353,MARUTI,2021-05-24 00:00:00,6871.60009765625,1
10.0,0.0,5.6,9.854,9.854,32.847,3.0,3.0,1.0,0.0,0.0,-1.4,0.0,0.3,0.0,0.536,0.0,0.518,MARUTI,2021-05-31 00:00:00,7086.2998046875,0
5.0,0.0,12.0,13.616,13.616,10.082,1.0,3.0,1.0,0.0,0.0,-2.332,0.0,1.351,0.0,0.743,0.0,0.679,MARUTI,2021-06-07 00:00:00,7275.64990234375,0
5.0,0.0,12.0,13.379,13.379,25.841,2.0,3.0,1.0,0.0,0.0,-1.936,0.0,0.518,0.0,0.35,0.0,0.692,MARUTI,2021-06-14 00:00:00,7177.85009765625,0
10.0,0.0,8.6,14.236,14.236,47.452,2.0,3.0,1.0,0.0,0.0,-5.526,0.0,0.3,0.0,1.236,0.0,0.777,MARUTI,2021-06-21 00:00:00,6899.89990234375,0
5.0,0.0,12.0,16.538,16.538,11.606,1.0,3.0,1.0,1.0,1.0,-0.209,0.0,1.425,0.0,1.646,0.0,0.897,MARUTI,2021-06-28 00:00:00,7596.25,0
5.0,0.0,12.0,17.138,17.138,47.545,2.0,3.0,1.0,1.0,1.0,-1.613,1.0,0.36,0.0,0.604,0.0,0.932,MARUTI,2021-07-05 00:00:00,7599.4501953125,0
5.0,0.0,12.0,17.48,17.48,15.772,3.0,3.0,1.0,1.0,1.0,-3.537,0.0,1.108,0.0,0.58,0.0,0.968,MARUTI,2021-07-12 00:00:00,7470.10009765625,0
6.0,0.0,12.0,19.442,19.442,1.976,3.0,2.0,-1.0,1.0,0.0,-14.118,0.0,9.84,0.0,0.435,0.0,1.0,MARUTI,2021-07-19 00:00:00,7165.5498046875,0
6.0,0.0,12.0,20.106,20.106,1.435,3.0,2.0,-1.0,1.0,0.0,-13.059,0.0,14.009,0.0,0.729,0.0,1.0,MARUTI,2021-07-27 00:00:00,7240.25,0
0.0,0.0,7.8,12.076,12.076,40.255,3.0,2.0,-1.0,0.0,0.0,-3.752,0.0,0.3,0.0,0.732,0.0,0.653,MARUTI,2021-08-03 00:00:00,7199.39990234375,0
6.0,0.0,12.0,14.892,14.892,2.237,3.0,3.0,-1.0,0.0,0.0,-5.736,0.0,6.656,0.0,0.449,0.0,0.77,MARUTI,2021-08-10 00:00:00,7001.9501953125,0
6.0,0.0,12.0,13.125,13.125,4.687,3.0,3.0,-1.0,0.0,0.0,-0.365,0.0,2.8,0.0,1.304,0.0,0.68,MARUTI,2021-08-17 00:00:00,6885.39990234375,0
6.0,0.0,12.0,14.073,14.073,19.619,3.0,2.0,-1.0,0.0,0.0,-0.929,1.0,0.717,0.0,1.138,0.0,0.718,MARUTI,2021-08-25 00:00:00,6711.4501953125,0
6.0,0.0,12.0,16.17,16.17,42.741,3.0,2.0,-1.0,0.0,0.0,-3.87,0.0,0.378,0.0,1.551,0.0,0.829,MARUTI,2021-09-01 00:00:00,6784.89990234375,0
6.0,0.0,12.0,16.097,16.097,20.986,3.0,2.0,-1.0,-1.0,1.0,-4.342,0.0,0.767,0.0,1.146,0.0,0.811,MARUTI,2021-09-08 00:00:00,6781.25,0
1.0,0.0,6.6,9.584,9.584,31.948,2.0,2.0,1.0,-1.0,0.0,-4.685,0.0,0.3,0.0,0.445,0.0,0.522,MARUTI,2021-09-16 00:00:00,6930.9501953125,0
1.0,0.0,7.6,9.682,9.682,32.274,2.0,2.0,1.0,-1.0,0.0,-5.761,0.0,0.3,0.0,0.78,0.0,0.53,MARUTI,2021-09-23 00:00:00,6846.7001953125,1
10.0,0.0,2.8,11.063,11.063,36.876,1.0,2.0,1.0,0.0,0.0,-1.828,0.0,0.3,0.0,0.715,0.0,0.555,MARUTI,2021-09-30 00:00:00,7338.0498046875,0
5.0,0.0,12.0,13.371,13.371,3.266,1.0,2.0,1.0,0.0,0.0,-5.146,0.0,4.094,0.0,1.038,0.0,0.752,MARUTI,2021-10-07 00:00:00,7492.5,0
5.0,0.0,12.0,16.356,16.356,26.838,1.0,2.0,1.0,1.0,1.0,-4.257,0.0,0.609,0.0,1.452,0.0,0.84,MARUTI,2021-10-14 00:00:00,7496.89990234375,0
5.0,0.0,12.0,16.155,16.155,13.56,1.0,2.0,1.0,1.0,1.0,-3.065,0.0,1.191,0.0,0.732,0.0,0.813,MARUTI,2021-10-22 00:00:00,7408.89990234375,0
5.0,0.0,12.0,16.606,16.606,9.089,1.0,2.0,1.0,0.0,0.0,-5.696,0.0,1.827,0.0,1.274,0.0,0.791,MARUTI,2021-10-29 00:00:00,7482.39990234375,0
5.0,0.0,12.0,17.025,17.025,56.75,1.0,2.0,1.0,1.0,1.0,-2.056,0.0,0.3,0.0,0.068,0.0,0.825,MARUTI,2021-11-08 00:00:00,7684.60009765625,0
6.0,0.0,12.0,19.156,19.156,2.003,2.0,2.0,-1.0,1.0,0.0,-13.486,0.0,9.565,0.0,0.446,0.0,0.815,MARUTI,2021-11-15 00:00:00,7503.10009765625,0
6.0,0.0,12.0,26.477,26.477,1.204,2.0,2.0,-1.0,1.0,0.0,-19.32,0.0,21.998,0.0,0.785,0.0,0.984,MARUTI,2021-11-23 00:00:00,7854.0,0
6.0,0.0,12.0,24.549,24.549,3.918,2.0,2.0,-1.0,1.0,0.0,-6.672,0.0,6.265,0.0,0.875,0.0,0.867,MARUTI,2021-11-30 00:00:00,7067.7998046875,0
6.0,0.0,12.0,24.007,24.007,3.888,2.0,3.0,-1.0,0.0,0.0,-4.493,0.0,6.175,0.0,0.726,0.0,0.827,MARUTI,2021-12-07 00:00:00,7186.60009765625,0
17.0,1.0,5.0,19.632,19.632,2.458,2.0,3.0,-1.0,0.0,0.0,-7.52,0.0,7.987,0.0,0.999,0.0,0.596,MARUTI,2021-12-14 00:00:00,7493.14990234375,0
0.0,0.0,8.6,20.133,20.133,2.866,2.0,3.0,-1.0,0.0,0.0,-4.233,1.0,7.024,0.0,1.084,0.0,0.632,MARUTI,2021-12-21 00:00:00,7315.14990234375,0
0.0,0.0,9.6,20.281,20.281,2.556,2.0,3.0,-1.0,0.0,0.0,-4.274,0.0,7.935,0.0,0.254,0.0,0.653,MARUTI,2021-12-28 00:00:00,7297.4501953125,0
13.0,1.0,6.4,16.459,16.459,1.453,1.0,3.0,1.0,0.0,0.0,-10.087,0.0,11.329,0.0,0.686,0.0,0.685,MARUTI,2022-01-04 00:00:00,7630.10009765625,1
13.0,1.0,7.4,16.459,16.459,3.103,1.0,3.0,1.0,1.0,1.0,-2.897,1.0,5.304,0.0,1.245,0.0,0.689,MARUTI,2022-01-11 00:00:00,8143.85009765625,0
13.0,1.0,8.4,16.47,16.47,5.144,2.0,3.0,1.0,0.0,0.0,-1.236,0.0,3.201,0.0,1.321,0.0,0.694,MARUTI,2022-01-18 00:00:00,7915.14990234375,0
5.0,0.0,12.0,23.144,23.144,9.506,2.0,3.0,1.0,1.0,1.0,-4.595,0.0,2.435,0.0,1.049,0.0,0.848,MARUTI,2022-02-02 00:00:00,8515.25,0
5.0,0.0,12.0,23.036,23.036,12.123,2.0,3.0,1.0,1.0,1.0,-4.149,1.0,1.9,0.0,1.257,0.0,0.82,MARUTI,2022-02-09 00:00:00,8949.4501953125,0
5.0,0.0,12.0,23.882,23.882,7.736,1.0,3.0,1.0,1.0,1.0,-4.722,0.0,3.087,0.0,0.913,0.0,0.875,MARUTI,2022-02-16 00:00:00,8582.9501953125,0
5.0,0.0,12.0,23.594,23.594,8.55,1.0,3.0,1.0,1.0,1.0,-4.72,0.0,2.76,0.0,0.862,0.0,0.883,MARUTI,2022-02-23 00:00:00,8698.849609375,0
0.0,0.0,3.8,15.76,15.76,32.974,1.0,1.0,-1.0,1.0,0.0,-0.647,0.0,0.478,0.0,2.232,0.0,0.495,MARUTI,2022-03-03 00:00:00,7595.5498046875,0
0.0,0.0,4.8,31.088,31.088,103.626,1.0,1.0,-1.0,0.0,0.0,-7.501,0.0,0.3,0.0,1.695,0.0,0.91,MARUTI,2022-03-10 00:00:00,7211.7998046875,0
0.0,0.0,5.8,31.379,31.379,104.596,1.0,1.0,-1.0,0.0,0.0,-14.522,0.0,0.3,0.0,0.536,0.0,0.94,MARUTI,2022-03-17 00:00:00,7693.0,0
7.0,0.0,1.0,13.544,13.544,45.148,1.0,1.0,1.0,0.0,0.0,0.502,0.0,0.3,0.0,0.253,0.0,0.321,MARUTI,2022-03-25 00:00:00,7415.4501953125,0
7.0,0.0,1.0,13.544,13.544,45.148,1.0,1.0,1.0,-1.0,0.0,0.56,0.0,0.3,0.0,0.194,0.0,0.321,MARUTI,2022-04-01 00:00:00,7700.0498046875,0
7.0,0.0,1.0,13.544,13.544,45.148,1.0,1.0,1.0,0.0,0.0,1.613,0.0,0.3,0.0,0.205,0.0,0.321,MARUTI,2022-04-08 00:00:00,7557.9501953125,0
9.0,0.0,3.8,7.921,7.921,2.734,1.0,2.0,-1.0,-1.0,1.0,-2.971,1.0,2.898,0.0,0.882,0.0,0.312,MARUTI,2022-04-19 00:00:00,7435.10009765625,0
5.0,0.0,12.0,29.217,29.217,3.171,1.0,1.0,1.0,-1.0,0.0,-12.571,0.0,9.213,0.0,0.75,0.0,0.981,MARUTI,2022-04-26 00:00:00,7906.75,0
5.0,0.0,12.0,29.517,29.517,2.589,1.0,1.0,1.0,-1.0,0.0,-15.638,0.0,11.402,0.0,0.624,0.0,1.0,MARUTI,2022-05-04 00:00:00,7397.89990234375,0
10.0,0.0,6.0,11.867,11.867,1.705,1.0,2.0,1.0,-1.0,0.0,-6.837,0.0,6.96,0.0,1.099,0.0,0.452,MARUTI,2022-05-11 00:00:00,7396.4501953125,1
0.0,0.0,5.6,14.301,14.301,1.807,1.0,1.0,-1.0,-1.0,1.0,-6.661,0.0,7.913,0.0,1.3,0.0,0.452,MARUTI,2022-05-18 00:00:00,7566.5498046875,0
0.0,0.0,6.6,14.475,14.475,1.007,1.0,1.0,-1.0,1.0,0.0,-10.482,0.0,14.374,0.0,0.918,0.0,0.472,MARUTI,2022-05-25 00:00:00,7787.25,0
13.0,1.0,5.0,12.862,12.862,6.195,3.0,1.0,1.0,1.0,1.0,-1.65,0.0,2.076,0.0,3.587,0.0,0.512,MARUTI,2022-06-01 00:00:00,7939.39990234375,0
20.0,1.0,4.4,14.693,14.693,1.37,3.0,1.0,-1.0,0.0,0.0,-10.578,0.0,10.728,0.0,1.451,0.0,0.531,MARUTI,2022-06-08 00:00:00,7892.4501953125,0
0.0,0.0,3.4,7.253,7.253,1.408,3.0,2.0,-1.0,0.0,0.0,-3.397,0.0,5.15,0.0,0.776,0.0,0.3,MARUTI,2022-06-15 00:00:00,7853.4501953125,0
10.0,0.0,3.8,6.728,6.728,1.148,3.0,2.0,1.0,0.0,0.0,-3.943,0.0,5.862,0.0,1.197,0.0,0.295,MARUTI,2022-06-22 00:00:00,7782.75,1
10.0,0.0,3.2,12.358,12.358,41.192,2.0,1.0,1.0,1.0,1.0,-0.667,0.0,0.3,0.0,0.761,0.0,0.5,MARUTI,2022-06-29 00:00:00,8508.900390625,0
5.0,0.0,12.0,18.832,18.832,62.774,1.0,1.0,1.0,1.0,1.0,-3.311,1.0,0.3,0.0,0.833,0.0,0.775,MARUTI,2022-07-06 00:00:00,8630.0498046875,0
5.0,0.0,12.0,19.45,19.45,37.69,2.0,1.0,1.0,1.0,1.0,-3.222,0.0,0.516,0.0,0.577,0.0,0.822,MARUTI,2022-07-13 00:00:00,8440.2001953125,0
5.0,0.0,12.0,20.43,20.43,36.791,3.0,1.0,1.0,1.0,1.0,-1.438,0.0,0.555,0.0,0.663,0.0,0.931,MARUTI,2022-07-20 00:00:00,8749.0498046875,0
5.0,0.0,12.0,21.425,21.425,33.517,3.0,1.0,1.0,1.0,1.0,-4.085,0.0,0.639,0.0,0.614,0.0,0.972,MARUTI,2022-07-27 00:00:00,8658.099609375,0
5.0,0.0,12.0,23.269,23.269,9.744,1.0,1.0,1.0,1.0,1.0,-0.259,0.0,2.388,0.0,1.166,0.0,1.0,MARUTI,2022-08-03 00:00:00,8959.4501953125,0
5.0,0.0,12.0,20.404,20.404,33.739,1.0,1.0,1.0,1.0,1.0,-3.448,0.0,0.605,0.0,0.614,0.0,0.986,MARUTI,2022-08-11 00:00:00,8813.849609375,0
6.0,0.0,12.0,21.084,21.084,1.34,1.0,2.0,-1.0,1.0,0.0,-18.434,0.0,15.733,0.0,0.612,0.0,0.874,MARUTI,2022-08-19 00:00:00,8778.9501953125,0
0.0,0.0,4.6,8.344,8.344,27.812,1.0,3.0,-1.0,1.0,0.0,-3.261,0.0,0.3,0.0,0.81,0.0,0.359,MARUTI,2022-08-26 00:00:00,8720.599609375,0
0.0,0.0,5.6,8.664,8.664,3.504,2.0,3.0,-1.0,1.0,0.0,-5.433,0.0,2.473,0.0,0.967,0.0,0.364,MARUTI,2022-09-05 00:00:00,8950.0498046875,0
6.0,0.0,12.0,20.481,20.481,1.416,2.0,3.0,-1.0,0.0,0.0,-17.322,0.0,14.459,0.0,0.919,0.0,0.843,MARUTI,2022-09-12 00:00:00,8927.650390625,0
1.0,0.0,4.8,8.084,8.084,1.933,2.0,4.0,1.0,1.0,1.0,-1.451,0.0,4.181,0.0,1.711,0.0,0.392,MARUTI,2022-09-19 00:00:00,9280.849609375,0
1.0,0.0,5.8,9.341,9.341,4.066,3.0,4.0,1.0,1.0,1.0,-1.138,0.0,2.297,0.0,0.935,0.0,0.45,MARUTI,2022-09-26 00:00:00,8834.9501953125,0
1.0,0.0,6.8,9.322,9.322,0.876,3.0,4.0,1.0,0.0,0.0,-6.59,0.0,10.641,0.0,1.042,0.0,0.426,MARUTI,2022-10-03 00:00:00,8547.0,1
1.0,0.0,7.8,9.742,9.742,0.94,3.0,1.0,1.0,0.0,0.0,-6.228,0.0,10.365,0.0,0.656,0.0,0.447,MARUTI,2022-10-11 00:00:00,8684.150390625,1
1.0,0.0,8.8,9.66,9.66,0.802,3.0,1.0,1.0,0.0,0.0,-7.694,0.0,12.051,0.0,0.512,0.0,0.457,MARUTI,2022-10-18 00:00:00,8807.349609375,1
0.0,0.0,7.4,11.026,11.026,3.7,3.0,1.0,-1.0,0.0,0.0,-3.002,0.0,2.98,0.0,0.054,0.0,0.478,MARUTI,2022-10-25 00:00:00,9005.0,0
0.0,0.0,8.4,14.809,14.809,1.109,1.0,1.0,-1.0,0.0,0.0,-11.1,0.0,13.35,0.0,1.27,0.0,0.604,MARUTI,2022-11-02 00:00:00,9229.400390625,0
1.0,0.0,8.2,12.784,12.784,2.003,1.0,1.0,1.0,1.0,1.0,-5.277,1.0,6.382,0.0,0.96,0.0,0.601,MARUTI,2022-11-10 00:00:00,9097.25,0
0.0,0.0,7.2,13.166,13.166,43.886,1.0,1.0,-1.0,0.0,0.0,-7.344,0.0,0.3,0.0,0.588,0.0,0.625,MARUTI,2022-11-17 00:00:00,8986.4501953125,0
1.0,0.0,10.2,12.614,12.614,1.167,1.0,1.0,1.0,0.0,0.0,-8.542,1.0,10.811,0.0,1.029,0.0,0.639,MARUTI,2022-11-24 00:00:00,8967.099609375,0
20.0,1.0,9.2,14.33,14.33,5.38,1.0,1.0,-1.0,0.0,0.0,-5.454,0.0,2.663,0.0,1.845,0.0,0.674,MARUTI,2022-12-01 00:00:00,8958.150390625,0
13.0,1.0,7.2,14.03,14.03,6.648,1.0,1.0,-1.0,-1.0,1.0,-1.075,0.0,2.11,0.0,0.904,0.0,0.742,MARUTI,2022-12-08 00:00:00,8682.7001953125,0
13.0,1.0,8.2,14.634,14.634,11.33,1.0,2.0,-1.0,0.0,0.0,-1.483,0.0,1.292,0.0,0.584,0.0,0.79,MARUTI,2022-12-15 00:00:00,8584.150390625,0
6.0,0.0,12.0,17.732,17.732,6.838,1.0,1.0,-1.0,0.0,0.0,-0.749,0.0,2.593,0.0,1.362,0.0,0.846,MARUTI,2022-12-22 00:00:00,8334.349609375,0
6.0,0.0,12.0,20.104,20.104,52.171,1.0,1.0,-1.0,0.0,0.0,-4.272,0.0,0.385,0.0,0.952,0.0,1.0,MARUTI,2022-12-29 00:00:00,8435.7998046875,0
6.0,0.0,12.0,20.1,20.1,14.818,1.0,1.0,-1.0,0.0,0.0,-4.294,0.0,1.356,0.0,1.02,0.0,1.0,MARUTI,2023-01-05 00:00:00,8461.099609375,0
6.0,0.0,12.0,20.435,20.435,33.724,1.0,1.0,-1.0,-1.0,1.0,-2.58,0.0,0.606,0.0,0.581,0.0,1.0,MARUTI,2023-01-12 00:00:00,8369.2001953125,0
5.0,0.0,12.0,18.8,18.8,3.131,1.0,1.0,1.0,-1.0,0.0,-13.051,0.0,6.004,0.0,0.698,0.0,1.0,MARUTI,2023-01-19 00:00:00,8501.650390625,0
9.0,0.0,3.2,7.078,7.078,1.0,1.0,3.0,-1.0,-1.0,1.0,-6.485,0.0,7.078,0.0,2.208,0.0,0.431,MARUTI,2023-01-27 00:00:00,8737.5,0
9.0,0.0,4.2,9.471,9.471,1.131,1.0,3.0,-1.0,0.0,0.0,-7.528,0.0,8.375,0.0,0.814,0.0,0.506,MARUTI,2023-02-03 00:00:00,8942.2998046875,0
5.0,0.0,12.0,12.169,12.169,3.818,1.0,1.0,1.0,0.0,0.0,-4.018,0.0,3.188,0.0,0.736,0.0,0.757,MARUTI,2023-02-10 00:00:00,8811.349609375,0
5.0,0.0,12.0,11.465,11.465,5.805,2.0,1.0,1.0,0.0,0.0,-3.284,0.0,1.975,0.0,0.481,0.0,0.725,MARUTI,2023-02-17 00:00:00,8807.75,0
0.0,0.0,5.2,7.276,7.276,24.254,1.0,3.0,-1.0,0.0,0.0,-3.8,0.0,0.3,0.0,0.703,0.0,0.452,MARUTI,2023-02-24 00:00:00,8660.5,0
9.0,0.0,4.4,6.011,6.011,5.323,1.0,2.0,-1.0,0.0,0.0,-0.466,0.0,1.129,0.0,1.755,0.0,0.358,MARUTI,2023-03-03 00:00:00,8601.25,0
9.0,0.0,5.4,6.346,6.346,21.152,1.0,2.0,-1.0,0.0,0.0,-1.432,1.0,0.3,0.0,1.455,0.0,0.39,MARUTI,2023-03-13 00:00:00,8518.400390625,0
6.0,0.0,12.0,11.476,11.476,4.917,1.0,1.0,-1.0,0.0,0.0,-2.982,0.0,2.334,0.0,1.068,0.0,0.662,MARUTI,2023-03-20 00:00:00,8219.599609375,0
6.0,0.0,12.0,10.924,10.924,6.271,1.0,1.0,-1.0,0.0,0.0,-1.389,0.0,1.742,0.0,0.902,0.0,0.638,MARUTI,2023-03-27 00:00:00,8278.349609375,0
10.0,0.0,2.0,5.354,5.354,17.846,1.0,2.0,1.0,0.0,0.0,-0.885,1.0,0.3,0.0,1.531,0.0,0.327,MARUTI,2023-04-05 00:00:00,8447.0498046875,0
10.0,0.0,3.0,6.915,6.915,23.051,2.0,2.0,1.0,0.0,0.0,-1.021,1.0,0.3,0.0,1.055,0.0,0.425,MARUTI,2023-04-13 00:00:00,8670.7998046875,0
10.0,0.0,4.0,8.585,8.585,28.617,1.0,2.0,1.0,0.0,0.0,-1.529,0.0,0.3,0.0,0.959,0.0,0.566,MARUTI,2023-04-21 00:00:00,8558.4501953125,0
10.0,0.0,5.0,8.585,8.585,28.617,1.0,2.0,1.0,0.0,0.0,-3.469,1.0,0.3,0.0,1.212,0.0,0.572,MARUTI,2023-04-28 00:00:00,8589.5498046875,1
5.0,0.0,12.0,9.588,9.588,5.408,2.0,2.0,1.0,0.0,0.0,-0.438,0.0,1.773,0.0,2.316,0.0,0.646,MARUTI,2023-05-08 00:00:00,9076.25,1
5.0,0.0,12.0,12.907,12.907,19.12,2.0,2.0,1.0,0.0,0.0,-0.369,0.0,0.675,0.0,0.948,0.0,0.912,MARUTI,2023-05-15 00:00:00,9207.2998046875,0
5.0,0.0,12.0,13.176,13.176,8.252,3.0,2.0,1.0,0.0,0.0,-2.399,0.0,1.597,0.0,1.261,0.0,0.899,MARUTI,2023-05-22 00:00:00,9156.650390625,0
5.0,0.0,12.0,13.67,13.67,14.487,1.0,2.0,1.0,1.0,1.0,-0.16,1.0,0.944,0.0,0.806,0.0,0.978,MARUTI,2023-05-29 00:00:00,9333.5,0
5.0,0.0,12.0,14.708,14.708,8.081,2.0,2.0,1.0,1.0,1.0,-0.418,1.0,1.82,0.0,0.985,0.0,1.0,MARUTI,2023-06-05 00:00:00,9582.099609375,0
5.0,0.0,12.0,17.346,17.346,57.819,3.0,2.0,1.0,1.0,1.0,-1.757,0.0,0.3,0.0,0.359,0.0,1.0,MARUTI,2023-06-12 00:00:00,9550.4501953125,0
5.0,0.0,12.0,17.389,17.389,32.302,3.0,2.0,1.0,1.0,1.0,-2.003,0.0,0.538,0.0,1.507,0.0,1.0,MARUTI,2023-06-19 00:00:00,9532.0,0
6.0,0.0,12.0,20.052,20.052,1.445,3.0,1.0,-1.0,1.0,0.0,-14.586,0.0,13.875,0.0,0.682,0.0,1.0,MARUTI,2023-06-26 00:00:00,9470.2001953125,0
6.0,0.0,12.0,17.478,17.478,1.103,1.0,2.0,-1.0,1.0,0.0,-15.47,0.0,15.849,0.0,0.869,0.0,1.0,MARUTI,2023-07-04 00:00:00,9647.400390625,0
6.0,0.0,12.0,18.648,18.648,1.281,2.0,3.0,-1.0,1.0,0.0,-15.633,0.0,14.561,0.0,0.578,0.0,1.0,MARUTI,2023-07-11 00:00:00,9900.150390625,0
6.0,0.0,12.0,18.893,18.893,1.418,2.0,3.0,-1.0,1.0,0.0,-15.078,0.0,13.327,0.0,0.923,0.0,1.0,MARUTI,2023-07-18 00:00:00,9665.650390625,0
6.0,0.0,12.0,17.485,17.485,1.226,2.0,1.0,-1.0,0.0,0.0,-13.587,0.0,14.267,0.0,0.783,0.0,1.0,MARUTI,2023-07-25 00:00:00,9758.599609375,0
0.0,0.0,7.6,7.646,7.646,3.699,2.0,2.0,-1.0,1.0,0.0,-5.599,0.0,2.067,0.0,1.398,0.0,0.459,MARUTI,2023-08-01 00:00:00,9716.75,0
0.0,0.0,8.6,7.59,7.59,25.301,2.0,2.0,-1.0,0.0,0.0,-2.406,0.0,0.3,0.0,0.792,0.0,0.448,MARUTI,2023-08-08 00:00:00,9542.5498046875,0
0.0,0.0,9.6,7.966,7.966,26.554,2.0,2.0,-1.0,0.0,0.0,-0.689,0.0,0.3,0.0,0.732,0.0,0.486,MARUTI,2023-08-16 00:00:00,9419.5498046875,0
0.0,0.0,10.6,7.947,7.947,26.491,2.0,3.0,-1.0,0.0,0.0,-2.569,0.0,0.3,0.0,0.961,0.0,0.5,MARUTI,2023-08-23 00:00:00,9600.9501953125,0
0.0,0.0,11.6,7.891,7.891,26.302,2.0,3.0,-1.0,0.0,0.0,-3.967,0.0,0.3,0.0,0.709,0.0,0.5,MARUTI,2023-08-30 00:00:00,9796.400390625,0
0.0,0.0,12.6,12.149,12.149,2.879,1.0,3.0,-1.0,1.0,0.0,-10.892,0.0,4.22,0.0,1.044,0.0,0.737,MARUTI,2023-09-06 00:00:00,10178.849609375,0
5.0,0.0,12.0,13.236,13.236,44.12,2.0,3.0,1.0,1.0,1.0,-2.606,0.0,0.3,0.0,1.074,0.0,0.816,MARUTI,2023-09-21 00:00:00,10284.2998046875,0
5.0,0.0,12.0,13.724,13.724,9.412,2.0,2.0,1.0,1.0,1.0,-0.366,0.0,1.458,0.0,0.881,0.0,0.876,MARUTI,2023-09-28 00:00:00,10565.349609375,0
5.0,0.0,12.0,14.357,14.357,14.492,5.0,2.0,1.0,0.0,0.0,-4.756,0.0,0.991,0.0,0.724,0.0,0.865,MARUTI,2023-10-06 00:00:00,10302.0498046875,0
5.0,0.0,12.0,13.854,13.854,9.122,5.0,2.0,1.0,1.0,1.0,-1.298,1.0,1.519,0.0,1.125,0.0,0.888,MARUTI,2023-10-13 00:00:00,10727.5498046875,0
5.0,0.0,12.0,14.452,14.452,21.711,4.0,2.0,1.0,1.0,1.0,-0.362,0.0,0.666,0.0,0.565,0.0,0.943,MARUTI,2023-10-20 00:00:00,10725.650390625,0
6.0,0.0,12.0,16.372,16.372,1.41,6.0,2.0,-1.0,1.0,0.0,-14.119,0.0,11.611,0.0,2.149,0.0,0.941,MARUTI,2023-10-30 00:00:00,10397.7001953125,0
6.0,0.0,12.0,16.671,16.671,1.923,6.0,2.0,-1.0,1.0,0.0,-11.045,0.0,8.671,0.0,1.008,0.0,0.926,MARUTI,2023-11-06 00:00:00,10284.849609375,0
6.0,0.0,12.0,16.889,16.889,1.596,6.0,1.0,-1.0,1.0,0.0,-12.261,0.0,10.583,0.0,0.41,0.0,0.939,MARUTI,2023-11-13 00:00:00,10398.400390625,0
6.0,0.0,12.0,14.571,14.571,1.41,6.0,2.0,-1.0,0.0,0.0,-11.86,0.0,10.336,0.0,0.468,0.0,0.832,MARUTI,2023-11-21 00:00:00,10535.150390625,0
0.0,0.0,8.6,7.347,7.347,2.701,6.0,2.0,-1.0,0.0,0.0,-4.436,0.0,2.72,0.0,0.617,0.0,0.477,MARUTI,2023-11-29 00:00:00,10599.25,0
0.0,0.0,9.6,7.328,7.328,1.616,6.0,2.0,-1.0,0.0,0.0,-6.263,0.0,4.534,0.0,1.298,0.0,0.47,MARUTI,2023-12-06 00:00:00,10625.75,1
20.0,1.0,9.4,8.272,8.272,1.936,1.0,2.0,-1.0,0.0,0.0,-2.462,0.0,4.273,0.0,2.381,0.0,0.523,MARUTI,2023-12-13 00:00:00,10380.0498046875,0
20.0,1.0,10.4,10.799,10.799,5.842,1.0,1.0,-1.0,0.0,0.0,-4.078,0.0,1.849,0.0,1.208,0.0,0.646,MARUTI,2023-12-20 00:00:00,10081.25,0
0.0,0.0,6.0,11.725,11.725,1.331,1.0,1.0,-1.0,0.0,0.0,-2.492,0.0,8.809,0.0,0.875,0.0,0.594,MARUTI,2024-01-04 00:00:00,10015.2998046875,0
0.0,0.0,7.0,11.964,11.964,1.288,1.0,1.0,-1.0,0.0,0.0,-1.806,0.0,9.291,0.0,0.803,0.0,0.615,MARUTI,2024-01-11 00:00:00,10011.099609375,0
0.0,0.0,8.0,12.213,12.213,0.955,1.0,1.0,-1.0,0.0,0.0,-2.228,0.0,12.794,0.0,0.997,0.0,0.629,MARUTI,2024-01-18 00:00:00,9924.5,0
6.0,0.0,12.0,12.096,12.096,10.061,1.0,2.0,-1.0,0.0,0.0,-1.472,0.0,1.202,0.0,1.261,0.0,0.709,MARUTI,2024-01-29 00:00:00,9991.400390625,0
12.0,0.0,6.6,9.368,9.368,31.226,2.0,2.0,1.0,0.0,0.0,-0.524,0.0,0.3,0.0,1.174,0.0,0.508,MARUTI,2024-02-05 00:00:00,10428.5498046875,1
12.0,0.0,7.6,11.887,11.887,39.623,2.0,2.0,1.0,0.0,0.0,-2.193,0.0,0.3,0.0,0.948,0.0,0.61,MARUTI,2024-02-12 00:00:00,10709.7001953125,0
5.0,0.0,12.0,15.31,15.31,6.17,1.0,2.0,1.0,0.0,0.0,-0.868,0.0,2.481,0.0,1.156,0.0,0.889,MARUTI,2024-02-19 00:00:00,11483.349609375,0
5.0,0.0,12.0,17.185,17.185,32.821,2.0,2.0,1.0,1.0,1.0,-1.573,1.0,0.524,0.0,0.752,0.0,0.961,MARUTI,2024-02-26 00:00:00,11467.0,0
5.0,0.0,12.0,17.058,17.058,6.082,3.0,2.0,1.0,1.0,1.0,-0.845,0.0,2.805,0.0,0.784,0.0,0.935,MARUTI,2024-03-04 00:00:00,11594.150390625,0
5.0,0.0,12.0,17.484,17.484,43.788,6.0,2.0,1.0,1.0,1.0,-2.851,0.0,0.399,0.0,0.875,0.0,0.957,MARUTI,2024-03-12 00:00:00,11509.900390625,0
9.0,0.0,3.2,5.396,5.396,1.121,5.0,2.0,-1.0,1.0,0.0,-4.554,0.0,4.815,0.0,0.669,0.0,0.272,MARUTI,2024-03-19 00:00:00,11597.0498046875,0
5.0,0.0,12.0,21.955,21.955,24.597,1.0,2.0,1.0,1.0,1.0,-1.422,0.0,0.893,0.0,0.865,0.0,1.0,MARUTI,2024-03-27 00:00:00,12510.349609375,0
5.0,0.0,12.0,24.052,24.052,80.173,3.0,2.0,1.0,1.0,1.0,-2.349,0.0,0.3,0.0,0.468,0.0,1.0,MARUTI,2024-04-04 00:00:00,12567.25,0
5.0,0.0,12.0,25.61,25.61,39.683,3.0,2.0,1.0,1.0,1.0,-2.333,0.0,0.645,0.0,0.824,0.0,1.0,MARUTI,2024-04-12 00:00:00,12266.5498046875,0
6.0,0.0,12.0,32.728,32.728,1.146,3.0,2.0,-1.0,1.0,0.0,-30.534,0.0,28.565,0.0,1.121,0.0,1.0,MARUTI,2024-04-22 00:00:00,12785.5,0
6.0,0.0,12.0,32.017,32.017,1.048,3.0,2.0,-1.0,1.0,0.0,-28.641,0.0,30.562,0.0,1.271,0.0,1.0,MARUTI,2024-04-29 00:00:00,12689.849609375,0
6.0,0.0,12.0,25.641,25.641,1.206,3.0,1.0,-1.0,1.0,0.0,-19.609,0.0,21.267,0.0,0.644,0.0,0.99,MARUTI,2024-05-07 00:00:00,12364.0498046875,0
1.0,0.0,5.0,7.891,7.891,1.458,3.0,1.0,1.0,1.0,1.0,-3.06,0.0,5.413,0.0,0.525,0.0,0.337,MARUTI,2024-05-14 00:00:00,12814.2001953125,0
1.0,0.0,6.0,7.862,7.862,1.303,3.0,1.0,1.0,1.0,1.0,-4.594,0.0,6.033,0.0,0.824,0.0,0.339,MARUTI,2024-05-22 00:00:00,12531.349609375,0
6.0,0.0,12.0,16.957,16.957,1.28,5.0,2.0,-1.0,1.0,0.0,-15.177,0.0,13.246,0.0,0.63,0.0,0.701,MARUTI,2024-05-29 00:00:00,12788.650390625,0
10.0,0.0,4.0,11.63,11.63,1.142,2.0,1.0,1.0,1.0,1.0,-6.758,0.0,10.184,0.0,1.585,0.0,0.48,MARUTI,2024-06-05 00:00:00,12502.599609375,0
6.0,0.0,12.0,15.694,15.694,1.263,5.0,3.0,-1.0,0.0,0.0,-14.165,0.0,12.421,0.0,0.663,0.0,0.597,MARUTI,2024-06-12 00:00:00,12849.349609375,0
9.0,0.0,3.4,12.949,12.949,1.408,1.0,1.0,-1.0,0.0,0.0,-5.887,0.0,9.199,0.0,1.421,0.0,0.476,MARUTI,2024-06-20 00:00:00,12149.5,0
9.0,0.0,4.4,12.949,12.949,1.964,1.0,1.0,-1.0,0.0,0.0,-5.508,0.0,6.594,0.0,0.838,0.0,0.509,MARUTI,2024-06-27 00:00:00,12178.75,0
9.0,0.0,5.4,12.949,12.949,2.544,1.0,1.0,-1.0,0.0,0.0,-4.863,0.0,5.091,0.0,0.768,0.0,0.54,MARUTI,2024-07-04 00:00:00,12089.599609375,0
1.0,0.0,7.6,13.601,13.601,34.988,1.0,1.0,1.0,0.0,0.0,-3.964,0.0,0.389,0.0,3.065,0.0,0.59,MARUTI,2024-07-11 00:00:00,12715.2001953125,0
1.0,0.0,8.6,13.649,13.649,6.327,1.0,1.0,1.0,0.0,0.0,-4.932,0.0,2.157,0.0,0.593,0.0,0.611,MARUTI,2024-07-19 00:00:00,12524.2998046875,0
1.0,0.0,9.6,13.697,13.697,5.696,1.0,1.0,1.0,0.0,0.0,-5.946,0.0,2.404,0.0,0.635,0.0,0.621,MARUTI,2024-07-26 00:00:00,12663.7001953125,0
8.0,0.0,1.0,10.571,10.571,1.258,1.0,1.0,-1.0,0.0,0.0,-11.642,0.0,8.399,0.0,1.71,0.0,0.364,MARUTI,2024-08-02 00:00:00,12726.400390625,1
8.0,0.0,1.0,10.571,10.571,35.235,1.0,1.0,-1.0,0.0,0.0,-2.113,0.0,0.3,0.0,0.301,0.0,0.364,MARUTI,2024-08-09 00:00:00,12224.2001953125,0
17.0,1.0,5.0,13.626,13.626,3.728,1.0,1.0,-1.0,0.0,0.0,-3.121,0.0,3.655,0.0,3.509,0.0,0.646,MARUTI,2024-09-02 00:00:00,12427.400390625,0
13.0,1.0,9.2,14.381,14.381,4.988,1.0,2.0,-1.0,0.0,0.0,-1.891,0.0,2.883,0.0,1.155,0.0,0.702,MARUTI,2024-09-09 00:00:00,12145.75,0
10.0,0.0,5.8,4.315,4.315,1.944,5.0,1.0,1.0,0.0,0.0,-2.02,0.0,2.219,0.0,0.684,0.0,0.275,MARUTI,2024-09-16 00:00:00,12289.0,1
10.0,0.0,6.8,5.39,5.39,3.227,1.0,1.0,1.0,0.0,0.0,-0.713,0.0,1.67,0.0,1.694,0.0,0.345,MARUTI,2024-09-23 00:00:00,12683.099609375,1
10.0,0.0,7.8,12.045,12.045,40.149,1.0,1.0,1.0,0.0,0.0,-0.34,0.0,0.3,0.0,1.614,0.0,0.733,MARUTI,2024-09-30 00:00:00,13238.0,0
